Date,Open,High,Low,Close,Volume
2018-01-02,39.74190661487655,40.24171652360329,39.531703987751335,40.23237228393555,102223600
2018-01-03,40.29543222534164,40.76721652854548,40.16230710620868,40.225364685058594,118071600
2018-01-04,40.29777620574446,40.51498527654076,40.19034237338912,40.4122200012207,89738400
2018-01-05,40.50797131518301,40.958732886034994,40.4168845770232,40.872318267822266,94640000
2018-01-08,40.720516204833984,41.014795671065556,40.622419485639426,40.720516204833984,82271200
2018-01-09,40.767222018194126,40.886334358066584,40.500968180291736,40.71583938598633,86336000
2018-01-10,40.44258497322732,40.70883884947029,40.405215132825184,40.70650100708008,95839600
2018-01-11,40.77655934108537,40.986761972950376,40.75320586895592,40.937713623046875,74670800
2018-01-12,41.14790623861987,41.42350425128343,41.02412180801642,41.360443115234375,101672400
2018-01-16,41.549628413105026,41.897628282123996,41.13857096354328,41.15024948120117,118263600
2018-01-17,41.140920497326974,41.86494609519848,40.88868295405535,41.82991409301758,137547200
2018-01-18,41.89295892367008,42.06345745239051,41.63137721705079,41.86726760864258,124773600
2018-01-19,41.71545954443522,41.942009270329734,41.43519290775877,41.68042755126953,129700400
2018-01-22,41.40950313011101,41.52160907619025,41.246014549623844,41.33943557739258,108434400
2018-01-23,41.4094970080787,41.909306916694824,41.29739107857335,41.34877014160156,130756400
2018-01-24,41.39782603750043,41.40950455731997,40.45192295265972,40.69015121459961,204420400
2018-01-25,40.757876446304344,40.86064170736339,39.82832410416899,39.96378707885742,166116000
2018-01-26,40.171656622698116,40.171656622698116,39.71855713477156,40.057212829589844,156572000
2018-01-29,39.741899547890576,39.741899547890576,39.02021218646074,39.22807693481445,202561600
2018-01-30,38.66054672904738,39.09028916200144,38.4666947094055,38.99686813354492,184192800
2018-01-31,38.973506787042304,39.34019158896355,38.8870921670817,39.10429763793945,129915600
2018-02-01,39.04358102152163,39.38223672499564,38.947822145072344,39.18605041503906,188923200
2018-02-02,38.770318479924185,38.95716410101793,37.392338706452456,37.48575973510742,346375200
2018-02-05,37.158779760529875,38.275177718301975,36.43475436997214,36.549198150634766,290954000
2018-02-06,36.16148950479251,38.23780298295915,35.96763752424812,38.0766487121582,272975200
2018-02-07,38.09066824510716,38.163070074933216,37.151775171913954,37.26154327392578,206434400
2018-02-08,37.436719025694984,37.602545483781824,36.208214785398454,36.23624038696289,217562000
2018-02-09,36.834242677970956,37.02653773955902,35.23254959078114,36.679466247558594,282690400
2018-02-12,37.16957849038807,38.43357852431035,36.93741390436866,38.1568603515625,243278000
2018-02-13,37.9786258442686,38.63524992743858,37.90827262494443,38.539100646972656,130196800
2018-02-14,38.2342537944255,39.28954175541653,38.19673516422059,39.24967575073242,162579600
2018-02-15,39.81717816518889,40.59105657176893,39.63191811060933,40.56760787963867,204588800
2018-02-16,40.41986557057159,40.99675777482494,40.28150648157054,40.436279296875,160704400
2018-02-20,40.34715576848364,40.865417133804456,40.19941438696158,40.300254821777344,135722000
2018-02-21,40.530073443596514,40.83258760245082,40.10326658288389,40.117340087890625,149886400
2018-02-22,40.288534996190876,40.792726514243476,40.26743010361679,40.45269012451172,123967600
2018-02-23,40.72706495529602,41.19139048910668,40.696577724555915,41.15621566772461,135249600
2018-02-26,41.35554853334056,42.068452335634156,41.32271750780691,41.9699592590332,152648800
2018-02-27,42.00044490832769,42.32406398260265,41.780006497336466,41.83394241333008,155712400
2018-02-28,42.03796544341421,42.35689694186854,41.75421234437313,41.770626068115234,151128400
2018-03-01,41.869121344243176,42.15991300108843,40.490214610015975,41.038963317871094,195208000
2018-03-02,40.52304520982578,41.34382446752006,40.44096585273092,41.32271957397461,153816000
2018-03-05,41.08821589148542,41.68152182188647,40.92640453259168,41.46577453613281,113605600
2018-03-06,41.7213870796777,41.80111907072272,41.30396244619029,41.43059539794922,95154000
2018-03-07,41.024892726201514,41.23829619080357,40.86777255571941,41.045997619628906,126814000
2018-03-08,41.15152794699737,41.53612153235945,41.05538223439218,41.49391174316406,95096400
2018-03-09,41.73312081505599,42.2115164267676,41.59944929544689,42.206825256347656,128740800
2018-03-12,42.27951928008762,42.77198836793643,42.26076175637478,42.6148681640625,128828400
2018-03-13,42.818874631326786,43.03227806800687,42.033273881705256,42.204463958740234,126774000
2018-03-14,42.286557181971446,42.33345814716971,41.69793879704333,41.845680236816406,117473600
2018-03-15,41.85973790071512,42.26778369281401,41.758901034006826,41.89491271972656,90975200
2018-03-16,41.894922606443686,42.005141836440984,41.653379250061725,41.74718475341797,157618800
2018-03-19,41.58302568659741,41.61820051060324,40.72472419771771,41.109317779541016,133787200
2018-03-20,41.09524917602539,41.46108167074591,41.02489594742979,41.09524917602539,78597600
2018-03-21,41.04834339622222,41.06006953035237,40.16190204635174,40.164249420166016,148219600
2018-03-22,39.866420083077934,40.494900752679506,39.538109819601516,39.596736907958984,165963200
2018-03-23,39.48886269872853,39.847660204185324,38.6798095703125,38.6798095703125,164115200
2018-03-26,39.41381799919569,40.593394650495185,39.03156826403004,40.51600646972656,150164800
2018-03-27,40.729408432396,41.07413599250078,39.14413327762529,39.477134704589844,163690400
2018-03-28,39.22153087897611,39.87112016511795,38.73844413544846,39.040958404541016,166674000
2018-03-29,39.35285253138467,40.276816164694516,39.13944903672395,39.34581756591797,153594000
2018-04-02,39.078466090341244,39.617835939087065,38.569583468090705,39.08784484863281,150347200
2018-04-03,39.31298741613807,39.57329187918707,38.66574553048491,39.488868713378906,121112000
2018-04-04,38.665740123117175,40.337782321799516,38.63994405999684,40.243980407714844,138422000
2018-04-05,40.47144865181492,40.858385971022656,40.35419448498673,40.523040771484375,107732800
2018-04-06,40.09389078098584,40.447997082703736,39.44430168365907,39.486515045166016,140021200
2018-04-09,39.83828113365013,40.59105096146025,39.83124616915198,39.87814712524414,116070800
2018-04-10,40.56995108908561,40.80445947688379,40.225223472757165,40.628578186035156,113634400
2018-04-11,40.389384621884204,40.785704428602784,40.26509544417317,40.43863296508789,89726400
2018-04-12,40.666090195176274,41.0389575795323,40.579319680183765,40.8372802734375,91557200
2018-04-13,40.98737310695765,41.23595140956656,40.7692820378696,40.97564697265625,100497200
2018-04-16,41.046002393482574,41.318032979230495,40.999101432084586,41.231266021728516,86313600
2018-04-17,41.38838127915609,41.962926039032276,41.36962018116944,41.798770904541016,106421600
2018-04-18,41.69793253397193,41.93478827686572,41.479841468316096,41.7049674987793,83018000
2018-04-19,40.748166767939104,41.13041649685922,40.490209747905006,40.523040771484375,139235200
2018-04-20,40.00711835073657,40.15251235509052,38.794707262352645,38.86271667480469,261964400
2018-04-23,39.123031478455985,39.14413637278911,38.48047726168653,38.75016403198242,146062000
2018-04-24,38.85099935886724,39.00577573441421,37.80743787824953,38.210792541503906,134768000
2018-04-25,38.135749302540106,38.792373442463585,38.08650454957621,38.37729263305664,113528400
2018-04-26,38.487503547700406,38.865062078325884,38.31162231129064,38.510955810546875,111852000
2018-04-27,38.459371501862606,38.5367596909896,37.669079464232254,38.065399169921875,142623200
2018-04-30,38.020851008210734,39.22387676096786,37.95284156304016,38.754859924316406,169709600
2018-05-01,39.02453317715288,39.678809862224035,38.75719381639185,39.65536117553711,214277600
2018-05-02,41.09291007602837,41.68387230557986,40.757564747785445,41.40715408325195,266157600
2018-05-03,41.24533319861876,41.6252356123869,40.90764057379652,41.48218536376953,136272800
2018-05-04,41.80111176023241,43.20816180545762,41.78235066356514,43.10966873168945,224805200
2018-05-07,43.426265045362086,44.01019226637602,43.32542814804816,43.42157745361328,169805600
2018-05-08,43.38170505375531,43.67014934958215,43.072152284915745,43.63028335571289,113611200
2018-05-09,43.74754114603787,43.946871131806425,43.43564455597334,43.93749237060547,92844800
2018-05-10,44.026601189625815,44.643355748706455,44.00549271751808,44.56596755981445,111957200
2018-05-11,44.60834648133808,44.74252983037608,44.12810264072007,44.3964729309082,104848800
2018-05-14,44.49534749608727,44.61776309036825,44.22462436223415,44.29289245605469,83115200
2018-05-15,43.97036305701652,44.038634719363614,43.574871631970964,43.890323638916016,94780800
2018-05-16,43.80322864340894,44.36586467071861,43.78674803552611,44.29994583129883,76732400
2018-05-17,44.2575751900698,44.47180154910727,43.8714986140111,44.01980972290039,69176000
2018-05-18,44.06689787877009,44.212852583391616,43.81736102553501,43.85973358154297,73190800
2018-05-21,44.25758035606822,44.556555441924544,44.00098141717452,44.17047882080078,73603200
2018-05-22,44.347044933215415,44.46475128151072,43.97038318182537,44.05984115600586,60962800
2018-05-23,43.869148982230094,44.375284745399135,43.730252788035145,44.34232711791992,80233600
2018-05-24,44.4388507541978,44.455327773211465,43.83619489329493,44.29289245605469,92936000
2018-05-25,44.31172339594766,44.64600893764281,44.17518362391239,44.39411926269531,69844000
2018-05-29,44.16341076203586,44.43413384930617,43.99155695605987,44.234031677246094,90056400
2018-05-30,44.191656938573345,44.25757218424479,43.97036850291428,44.13986587524414,74762000
2018-05-31,44.07395775611649,44.311723245583195,43.81971165651136,43.99156188964844,109931200
2018-06-01,44.255222240202905,44.78960633163015,44.19872191503412,44.7849006652832,93770000
2018-06-04,45.1144812257264,45.53351546579196,45.0462131360557,45.159210205078125,105064800
2018-06-05,45.451121214441805,45.65592906665708,45.28397665552099,45.50761795043945,86264000
2018-06-06,45.58295196713627,45.6888869398152,45.18039476042203,45.66534423828125,83734400
2018-06-07,45.703013301022914,45.717137485771346,45.279269798009615,45.54293441772461,85388800
2018-06-08,45.003840274270324,45.19923322394816,44.6742639688573,45.12860870361328,106627200
2018-06-11,45.046223006348434,45.1921777354879,44.77785266354623,45.01797103881836,73234000
2018-06-12,45.05562723197043,45.34283095420171,44.99912690244376,45.26514434814453,67644400
2018-06-13,45.298106191637146,45.406397601947454,44.83199010402392,44.89319610595703,86553600
2018-06-14,45.09329226949185,45.098001528120655,44.78019302474528,44.91673278808594,86440400
2018-06-15,44.73546772189716,44.766072517330024,44.31878630576844,44.455326080322266,246876800
2018-06-18,44.22933435480383,44.544786475958205,44.06925186853399,44.43178939819336,73939600
2018-06-19,43.58429795860175,43.86443958736214,43.18645000462183,43.713775634765625,134314000
2018-06-20,43.869142821715926,44.069241391842866,43.723184555851674,43.90445327758789,82514800
2018-06-21,44.08102842165333,44.33998383053485,43.537225655114895,43.65964126586914,102847600
2018-06-22,43.81500332493383,43.82206541739633,43.48071777729794,43.532508850097656,108801600
2018-06-25,43.17468845592623,43.53251677162518,42.546136967603,42.8851318359375,126652400
2018-06-26,43.07816878309416,43.91152811252894,42.972230200510374,43.41716003417969,98276800
2018-06-27,43.60548540849269,44.0880820733022,43.32299093878607,43.35359573364258,101141200
2018-06-28,43.339475808988986,43.836196707291755,43.268851286592344,43.66905212402344,69460800
2018-06-29,43.855021380811685,44.06689492297677,43.05932905932024,43.57723617553711,90950800
2018-07-02,43.27355401169523,44.092789008299924,43.179386798681435,44.064537048339844,70925200
2018-07-03,44.208145997523516,44.245812888772036,43.207642098451544,43.29710006713867,55819200
2018-07-05,43.6125501822098,43.88327690941216,43.381846770178385,43.6455078125,66416800
2018-07-06,43.650215786400146,44.35880661283061,43.59842471288167,44.250518798828125,69940800
2018-07-09,44.61069456513132,44.88847975166625,44.56361275630815,44.86494064331055,79026400
2018-07-10,44.89555116325542,45.0297345151261,44.7707791453936,44.8108024597168,63756400
2018-07-11,44.375286670796754,44.67661458999871,44.16576954584989,44.229331970214844,75326000
2018-07-12,44.61774826902489,45.06032509140721,44.56595721142223,44.97086715698242,72164400
2018-07-13,44.98263550339518,45.161547768195184,44.940259371770196,45.04148864746094,50055600
2018-07-16,45.086228803977875,45.35224263855551,44.82727346896064,44.942626953125,60172400
2018-07-17,44.66955850910829,45.168632268930324,44.54008080949994,45.069759368896484,62138000
2018-07-18,45.14743759156633,45.152146850343286,44.71192275355339,44.822566986083984,65573600
2018-07-19,44.65542428942272,45.32870458400602,44.65542428942272,45.17097854614258,81147200
2018-07-20,45.147426045376015,45.30044279143015,44.76841163328131,45.067386627197266,82704800
2018-07-23,44.888478631479195,45.189810103073654,44.62481763495967,45.10741424560547,63957600
2018-07-24,45.30516130817569,45.59001217970089,45.21099769014568,45.43463897705078,74791600
2018-07-25,45.448769545919404,45.870160237270106,45.30045841417882,45.86309814453125,66839600
2018-07-26,45.813653669717006,46.13146216817286,45.578241031486534,45.71949005126953,76304000
2018-07-27,45.903113461401674,45.95019527251233,44.751945758003224,44.9591064453125,96096000
2018-07-30,45.17569090930291,45.24631543024671,44.50947619991051,44.70722198486328,84118000
2018-07-31,44.799017801867656,45.232176117026036,44.57302012885263,44.796661376953125,157492000
2018-08-01,46.877726800083444,47.496859688442385,46.449274010313836,47.43565368652344,271742800
2018-08-02,47.21906796740019,49.05528728580015,47.16492406575627,48.822227478027344,249616000
2018-08-03,48.73748036513408,49.140037574875436,48.37259004128553,48.963478088378906,133789600
2018-08-06,48.96581920433888,49.26008494474957,48.74688721768665,49.21771240234375,101701600
2018-08-07,49.27658070828396,49.318953263723905,48.67392126916684,48.756317138671875,102349600
2018-08-08,48.50677784332198,48.9211028192217,48.14659677179215,48.78927230834961,90102000
2018-08-09,49.32600948331823,49.384862642496735,48.77749760872117,49.17299270629883,93970400
2018-08-10,48.98637876656086,49.39743474598381,48.823373747053296,49.02653884887695,98444800
2018-08-13,49.44702018990593,49.83445071820011,49.06667651968287,49.343074798583984,103563600
2018-08-14,49.647830530631445,49.74232438693092,49.19897570143508,49.55097198486328,82992000
2018-08-15,49.42576875498392,49.78485191739147,49.21551684900846,49.66673278808594,115230400
2018-08-16,50.023456126869974,50.51010641019358,49.95730969640134,50.394351959228516,114001600
2018-08-17,50.422703707891095,51.488137151206544,50.35655727177056,51.40073013305664,141708000
2018-08-20,51.523575131826234,51.77870932595863,50.817221310825,50.899906158447266,121150800
2018-08-21,51.216456087953674,51.308588866242836,50.5620750907815,50.80067443847656,104639200
2018-08-22,50.57861771807685,51.11251493875671,50.51719345762094,50.803043365478516,76072400
2018-08-23,50.708547149487345,51.27552120432041,50.696738118838695,50.90699005126953,75532800
2018-08-24,51.16921107177788,51.24007966949176,50.81721474938912,51.06526565551758,73905600
2018-08-27,51.29913331813298,51.67475486622444,51.10541983221715,51.48576354980469,82100400
2018-08-28,51.738545300195106,52.09998958647139,51.717284719757714,51.90155029296875,91107200
2018-08-29,52.007844611110635,52.79688303461885,51.83303062887083,52.67639923095703,109019200
2018-08-30,52.740197886722456,53.923750413942706,52.53939389969296,53.160701751708984,195175200
2018-08-31,53.510332089543624,54.06785458062129,53.389851863123376,53.77492141723633,173360400
2018-09-04,53.95918507117456,54.14108594690396,53.53868123150636,53.94737243652344,109560400
2018-09-05,54.09621034438831,54.25685066029417,53.177243489180974,53.59538269042969,133332000
2018-09-06,53.444169394588656,53.70875864176116,52.279516746158,52.70474624633789,137160000
2018-09-07,52.40945751605054,53.241013565604675,52.140146053637395,52.27952575683594,150479200
2018-09-10,52.19683916241394,52.40945574431646,51.13849284121695,51.57789611816406,158066000
2018-09-11,51.50229724795152,52.988237791666194,51.159752521935985,52.88193130493164,142996000
2018-09-12,53.13944944749156,53.1536231702499,51.934632547081584,52.2252082824707,197114800
2018-09-13,52.80398111284486,53.94501243257914,52.579555468815734,53.48670959472656,166825600
2018-09-14,53.33078209117536,53.58828090480204,52.56773359371882,52.87956619262695,127997200
2018-09-17,52.480322809477535,52.66931411966583,51.327482666276865,51.471588134765625,148780400
2018-09-18,51.45033432804287,52.40946478981779,51.292055110199634,51.556644439697266,126286800
2018-09-19,51.61806488301106,51.88265060670735,50.86210309765727,51.58735275268555,108495200
2018-09-20,52.02911143351757,52.51103585851095,51.7716090115553,51.97949981689453,106435200
2018-09-21,52.15667886190373,52.29369747504303,51.33220609833967,51.41961669921875,384986800
2018-09-24,51.221187301371494,52.27008227145814,51.176301449926825,52.15904998779297,110773600
2018-09-25,51.91335848542905,52.63861168577063,51.901545851293584,52.48978042602539,98217600
2018-09-26,52.208650996905945,52.85830615636971,51.91571428185233,52.071632385253906,95938800
2018-09-27,52.87485312376238,53.493796258750265,52.80870308957469,53.14179992675781,120724800
2018-09-28,53.10400092790325,53.35205184075627,52.92210004922642,53.32843017578125,91717600
2018-10-01,53.85050495893871,54.19777545284046,53.47252594568271,53.6875,94403200
2018-10-02,53.68515137317123,54.33480667031632,53.53868478695852,54.16471481323242,99152800
2018-10-03,54.346615881992015,55.15455034988667,54.28283053842638,54.82381820678711,114619200
2018-10-04,54.51906948736873,54.88996531394605,53.56230374089691,53.85996627807617,128168000
2018-10-05,53.852883335249984,53.95918984709933,52.10944356396356,52.98588562011719,134322000
2018-10-08,52.494502207825064,53.10635839957943,52.0196610265491,52.863033294677734,118655600
2018-10-09,52.83233398045599,53.68988017453058,52.503962883215074,53.59538269042969,107564000
2018-10-10,53.26228826469698,53.47254020577413,51.03928501490466,51.112518310546875,167962400
2018-10-11,50.67783906976985,51.854304746732204,50.15811555179249,50.66130065917969,212497600
2018-10-12,52.07165051880588,52.652798377178634,51.2259168932186,52.47089385986328,161351600
2018-10-15,52.24646498756588,52.404744221133875,51.32749811495075,51.348758697509766,123164000
2018-10-16,51.71963636717618,52.67876665350511,51.206999816817834,52.480323791503906,116736000
2018-10-17,52.51577231317345,52.59609246622275,51.81650539235959,52.25354766845703,91541600
2018-10-18,51.46687363023819,51.91100276572367,50.31875540497844,51.032196044921875,130325200
2018-10-19,51.514123661211364,52.27008550819319,51.36529237714401,51.80942153930664,132314800
2018-10-22,51.92281149157799,52.76618390607024,51.72201111053948,52.1259765625,115168400
2018-10-23,50.98729773876846,52.740184977111134,50.720347384705434,52.617340087890625,155071200
2018-10-24,52.58663237228469,52.971698242809865,50.68254917676802,50.81248092651367,163702000
2018-10-25,51.4314451294564,52.298439312683776,51.204654761051046,51.9251823425293,119423200
2018-10-26,51.00383780130841,52.017301933671156,50.240789247146296,51.09833526611328,189033600
2018-10-29,51.78106493819332,51.89918406854014,48.68634228122267,50.13920974731445,183742000
2018-10-30,49.88170353497799,50.83374336526925,49.43757808963061,50.389617919921875,146640000
2018-10-31,51.235362739607034,52.07873158104837,51.17393847569283,51.7031135559082,153435600
2018-11-01,51.74798949726561,52.52993752973202,51.21881451840618,52.496864318847656,233292800
2018-11-02,49.50372821693035,50.47230292231517,48.53042413230621,49.014713287353516,365314800
2018-11-05,48.26347537336716,48.284735950815005,46.815333742036444,47.623268127441406,264654800
2018-11-06,47.70122910815629,48.362696958228696,47.64689531758217,48.13827133178711,127531600
2018-11-07,48.65798609657618,49.62419954399411,48.22330864016884,49.59821319580078,133697600
2018-11-08,49.778380246609615,49.81156885025763,49.01266942276052,49.4251594543457,101450400
2018-11-09,48.72819972871447,48.83724645780114,47.94589272105692,48.472171783447266,137463200
2018-11-12,47.1754539935757,47.376958635940824,45.940356345152274,46.03044128417969,204542000
2018-11-13,45.42829078480157,46.74398484568346,45.38561765122714,45.570526123046875,187531600
2018-11-14,45.96641321965682,46.1039098915167,44.07702497311779,44.28327178955078,243204000
2018-11-15,44.660218236508925,45.50890268674513,44.30699369850852,45.37614822387695,185915200
2018-11-16,45.1604162701442,46.22008616964554,44.91387280704754,45.87871551513672,147713200
2018-11-19,45.04187485083766,45.20781787683078,43.854193031994036,44.0604362487793,167701200
2018-11-20,42.28485054583868,43.019745978740524,41.60685143343039,41.9553337097168,271300800
2018-11-21,42.60724693877204,42.7352627289544,41.85338983967159,41.90791320800781,124496800
2018-11-23,41.47172379819083,41.8652485061949,40.79846701261189,40.843505859375,94496000
2018-11-26,41.30577746097213,41.474089835387204,40.362265965846845,41.39585876464844,179994000
2018-11-27,40.65859516114247,41.43142136093944,40.50924821986047,41.30577850341797,165549600
2018-11-28,41.89606149396926,42.97706609276824,41.469348200420384,42.89409637451172,184250000
2018-11-29,43.301847521528224,43.3350361348104,42.126015647425476,42.56458282470703,167080000
2018-11-30,42.74000397877434,42.749488506107106,41.967181396370556,42.33462905883789,158126000
2018-12-03,43.72856495008896,43.842353975262405,42.95811156770217,43.813907623291016,163210000
2018-12-04,42.896466554735234,43.237837196394814,41.787015586628954,41.88658142089844,165377200
2018-12-06,40.717864151099256,41.43379409773715,40.40020118769581,41.41957092285156,172393600
2018-12-07,41.127973766354074,41.36503626254481,39.89761883235829,39.94266128540039,169126400
2018-12-10,39.11532135314505,40.32196888310216,38.71942732261499,40.205810546875,248104000
2018-12-11,40.69416374537951,40.72497942132242,39.589451243722934,39.97586441040039,189126800
2018-12-12,40.395451019026375,40.755787053863365,40.06830720881082,40.08727264404297,142510800
2018-12-13,40.41678260253434,40.90987298384693,40.19394329761279,40.52582931518555,127594400
2018-12-14,40.06357192696252,40.08253736549948,39.181698930074774,39.22911071777344,162814800
2018-12-17,39.22200357230007,39.909487232293245,38.57719305816961,38.86404037475586,177151600
2018-12-18,39.20539906762815,39.715082017295266,38.97070588046719,39.36897277832031,135366000
2018-12-19,39.35238091263852,39.69612086582762,37.714277923367106,38.1409912109375,196189200
2018-12-20,38.02482382326648,38.430202292752995,36.815807235047956,37.17851257324219,259092000
2018-12-21,37.18563569205263,37.493817763282536,35.47167428612858,35.73244094848633,382978400
2018-12-24,35.12082790146262,35.92684303021916,34.75101076991177,34.80790710449219,148676800
2018-12-26,35.15638805632291,37.27335556400609,34.78182867426496,37.259132385253906,234330000
2018-12-27,36.94382990791601,37.16429997821352,35.575981488377714,37.01731872558594,212468400
2018-12-28,37.33735588609049,37.57916072752673,36.63802200723716,37.036285400390625,169165600
2018-12-31,37.58152295661812,37.77828529250411,37.095544041939455,37.39424514770508,140014000
2019-01-02,36.718624618520415,37.65739407159221,36.56216244012711,37.43692398071289,148158800
2019-01-03,34.13226039084803,34.54475047514119,33.66287761719509,33.70792007446289,365248800
2019-01-04,34.262650244247524,35.21564271315385,34.0895955946681,35.14689254760742,234428400
2019-01-07,35.2511922404592,35.282011522303684,34.58741653180372,35.06865310668945,219111200
2019-01-08,35.45507379403959,35.990837462958424,35.2085303378544,35.737178802490234,164101200
2019-01-09,35.865187861824275,36.63327174603661,35.47166681895574,36.34405517578125,180396400
2019-01-10,36.15203830332984,36.50052053570231,35.76325587216913,36.46022033691406,143122800
2019-01-11,36.24212260924212,36.43651201285764,35.917344466671175,36.10225296020508,108092800
2019-01-14,35.760888011805555,35.860453851229586,35.37447488807685,35.559383392333984,129756800
2019-01-15,35.62338698103528,36.36302090848889,35.571232935659744,36.28716278076172,114843600
2019-01-16,36.28953230223316,36.95330810558897,36.27056686587589,36.73046875,122278800
2019-01-17,36.55504931305445,37.3752874359603,36.332209907866066,36.94857406616211,119284800
2019-01-18,37.337336750327616,37.42742164097103,36.97700080503993,37.1761360168457,135004000
2019-01-22,37.07895085520432,37.154808983139375,36.18048184882576,36.3416862487793,121576000
2019-01-23,36.543193727393664,36.77788697397383,35.96239115421121,36.488670349121094,92522400
2019-01-24,36.53370666750917,36.62141864613615,35.97186962856401,36.19944763183594,101766000
2019-01-25,36.85847696932407,37.48669477291411,36.58348721486467,37.39897918701172,134142000
2019-01-28,36.93196370450961,37.05997947471733,36.427023060851354,37.0528678894043,104768400
2019-01-29,37.04102463814137,37.48670340411951,36.53371090938889,36.6688346862793,166348800
2019-01-30,38.70045837079162,39.38793826706386,37.984528510908085,39.174583435058594,244439200
2019-01-31,39.378464472826245,40.06357516979574,39.01101675816641,39.456695556640625,162958400
2019-02-01,39.57995887212942,40.05882254527424,39.33578115515661,39.475650787353516,130672400
2019-02-04,39.68664637395677,40.69416231326555,39.65582708181052,40.59696578979492,125982000
2019-02-05,40.97862902443456,41.504908129697604,40.85772843652332,41.29154968261719,144406400
2019-02-06,41.40297139622457,41.62107211746024,40.97626171566191,41.30577850341797,112958400
2019-02-07,40.869581120682014,41.23465946396211,40.38123285902311,40.52347183227539,126966800
2019-02-08,40.23301855889848,40.630610517833716,40.09731162648508,40.57109069824219,95280000
2019-02-11,40.723455587227264,40.7615491383027,40.29491221963111,40.337764739990234,83973600
2019-02-12,40.497286553447424,40.71155645006401,40.402052662772235,40.685367584228516,89134000
2019-02-13,40.804400566797696,41.06390606505326,40.4544237953591,40.51632308959961,89960800
2019-02-14,40.40443110443633,40.77345103559048,40.325864516022556,40.663936614990234,87342800
2019-02-15,40.77107347735558,40.87820841832707,40.41395458558312,40.57346725463867,98507200
2019-02-19,40.404431905407954,40.81630799877144,40.35205417876045,40.69488525390625,75891200
2019-02-20,40.75679375063616,41.2639037947893,40.70917861976395,40.95677947998047,104457600
2019-02-21,40.902021499244135,41.03772480134233,40.544902575152015,40.7258415222168,68998800
2019-02-22,40.84964246264774,41.18771459739539,40.80202733418214,41.180572509765625,75652800
2019-02-25,41.46388138617128,41.87099485294799,41.41388314724736,41.48054504394531,87493600
2019-02-26,41.35675981411305,41.73530505681617,41.22819494837858,41.50436782836914,68280800
2019-02-27,41.23770671972961,41.66386696049311,41.12342606902132,41.63291549682617,111341600
2019-02-28,41.50199430108666,41.64246024661211,41.16868102927409,41.22343826293945,112861600
2019-03-01,41.49245537237755,41.699583177214194,41.16152532850225,41.65673065185547,103544800
2019-03-04,41.82814408844058,42.3185867630682,41.41864748708526,41.86623764038086,109744800
2019-03-05,41.88765622385319,41.901940395012524,41.55434315466717,41.790042877197266,78949600
2019-03-06,41.58530531623897,41.780532059793444,41.41150846773898,41.54959487915039,83241600
2019-03-07,41.394843447524245,41.5305503815129,40.95439895711522,41.06867599487305,99185600
2019-03-08,40.549662045743496,41.2043800226722,40.35443530524196,41.16628646850586,95997600
2019-03-11,41.78052173701599,42.64474679624628,41.74719079303466,42.592369079589844,128044000
2019-03-12,42.85426604222394,43.48993721924746,42.704274948579794,43.070919036865234,129870400
2019-03-13,43.38994808203721,43.63993204857632,43.07330220879454,43.26138687133789,124130000
2019-03-14,43.7827826161151,43.83040138322581,43.46375722016386,43.7423095703125,94318000
2019-03-15,44.00894040996882,44.599375793179604,43.74467235964139,44.31129837036133,156171600
2019-03-18,44.23512044945754,44.85174476640295,44.23273733223031,44.76365661621094,104879200
2019-03-19,44.84223009997764,44.99460068115345,44.263695608787415,44.4089241027832,126585600
2019-03-20,44.33748708013354,45.113627574041814,43.980368290754946,44.79698181152344,124140800
2019-03-21,45.23982042355803,46.74209992048173,45.18982218227039,46.44688034057617,204136800
2019-03-22,46.50640488188507,47.065892633364044,45.420763965042106,45.48504638671875,169630800
2019-03-25,45.594566167299995,45.70646373072087,44.42559954645936,44.935089111328125,175381200
2019-03-26,45.63026588091643,45.92072283078621,43.944664504439636,44.47081756591797,199202000
2019-03-27,44.937458102492236,45.17791683539124,44.413684482957166,44.87079620361328,119393600
2019-03-28,44.98506649737201,45.13029496238023,44.6469944513923,44.9303092956543,83121600
2019-03-29,45.194583813551674,45.254103625195796,44.88745955109944,45.22315216064453,94256000
2019-04-01,45.62550367676558,45.63502524757183,44.849366691628894,45.5302734375,111448000
2019-04-02,45.49456079952432,46.29689030333463,45.48503922841955,46.192134857177734,91062800
2019-04-03,46.00882489225897,46.782582620071864,45.985015509051685,46.508792877197266,93087200
2019-04-04,46.37545960019598,46.75162528431652,45.98263025616197,46.5897331237793,76457200
2019-04-05,46.77066321259153,46.925416889143655,46.64686099790996,46.901607513427734,74106400
2019-04-08,46.763526343275984,47.67060771411414,46.74447956713856,47.6396598815918,103526800
2019-04-09,47.692037644042145,48.294377862741904,47.432528497673395,47.49681091308594,143072800
2019-04-10,47.30158392300267,47.792030232425006,47.1825442973062,47.763458251953125,86781200
2019-04-11,47.81822423539419,47.853934673821236,47.24445230598995,47.36587142944336,83603200
2019-04-12,47.42538742230085,47.64918250585792,46.713532766545136,47.34682083129883,111042800
2019-04-15,47.27778318747662,47.58014488597061,47.14207625605754,47.432533264160156,70146400
2019-04-16,47.48728843219198,47.94201703520826,47.27301492918647,47.43729019165039,102785600
2019-04-17,47.50633095737599,48.42055801926847,47.284919003230804,48.36103820800781,115627200
2019-04-18,48.35865966432395,48.60388101928682,48.21581428346865,48.53483963012695,96783200
2019-04-22,48.28961717719952,48.79196456564161,48.172957030939074,48.69435119628906,77758000
2019-04-23,48.67054028599068,49.46096515519979,48.544358571646036,49.39668273925781,93292000
2019-04-24,49.36811072630537,49.634758309231124,49.29430674408848,49.32049560546875,70162400
2019-04-25,49.24193312050334,49.46334508558559,48.83481599293768,48.87290954589844,74172800
2019-04-26,48.78242510882385,48.80623448120304,48.12056524404423,48.63957977294922,74596400
2019-04-29,48.66340354702817,49.03718976166445,48.534842333816606,48.713401794433594,88818800
2019-04-30,48.34437705945112,48.4253231411779,47.403964648609836,47.775367736816406,186139600
2019-05-01,49.96806326588228,51.260831567980475,49.81330960741805,50.12043380737305,259309200
2019-05-02,49.95855629376169,50.62755850337996,49.55144275077052,49.794281005859375,127985200
2019-05-03,50.208532189593264,50.4347067473906,50.05139901490421,50.41328048706055,83569600
2019-05-06,48.63720541769776,49.72046666569017,48.449124420101235,49.63475799560547,129772400
2019-05-07,49.01576096722364,49.38240144232554,47.8134599345925,48.29676055908203,155054800
2019-05-08,48.06821036715431,48.88720376000116,48.032499924420485,48.30628967285156,105358000
2019-05-09,47.711082484966774,48.01582364863785,46.82066837319086,47.787269592285156,139634400
2019-05-10,47.18260833059418,47.524374640553994,46.07127795478432,47.125247955322266,164834800
2019-05-13,44.86196762071345,45.28498816826159,43.700446219509786,44.3863639831543,229722400
2019-05-14,44.551263298573964,45.33755885279071,44.31226720167281,45.08900451660156,146118800
2019-05-15,44.51780844350511,45.827506164416576,44.458059413303786,45.6291389465332,106178800
2019-05-16,45.38774253694137,45.99957186580275,45.1320150028053,45.42837142944336,132125600
2019-05-17,44.67555281387953,45.62436791127437,44.6349239021342,45.1702766418457,131516400
2019-05-20,43.860563641976256,44.05893083512368,43.086214994281725,43.75779342651367,154449200
2019-05-21,44.26685249892783,44.93126128361247,44.14257352108455,44.5966682434082,113459200
2019-05-22,44.13302589344985,44.38397255733177,43.62874391724978,43.683712005615234,118994400
2019-05-23,42.97150481396772,43.14835961585324,42.49590120341213,42.938045501708984,146118800
2019-05-24,43.067100347137895,43.53075340614285,42.68948603770904,42.773136138916016,94858800
2019-05-28,42.76118705714658,43.16031015583973,42.51980227917044,42.59627914428711,111792800
2019-05-29,42.16369717944017,42.863957742691476,42.06331924159227,42.39313507080078,113924800
2019-05-30,42.52935649566115,42.83527122076542,42.22344177055687,42.613006591796875,84873600
2019-05-31,42.118289580157494,42.538925128983735,41.821936694530024,41.84105682373047,108174400
2019-06-03,41.96771001391318,42.52217898232048,40.6938605637744,41.41801834106445,161584400
2019-06-04,41.92947891959907,42.978671716588416,41.70960293183085,42.93326187133789,123872000
2019-06-05,44.0422011159206,44.21188995189266,43.29175350609404,43.626346588134766,119093600
2019-06-06,43.7554169600446,44.326617630693605,43.53314863720055,44.266868591308594,90105200
2019-06-07,44.575157115158966,45.86812677005471,44.39830235170156,45.44510269165039,122737600
2019-06-10,45.84183945170739,46.69266494884902,45.796429611108664,46.0258674621582,104883600
2019-06-11,46.57077698006724,46.84323236940541,46.26964322768004,46.5588264465332,107731600
2019-06-12,46.353291785136825,46.83606491698479,46.21945455574318,46.41065216064453,73012800
2019-06-13,46.532533465970424,47.03203437023856,46.26963998062483,46.401084899902344,86698400
2019-06-14,45.779700067531756,46.26725046842475,45.48095496613412,46.06410598754883,75046000
2019-06-17,46.102339876909845,46.59467483835488,45.927873769058344,46.33894729614258,58676400
2019-06-18,46.85518660036521,47.86852774049729,46.65443074959841,47.428775787353516,106204000
2019-06-19,47.72274352684957,47.77054566831844,47.156323888998976,47.2901611328125,84496800
2019-06-20,47.88764587347905,47.945006248507305,47.32839589241973,47.670162200927734,86056000
2019-06-21,47.51242178135948,48.002364478306184,47.35707214014717,47.50764083862305,191202400
2019-06-24,47.45028461027407,47.837460776342034,47.361857219276544,47.45984649658203,72881600
2019-06-25,47.42400012897621,47.62236735366942,46.67355242975676,46.740474700927734,84281200
2019-06-26,47.26625730093694,48.03582499532506,47.16587938168513,47.75141906738281,104270000
2019-06-27,47.86853220087833,48.174450595474106,47.69645834618091,47.73708724975586,83598800
2019-06-28,47.48374832133551,47.67972689411709,47.09418711775815,47.3021125793457,124442400
2019-07-01,48.556846508935166,48.87232317187957,47.95457520036334,48.169673919677734,109012000
2019-07-02,48.136202478362335,48.547276037358415,48.12425194472356,48.45167541503906,67740800
2019-07-03,48.58313221569498,48.860368597165724,48.44212537654384,48.85319900512695,45448000
2019-07-05,48.59986274236455,49.013325011259084,48.49231157030816,48.810176849365234,69062000
2019-07-08,47.99279850902678,48.13380531003123,47.41920942034976,47.803993225097656,101354400
2019-07-09,47.60801181797024,48.16009210287902,47.51480350554136,48.09556579589844,82312000
2019-07-10,48.2413662841474,48.69067649133362,48.1720553700128,48.5711784362793,71588400
2019-07-11,48.590290100983076,48.84840629256591,48.20789857947526,48.21745681762695,80767200
2019-07-12,48.384757748332575,48.755202417628624,48.32500872576195,48.58790588378906,70380800
2019-07-15,48.77671351837103,49.202126287633234,48.75520474444894,49.04439163208008,67789600
2019-07-16,48.89621122738501,49.25948632051337,48.63570635359561,48.87470245361328,67467200
2019-07-17,48.76714238381741,49.01569665926228,48.58072576553622,48.59984588623047,56430000
2019-07-18,48.75520876999739,49.20452264524316,48.68350920421264,49.15194320678711,74162400
2019-07-19,49.18301120924729,49.35270006344837,48.36325624678891,48.4182243347168,83717200
2019-07-22,48.67155855676903,49.52716510710405,48.66200031652238,49.524776458740234,89111600
2019-07-23,49.821133111328635,49.928680636686046,49.5415044398914,49.911949157714844,73420800
2019-07-24,49.63231890602095,49.98603210762174,49.51282085781072,49.871315002441406,59966400
2019-07-25,49.92389603495717,50.00754613010088,49.40766357491906,49.47697448730469,55638400
2019-07-26,49.586917965483835,50.12465927895895,49.505660153344266,49.6490592956543,70475600
2019-07-29,49.821137108723676,50.34214694513412,49.81635616480668,50.112709045410156,86693600
2019-07-30,49.89282876718518,50.2274255237216,49.54628512206538,49.89760971069336,135742800
2019-07-31,51.72352978870497,52.906559623159254,50.499871059371,50.91572189331055,277125600
2019-08-01,51.12125839181598,52.108313337109216,49.410049286192155,49.81394958496094,216071600
2019-08-02,49.12087737281385,49.335972444521424,48.188793866358694,48.75999450683594,163448400
2019-08-05,47.31885002499506,47.47658471567887,46.02587995166039,46.207515716552734,209572000
2019-08-06,46.91731412640446,47.337949509555145,46.374792070249164,47.08222198486328,143299200
2019-08-07,46.702232636878804,47.694065075152395,46.322229681695646,47.569786071777344,133457600
2019-08-08,47.84701642967316,48.64287384600723,47.65343018049829,48.61897277832031,108038000
2019-08-09,48.29271153651943,48.64296958479051,47.810501798191915,48.21834182739258,98478800
2019-08-12,47.88966009001431,48.47262901521788,47.7769048588154,48.095977783203125,89927600
2019-08-13,48.225533277199396,50.893266254855526,48.09598298618555,50.13277053833008,188874000
2019-08-14,48.7389331847721,49.5258185877482,48.60218604759379,48.64057159423828,146189600
2019-08-15,48.810912822218775,49.213950143233156,47.90167380434236,48.398277282714844,108909600
2019-08-16,49.00761940403555,49.69854452652455,48.90206099247231,49.54020690917969,110481600
2019-08-19,50.52861579041757,51.034813742319905,50.387073206778055,50.463844299316406,97654400
2019-08-20,50.591002591455386,51.183566301926334,50.45665681526969,50.466251373291016,107537200
2019-08-21,51.097189663129065,51.25552363068702,50.763723018625974,51.013221740722656,86141600
2019-08-22,51.14517603483993,51.44505627927644,50.55980921199625,50.97004699707031,89014800
2019-08-23,50.2431331866759,50.87168465912164,48.22074260469428,48.61418533325195,187272000
2019-08-26,49.38668189637819,49.70575494192931,49.19475779205412,49.53782272338867,104174400
2019-08-27,49.86647686959799,50.03201131914729,48.82769145865033,48.97883224487305,103493200
2019-08-28,48.96444154769402,49.35308512364201,48.77731659181928,49.30750274658203,63755200
2019-08-29,50.02001089929177,50.21673404219307,49.57858818046229,50.14236068725586,83962000
2019-08-30,50.418258218749706,50.4878288131881,49.70814030749895,50.07759475708008,84573600
2019-09-03,49.523407032864746,49.65535503445335,48.99322096372661,49.3482780456543,80092000
2019-09-04,49.993630433984336,50.255125103836555,49.736934872570345,50.18555450439453,76752400
2019-09-05,50.859682455783634,51.33229394881414,50.74212809831234,51.1667594909668,95654800
2019-09-06,51.35148694097706,51.44025031008519,50.98203247914074,51.16196060180664,77449200
2019-09-09,51.54100725454967,51.92485536288293,50.63657123511484,51.380271911621094,109237600
2019-09-10,51.30590525316312,52.00642498087169,50.79011275885333,51.98723220825195,127111600
2019-09-11,52.3159027038598,53.66896203989214,52.23433250615887,53.64017105102539,177158400
2019-09-12,53.93045177370637,54.31909531176275,53.465037153213494,53.52021408081055,128906800
2019-09-13,52.77892613002232,52.968448844986035,52.064012610151565,52.47904586791992,159053200
2019-09-16,52.23433694894849,52.81010918684441,52.193553676952725,52.75492858886719,84632400
2019-09-17,52.769315475406735,52.975633179223315,52.567793218654614,52.946842193603516,73274800
2019-09-18,53.03322834373238,53.46265896414534,52.644584663670976,53.44346618652344,101360000
2019-09-19,53.26112420617858,53.68095650952987,52.86768150832097,53.00922775268555,88242400
2019-09-20,53.10998156197395,53.393066700070236,52.17195546286078,52.23432922363281,221652400
2019-09-23,52.52701683843027,52.74053140147138,52.21514068797828,52.471839904785156,76662000
2019-09-24,53.026012342649935,53.37627400150818,52.1047813136798,52.22233200073242,124763200
2019-09-25,52.43105494304572,53.13877148349561,52.092789198613566,53.02601623535156,87613600
2019-09-26,52.778911116876884,53.00442159553428,52.49822371066928,52.75252151489258,75334000
2019-09-27,52.90845463776227,53.009217592623266,52.12636850039442,52.49582290649414,101408000
2019-09-30,52.99482339997101,53.8776725443419,52.968433797976715,53.73133087158203,103909600
2019-10-01,53.995230177972914,54.75092680553321,53.78651107289727,53.88007354736328,139223200
2019-10-02,53.513023851006665,53.63777504503247,52.282314281140316,52.5294189453125,138449200
2019-10-03,52.40227242290722,53.00923341408551,51.61059149483936,52.97564697265625,114426000
2019-10-04,54.13198381346152,54.575808049949735,53.71215146135283,54.46065139770508,138478800
2019-10-07,54.28311450360741,55.161160934101474,54.17995381280001,54.47263717651367,122306000
2019-10-08,54.17516269518079,54.712545705751026,53.817704155676886,53.834495544433594,111820000
2019-10-09,54.4654426574707,54.64776850627761,54.13197601227896,54.4654426574707,74770400
2019-10-10,54.68134539656082,55.283507092490474,54.53020828720955,55.19953918457031,113013600
2019-10-11,55.88568038276659,57.010831620665336,55.73214184744304,56.66777038574219,166795600
2019-10-14,56.35347435948454,57.12836727574025,56.298297438788765,56.586181640625,96427600
2019-10-15,56.710934394719835,57.013212266031545,56.348680493815976,56.45423889160156,87360000
2019-10-16,55.986429471773434,56.43505271476371,55.94564620616464,56.22633361816406,73903200
2019-10-17,56.39905874473541,56.65335652646866,56.02241117952097,56.44464111328125,67585200
2019-10-18,56.279120470382004,56.99643528339095,56.20714848455597,56.71574783325195,97433600
2019-10-21,56.98204111833702,57.81450890497435,56.93406101508978,57.6993522644043,87247200
2019-10-22,57.85528996983772,58.104788693598735,57.48583550156147,57.567405700683594,82293600
2019-10-23,58.08080006310815,58.35429066597053,57.869683225583834,58.33989334106445,75828800
2019-10-24,58.65897646546283,58.7285507356094,58.011235837259875,58.43586730957031,69275200
2019-10-25,58.33509539573167,59.19155132829628,58.26792252496766,59.15556716918945,73477200
2019-10-28,59.35708964228901,59.796114715182654,59.18915745445604,59.74813461303711,96572800
2019-10-29,59.72892928312802,59.916054204609026,58.193544373374564,58.36627197265625,142839600
2019-10-30,58.71892981105744,58.84848008299027,57.867273132173096,58.359073638916016,124522000
2019-10-31,59.313902865640614,59.77691611414118,56.91965683308477,59.67855453491211,139162000
2019-11-01,59.865682443755965,61.3986698789117,59.77452135224457,61.372283935546875,151125200
2019-11-04,61.73453121919917,61.859286061859265,61.266722523104576,61.77531814575195,103272000
2019-11-05,61.667353710049895,61.94084793256841,61.492228380714764,61.68655014038086,79897600
2019-11-06,61.600188782243734,61.772920071009715,61.26432442111376,61.71294403076172,75864400
2019-11-07,62.25917375697998,62.646582976782156,62.107579164156355,62.42520523071289,94940400
2019-11-08,62.247119099133464,62.66821174823248,61.804371137844974,62.59602737426758,69986400
2019-11-11,62.15328330493137,63.156690344064025,62.148473460221936,63.09172439575195,81821200
2019-11-12,62.93532060497629,63.23369990997847,62.78373337309186,63.03397750854492,87388800
2019-11-13,62.83426231969036,63.7125400727961,62.8198254404933,63.63794708251953,102734400
2019-11-14,63.464706223591676,63.73661305930322,63.06767730260172,63.19761657714844,89182800
2019-11-15,63.44783851732507,63.95315121393565,63.28662428540103,63.948341369628906,100206400
2019-11-18,63.95796632642828,64.35018529631039,63.580191577203664,64.27078247070312,86703200
2019-11-19,64.46328376817914,64.4873476799983,63.859321438185184,64.07588195800781,76167200
2019-11-20,63.895401946077534,64.02533382823812,62.65858906891337,63.329933166503906,106234400
2019-11-21,63.4502448250431,63.52724639081918,62.84627526735179,63.045997619628906,121395200
2019-11-22,63.18556299119027,63.32753051201079,62.76447027335383,62.990657806396484,65325200
2019-11-25,63.214437064080556,64.1119687621998,63.16871783845167,64.09512329101562,84020400
2019-11-26,64.2322767453233,64.28521440608328,63.16390384145732,63.59462356567383,105207600
2019-11-27,63.90502379599888,64.48252822045184,63.84005785272113,64.44883728027344,65235600
2019-11-29,64.15047272971776,64.48734545373158,63.98203269607354,64.30687713623047,46617600
2019-12-02,64.31168527473677,64.5474998469269,63.392505582875074,63.56334686279297,94487200
2019-12-03,62.15568497851831,62.44924702514498,61.66962635910549,62.43000030517578,114430400
2019-12-04,62.819815271136704,63.35881158930754,62.72596822827263,62.98102951049805,67181600
2019-12-05,63.474328245499024,63.97964107924649,63.21926690581925,63.9050407409668,74424400
2019-12-06,64.36220755924087,65.20920267737617,64.31888959281135,65.13941955566406,106075600
2019-12-09,64.96859806309656,65.16109467560312,63.74382055858157,64.22747802734375,128042400
2019-12-10,64.63171799255643,64.98543616897592,63.972402115751365,64.60284423828125,90420400
2019-12-11,64.68224783580021,65.23327979738657,64.60765485527283,65.15386962890625,78756800
2019-12-12,64.43439691719212,65.58458117297278,64.32371175724688,65.31989288330078,137310400
2019-12-13,65.31990472745893,66.2439016435434,65.19237407521152,66.20780944824219,133587600
2019-12-16,66.65296604245897,67.56493467366947,66.64815619751495,67.34114837646484,128186000
2019-12-17,67.27136424228581,67.80073350823116,67.08607875742219,67.4734878540039,114158400
2019-12-18,67.3267156265506,67.83202842109593,67.16309276912453,67.3122787475586,116028400
2019-12-19,67.25452424857191,67.65877150492523,67.12218375712777,67.37964630126953,98369200
2019-12-20,67.91140279117467,68.01246089083372,67.02830832765937,67.24005889892578,275978000
2019-12-23,67.50235913145113,68.39748214667952,67.46385834825841,68.33732604980469,98572000
2019-12-24,68.50336345626253,68.55149127528131,68.07746089671582,68.40229797363281,48478800
2019-12-26,68.53465245449213,69.7762754042592,68.50577869758881,69.75942993164062,93121200
2019-12-27,70.05056661001181,70.73634754482153,69.32869348774332,69.73294067382812,146266000
2019-12-30,69.65114955957583,70.4283691578937,68.63090426605163,70.14683532714844,144114400
2019-12-31,69.76423961467027,70.66658123217782,69.6655827166298,70.65936279296875,100805600
2020-01-02,71.28257523373918,72.33170151465225,71.02992253216576,72.27154541015625,135480400
2020-01-03,71.50151891326733,72.326858611121,71.34511456584144,71.56889343261719,146322800
2020-01-06,70.69305800640377,72.17770672514841,70.44280652658847,72.13920593261719,118387200
2020-01-07,72.14882777323544,72.40388908002937,71.5809576466451,71.7999267578125,108872000
2020-01-08,71.50394548271495,73.25569076947626,71.50394548271495,72.95491027832031,132079200
2020-01-09,73.92945874874111,74.69705138445374,73.67921459070213,74.50455474853516,170108400
2020-01-10,74.73793929040194,75.2360335553344,74.17247048793807,74.67296600341797,140644800
2020-01-13,74.98819427311953,76.29478305034202,74.87028331939693,76.268310546875,121532000
2020-01-14,76.20574860255036,76.41509065064128,75.11572039023919,75.23843383789062,161954400
2020-01-15,75.03871351906952,75.91699102743593,74.48527304539368,74.9159927368164,121923600
2020-01-16,75.4574175522418,75.96513894112196,75.09648089083629,75.85444641113281,108829200
2020-01-17,76.10226501476049,76.69660748800922,75.7966747158336,76.69420623779297,137816400
2020-01-21,76.32365494902595,76.76399437532534,76.0373113220916,76.17446899414062,110843200
2020-01-22,76.65814688652345,76.99742829902988,76.35255642743086,76.44640350341797,101832400
2020-01-23,76.499312044199,76.89393223945343,75.95308995960856,76.81452941894531,104472000
2020-01-24,77.05997452322455,77.8010945444288,76.40306717879187,76.5931625366211,146537600
2020-01-27,74.60802439684696,75.01949019444557,73.36159137429253,74.34093475341797,161940000
2020-01-28,75.21919235562906,76.61481100227473,75.12053546591517,76.4439697265625,162234000
2020-01-29,78.07057802839189,78.88869939934182,77.33185946671645,78.04410552978516,216229200
2020-01-30,77.12974662934549,77.98396030536023,76.69902690059489,77.93102264404297,126743200
2020-01-31,77.2235730132215,77.64466563733676,74.18208496382785,74.47564697265625,199588400
2020-02-03,73.2219921031148,75.43333062820889,72.72149664968535,74.2711181640625,173788400
2020-02-04,75.87126360713593,76.91317116030791,75.46701645941087,76.72307586669922,136616400
2020-02-05,77.84681134417079,78.14519062464261,76.74716330264357,77.34872436523438,118826800
2020-02-06,77.61822667711162,78.25587996873817,77.06238481315839,78.25347137451172,105425600
2020-02-07,77.75419304088338,78.00262411427845,76.7001698716179,77.1897964477539,117684000
2020-02-10,75.77880204777287,77.55641174316406,75.69921076977592,77.55641174316406,109348800
2020-02-11,78.05087616110221,78.12323187691563,76.8714264684187,77.0885009765625,94323200
2020-02-12,77.5370987782025,78.92397256512416,77.5370987782025,78.91915130615234,113730400
2020-02-13,78.1931665675849,78.68279311833038,77.99056323907321,78.357177734375,94747600
2020-02-14,78.32581612373606,78.62490351773702,77.86996050397198,78.37647247314453,80113600
2020-02-18,76.06339028176376,77.12224179450247,75.88249370210502,76.94134521484375,152531200
2020-02-19,77.18256041371585,78.28482562119284,77.18256041371585,78.0556869506836,93984000
2020-02-20,77.81690294978998,78.30411519495496,76.75081563386378,77.25491333007812,100566000
2020-02-21,76.84970917824121,77.29110106607291,74.891202892234,75.5062484741211,129554000
2020-02-24,71.69778958583775,73.36685862415598,69.76098966678205,71.91968536376953,222195200
2020-02-25,72.58780502811709,72.96889076529182,69.0132851459726,69.48361206054688,230673600
2020-02-26,69.10973846221914,71.84730854807512,69.10250289246999,70.58585357666016,198054800
2020-02-27,67.80006024068396,68.98191678336323,65.83672522986622,65.97179412841797,320605600
2020-02-28,62.04996261815576,67.15124645876003,61.835295069493725,65.9332046508789,426510000
2020-03-02,68.08464913181372,72.70595468778731,66.98479850420505,72.07160949707031,341397200
2020-03-03,73.24383324028676,73.32342450844571,68.93366391267253,69.78267669677734,319475600
2020-03-04,71.4999874378904,73.17870588852956,70.70163100181635,73.01951599121094,219178400
2020-03-05,71.27807270497505,72.25009001910128,70.2867629946478,70.65097045898438,187572800
2020-03-06,68.01711156290271,70.14445703154458,67.83139373082778,69.71271514892578,226176800
2020-03-09,63.61529369770825,67.07403522816881,63.43439712795174,64.19898986816406,286744800
2020-03-10,66.8449246964159,69.08803991197644,64.9708309423438,68.82272338867188,285290000
2020-03-11,66.9052206904251,67.82899618098686,65.57140256073914,66.4324722290039,255598800
2020-03-12,61.73158653140695,65.1227952039098,59.816493372480124,59.87196731567383,418474000
2020-03-13,63.89027147674693,67.51543909047871,61.01039330045894,67.04510498046875,370732000
2020-03-16,58.35723921926418,62.488914833736274,57.88690882116234,58.419952392578125,322423600
2020-03-17,59.698292128180576,62.1343642760622,57.50100115086754,60.98868942260742,324056000
2020-03-18,57.831438322361606,60.29886692649559,57.19226812473029,59.49568557739258,300233600
2020-03-19,59.669353459047855,60.98386817289122,58.51643928547833,59.039833068847656,271857200
2020-03-20,59.61868823507124,60.74024926077328,54.99256137379153,55.29164505004883,401693200
2020-03-23,55.01186410993206,55.113165767293296,51.28056983554764,54.117027282714844,336752800
2020-03-24,57.00896347667582,59.74170869121859,56.512101379550025,59.54634094238281,287531200
2020-03-25,60.47977424301287,62.288740571318336,58.924063936740446,59.21832275390625,303602000
2020-03-26,59.45951435519265,62.392448772259634,59.42092219277503,62.334564208984375,252087200
2020-03-27,60.96215693824958,61.71468565033882,59.58734345256695,59.75376892089844,204216800
2020-03-30,60.477355032834254,61.63026911474741,60.154150297630075,61.45901870727539,167976400
2020-03-31,61.6495682716932,63.31140135824747,60.781263041812586,61.33359909057617,197002000
2020-04-01,59.454696896013616,59.990151255793265,57.67708705496906,58.106414794921875,176218400
2020-04-02,57.968913973692054,59.129063507420874,57.13920103105384,59.07600021362305,165934000
2020-04-03,58.56225508385467,59.26172040581901,57.638476083102184,58.226993560791016,129880000
2020-04-06,60.51594969304915,63.4609446975246,60.14933518159841,63.306583404541016,201820400
2020-04-07,65.31573278898928,65.53281460871749,62.46962908019549,62.573341369628906,202887200
2020-04-08,63.371688404036405,64.48842448399525,63.00748829000569,64.17487335205078,168895200
2020-04-09,64.80922404965942,65.13966065726305,63.84444219472263,64.63796997070312,161834800
2020-04-13,64.71515578008704,66.0152028927721,64.11698836636067,65.90666198730469,131022800
2020-04-14,67.53472816549852,69.52459069180338,67.06439407863688,69.23515319824219,194994800
2020-04-15,68.11361434863234,69.0615109892011,67.68670092198845,68.60324096679688,131154400
2020-04-16,69.31474850581405,69.51253053826382,68.10153570587103,69.14832305908203,157125200
2020-04-17,68.66593066550611,69.21103471741856,66.7773662410789,68.21006774902344,215250000
2020-04-20,67.04030517443523,67.9399598531097,66.77498860082595,66.79428100585938,130015200
2020-04-21,66.6374787843657,66.87143866583018,64.02050667372501,64.72962188720703,180991600
2020-04-22,65.99349627232849,67.02822701343717,65.65341709963987,66.59407806396484,116862400
2020-04-23,66.53859422059466,67.95682478512697,66.29739874664567,66.33599090576172,124814400
2020-04-24,66.85938066911224,68.26072562347866,66.81113863556433,68.2510757446289,126161200
2020-04-27,67.96887246841614,68.62975298338314,67.52266679021487,68.29931640625,117087600
2020-04-28,68.76000076632654,68.94089736729391,67.1005821297752,67.19223022460938,112004800
2020-04-29,68.67558356725064,69.86708968672151,68.47298027123995,69.399169921875,137280800
2020-04-30,69.93704563014794,71.0393108397726,69.54872440544703,70.86323547363281,183064000
2020-05-01,69.04220854800435,72.11745102481503,68.94573182479387,69.72238159179688,240616800
2020-05-04,69.74650982081866,70.83671089109956,69.05910113576175,70.70887756347656,133568000
2020-05-05,71.16713764358983,72.59983938170623,71.02241888364539,71.77012634277344,147751200
2020-05-06,72.4695983843977,73.14012158473827,72.0860984199546,72.51060485839844,142333600
2020-05-07,73.13530790467281,73.6056421260466,72.8338134962802,73.26072692871094,115215200
2020-05-08,73.91854342819974,75.05764724717811,73.5920466345589,75.00444030761719,133838400
2020-05-11,74.51349610684939,76.67803493373073,74.30550263769149,76.1846694946289,145946400
2020-05-12,76.86665763109883,77.3164993988426,75.1930711866458,75.31399536132812,162301200
2020-05-13,75.49298094886383,76.41200935037834,73.33085553739997,74.4046630859375,200622400
2020-05-14,73.6452582213304,74.92221747074527,72.92454733645849,74.86175537109375,158929200
2020-05-15,72.63914360348517,74.46509544751144,72.60528129635095,74.41914367675781,166348400
2020-05-18,75.73966595706034,76.54501787394523,75.0503965474728,76.17256927490234,135178400
2020-05-19,76.18949622469526,77.03354472425552,75.70096514534589,75.73240661621094,101729600
2020-05-20,76.58856613663914,77.27541485579722,76.54986949857867,77.20528411865234,111504800
2020-05-21,77.06742956137252,77.60675427308676,76.3926703052991,76.62968444824219,102688800
2020-05-22,76.3684433792404,77.20524390273248,76.26687121529064,77.12301635742188,81803200
2020-05-26,78.23795799610525,78.41692345166804,76.54501918320653,76.60064697265625,125522000
2020-05-27,76.45795296780663,77.07949771603786,75.7203109556176,76.93438720703125,112945200
2020-05-28,76.61030820274443,78.22344013486418,76.334604889172,76.96824645996094,133560800
2020-05-29,77.21008551765564,77.66959590522207,76.53774740179506,76.89326477050781,153532400
2020-06-01,76.84731040083797,77.95981424625926,76.71671023004107,77.8388900756836,80791200
2020-06-02,77.57289316252022,78.22346610716285,77.13272719613947,78.19927978515625,87642800
2020-06-03,78.51851253045199,78.89096118094021,77.94774639510123,78.6297607421875,104491200
2020-06-04,78.45318827090249,78.7506570120071,77.58011190648487,77.95256042480469,87560400
2020-06-05,78.20168176339025,80.23320685109042,78.172661136236,80.17274475097656,137250400
2020-06-08,79.87042779704282,80.68062134923207,79.16181381231353,80.64675903320312,95654400
2020-06-09,80.32752306209885,83.58521359796022,80.29608159235194,83.19342041015625,147712400
2020-06-10,84.13903931497238,85.80053629513817,83.70129439282721,85.33377075195312,166651600
2020-06-11,84.48008129323746,84.90331607980656,81.13532048457094,81.23689270019531,201662400
2020-06-12,83.36999367827895,84.11488361837434,80.83058508428364,81.93824768066406,200146000
2020-06-15,80.59596788300412,83.60214129780755,80.4339262304824,82.95156860351562,138808800
2020-06-16,85.00004143146272,85.42086269022191,83.36998548456056,85.14998626708984,165428800
2020-06-17,85.89245860360263,85.95292070417966,84.91055468068187,85.03147888183594,114406400
2020-06-18,84.98795249991922,85.4813253336703,84.45830388000144,85.06534576416016,96820400
2020-06-19,85.7691132840755,86.2334580419222,83.47396713214061,84.57921600341797,264476000
2020-06-22,84.97101145656654,86.93481917934642,84.92505967255737,86.79212951660156,135445200
2020-06-23,88.03282290304573,90.05951379803278,87.61442248881565,88.64469909667969,212155600
2020-06-24,88.27466483721669,89.19127232771852,86.70748456883423,87.0799331665039,192623200
2020-06-25,87.23472854623947,88.27467380594872,86.47774180640029,88.23597717285156,137522400
2020-06-26,88.13198219774738,88.3520651420764,85.37732519563349,85.52485656738281,205256800
2020-06-29,85.43294416349418,87.59023505976948,84.95650253776073,87.49591064453125,130646000
2020-06-30,87.08475563938902,88.51166689112543,87.06541101774955,88.22628021240234,140223200
2020-07-01,88.30368697136247,88.84542502767371,88.01105247279727,88.05941772460938,110737200
2020-07-02,88.96393576296241,89.59757739253234,87.94575606156859,88.05941772460938,114041600
2020-07-06,89.48392110995985,90.88180477153354,89.45247963245309,90.4150390625,118655600
2020-07-07,90.79229592909284,91.56862711706414,90.02321989687357,90.13446807861328,112424400
2020-07-08,91.10913287644715,92.26516797551552,91.02206361133545,92.23372650146484,117092000
2020-07-09,93.12370590507383,93.17691283826436,91.58555391386294,92.63034057617188,125642800
2020-07-10,92.22646456657715,92.85043754869993,91.61700927809584,92.79238891601562,90257200
2020-07-13,94.09356443653809,96.69585631586999,92.15152153234231,92.36434936523438,191649200
2020-07-14,91.74759804361886,94.08385428390145,90.81648768360292,93.8927993774414,170989200
2020-07-15,95.7622806311285,96.01138416249864,93.34379687777705,94.53852844238281,153198000
2020-07-16,93.413925503642,94.22895326500017,92.77786316008923,93.37522888183594,110577600
2020-07-17,93.82510604936869,93.97988521436005,92.71501520536071,93.1866226196289,92186800
2020-07-20,93.27366748344572,95.28826123103211,92.9302395381322,95.15040588378906,90318000
2020-07-21,95.93885992065711,96.0138323479092,93.58809274779549,93.83719635009766,103433200
2020-07-22,93.53969429469112,94.78037765198125,93.45263242150494,94.10078430175781,89001600
2020-07-23,93.83474776947158,93.91214102009206,89.00987716210209,89.8176498413086,197004400
2020-07-24,88.02073328072413,89.93858943355201,86.23830426873995,89.59516143798828,185438800
2020-07-27,90.6544431599045,91.81047808647506,90.43194679011566,91.71857452392578,121214000
2020-07-28,91.29050229407278,91.46705425689517,90.20701896585531,90.21186065673828,103625600
2020-07-29,90.69313969811391,92.12488531095718,90.65686391835999,91.94107818603516,90329200
2020-07-30,91.11641078438961,93.1576124551857,90.71010712742545,93.05361938476562,158130000
2020-07-31,99.53030380101023,102.9452024123297,97.537467741964,102.79525756835938,374336800
2020-08-03,104.67198130172932,107.9973966979683,104.37451250261263,105.38543701171875,308151200
2020-08-04,105.57407228357705,107.17752821259879,104.85336145922079,106.0892105102539,173071600
2020-08-05,105.8111002305475,106.7930041847868,105.34674803582895,106.47376251220703,121776800
2020-08-06,106.8050811008857,110.6819103626939,106.2173913049504,110.18853759765625,202428800
2020-08-07,109.71125415700284,110.16675013813993,106.88864159432606,107.68333435058594,198045600
2020-08-10,109.12491431547922,110.26365418298434,106.60515752548201,109.24848175048828,212403600
2020-08-11,108.51436454798494,109.01104473075696,105.74020453823464,105.99945068359375,187902400
2020-08-12,107.08729946496186,109.77908349339258,106.89347486656195,109.52226257324219,165598000
2020-08-13,110.89843148039117,112.46116903802795,110.41143740175444,111.46053314208984,210082000
2020-08-14,111.28606796760369,111.45081957852372,109.55615387114494,111.36117553710938,165565200
2020-08-17,112.48056244330753,112.50479236850128,110.44537442392807,111.07046508789062,119561600
2020-08-18,110.82332353901295,112.41997706741819,110.48896983798126,111.99597930908203,105633600
2020-08-19,112.40301184462525,113.54659462972901,112.0420104163777,112.1364974975586,145538000
2020-08-20,112.17771170545525,114.73866037573767,112.16075001769396,114.62478637695312,126907200
2020-08-21,115.58178541828921,121.01380564130231,115.56967415425338,120.53166198730469,338054800
2020-08-24,124.72560677695705,124.81041520723647,120.11251616944286,121.97325897216797,345937600
2020-08-25,120.84907330953439,121.31668056382314,119.25483735042155,120.9726333618164,211495600
2020-08-26,122.285815910586,123.07324042466944,121.22218355631982,122.61774444580078,163022400
2020-08-27,123.21860253348014,123.5505310416234,120.01075143908814,121.15191650390625,155552400
2020-08-28,122.1234863946809,122.54021598651187,120.73277587733193,120.95568084716797,187630000
2020-08-31,123.64259283625631,126.95704208405934,122.11135345489677,125.05752563476562,225702700
2020-09-01,128.66275103381622,130.6398007655306,126.50157751038662,130.03892517089844,151948100
2020-09-02,133.343693114531,133.72165634087213,123.0805253018372,127.3447265625,200119000
2020-09-03,122.99329113592864,124.86372013453284,116.78111381462604,117.14938354492188,257599600
2020-09-04,116.36437378387909,119.88234128870778,107.46768860387866,117.2269058227539,332607200
2020-09-08,110.4332501967872,115.3177056334054,109.20244843470786,109.33812713623047,231366600
2020-09-09,113.64110336417085,115.46307981230207,111.70282771529025,113.69924926757812,176940500
2020-09-10,116.64542916296256,116.78110786689479,109.02800526992252,109.9874496459961,182274400
2020-09-11,111.0341102013086,111.67374465663826,106.60515104021346,108.54342651367188,180860300
2020-09-14,111.17948842899139,112.35214426737836,109.31874564711791,111.79973602294922,140150100
2020-09-15,114.6780774740645,115.16264637332723,110.10374588199468,111.97418212890625,184642000
2020-09-16,111.67375141580924,112.41998426492623,108.58219948246469,108.66941833496094,154679000
2020-09-17,106.33378598514221,108.73724325822185,105.35495487136528,106.93464660644531,178011000
2020-09-18,106.99279865599632,107.45798059007706,102.81581033252574,103.54266357421875,287104900
2020-09-21,101.31367629258035,106.78930687065947,99.91811535962182,106.68270111083984,195713800
2020-09-22,109.20245897106359,109.37690408898602,105.791096813168,108.35930633544922,183055400
2020-09-23,108.17519292553625,108.65006850466263,103.4748674191037,103.81407165527344,150718700
2020-09-24,101.92423794523059,106.84746057911207,101.75948626582102,104.88011169433594,167743300
2020-09-25,105.08363931313927,108.96988497340462,104.34709232304353,108.8148193359375,149981400
2020-09-28,111.46054633695047,111.76097670476364,109.29936567544041,111.4120864868164,137672400
2020-09-29,111.0147338283158,111.75127320535319,110.06497556622581,110.56892395019531,99382200
2020-09-30,110.27818485285505,113.64109400987672,110.11343321080598,112.23583984375,142675200
2020-10-01,114.00934284614458,114.0868756260864,112.25520621507488,113.18557739257812,116120400
2020-10-02,109.40595903034216,111.80942388224,108.75663851817679,109.53194427490234,144712000
2020-10-05,110.39450778382883,113.04994370495149,110.04561752920706,112.90457153320312,106243800
2020-10-06,112.12925207481908,112.53629561221867,108.78572927732188,109.66764831542969,161498200
2020-10-07,111.0825560440416,111.98385432135075,110.60767328926947,111.52835845947266,96849000
2020-10-08,112.66228646720481,112.80765863820771,111.05351392426137,111.42179107666016,83477200
2020-10-09,111.72220870495784,113.38912696820374,111.37331849200241,113.36005401611328,100506900
2020-10-12,116.35467592893329,121.31666387202866,115.59874966676792,120.56073760986328,240226800
2020-10-13,121.40388985664498,121.5201890553274,115.957340112208,117.36258697509766,262330500
2020-10-14,117.2656600575047,119.23300837791939,115.92825271205345,117.44979858398438,150712000
2020-10-15,115.05602954812115,117.45948691649245,114.50362135189651,116.98461151123047,112559200
2020-10-16,117.53704793861876,117.79871932248498,115.1432760487085,115.34679412841797,115393800
2020-10-19,116.25779218905562,116.70359477640076,112.09050327573229,112.40062713623047,120639300
2020-10-20,112.61379407274761,115.3080030009005,112.06138589770217,113.88336944580078,124423700
2020-10-21,113.06932866923252,115.0463710762212,112.85611712623333,113.2631607055664,89946000
2020-10-22,113.82523521136082,114.39703037608496,111.05350042518317,112.17770385742188,101988000
2020-10-23,112.79794326147403,112.95300885211658,110.75306199696499,111.48960876464844,82572600
2020-10-26,110.49140909640037,112.95302013932815,109.39627858637218,111.49931335449219,111850700
2020-10-27,111.92572130525396,113.66047883675716,111.00504336225823,113.00146484375,92276800
2020-10-28,111.49929834317572,111.86756801727019,107.67119988879593,107.76811218261719,143937800
2020-10-29,108.90201007579887,113.32127578669785,108.73725104125917,111.7609634399414,146129200
2020-10-30,107.63244356202665,108.53374202736012,104.39552680317541,105.5003433227539,190272600
2020-11-02,105.74264246216923,107.26418875001484,104.00788464199921,105.41313171386719,122866900
2020-11-03,106.27564420820605,108.0491605877784,105.37434584740238,107.03157043457031,107624400
2020-11-04,110.61739783333208,112.02264481194184,108.88264012828803,111.40239715576172,138235500
2020-11-05,114.3097976289083,115.92826333290571,113.26313445106743,115.3564682006836,126387100
2020-11-06,114.86621579666993,115.72052575840337,112.74013995422038,115.22541809082031,114457900
2020-11-09,116.98256825674697,118.42907262853805,112.66246807633155,112.9245834350586,154515300
2020-11-10,112.17707763232374,114.15752314668202,110.79852205922379,112.5848159790039,138023400
2020-11-11,113.76918689454358,116.13795743815948,113.04107964654202,116.00204467773438,112295000
2020-11-12,116.12826014557999,117.011693129965,115.10890698767624,115.730224609375,103162300
2020-11-13,115.95350885349471,116.17679092888272,114.42933797445366,115.77876281738281,81581900
2020-11-16,115.44869936969526,117.45827535475047,114.70117908437909,116.78842163085938,91183000
2020-11-17,116.0603472049989,117.14764974661749,115.48756541037363,115.90501403808594,74271000
2020-11-18,115.1477501072869,116.32242906767756,114.55555554119123,114.58467864990234,76322100
2020-11-19,114.1575190169027,115.58461058534773,113.4002885699786,115.17687225341797,74113000
2020-11-20,115.17688122037637,115.30308383579212,113.8662893904585,113.91482543945312,73604300
2020-11-23,113.75947798730789,114.18663661435309,110.42960050653552,110.52667999267578,127959300
2020-11-24,110.58495144916897,112.46831748552103,109.30347536130687,111.80816650390625,113874200
2020-11-25,112.17705902961947,113.3420276574267,111.80814661901826,112.6430435180664,76499200
2020-11-27,113.1673012347678,114.06044449798334,112.82751927666311,113.18671417236328,46691300
2020-11-30,113.5556193082818,117.4388583652438,113.40028619079179,115.57490539550781,169410200
2020-12-01,117.47768785199075,119.86587890611962,116.50687811909167,119.13777160644531,127728200
2020-12-02,118.45820316266558,119.76880225855713,117.36119080484525,119.48726654052734,89004200
2020-12-03,119.91443587941438,120.16684852789926,118.64267727747634,119.35137176513672,78967600
2020-12-04,119.02127760834182,119.27369022514605,117.97280126779268,118.6814956665039,78260400
2020-12-07,118.73974965511624,120.93378197653361,118.68150343461471,120.1377182006836,86712000
2020-12-08,120.73964110499028,121.33183579133878,119.496998096351,120.74934387207031,82225500
2020-12-09,120.8949389531883,122.27348704305484,117.46798166489454,118.22521209716797,115089200
2020-12-10,116.98256924136862,120.25420060772244,116.64278732656992,119.64258575439453,81312200
2020-12-11,118.85625070668806,119.1766197360741,117.03113084780422,118.83683776855469,86939800
2020-12-14,119.0212758088773,119.7493831332465,117.99221982724323,118.22521209716797,79184500
2020-12-15,120.71049556577894,124.16658373624205,120.50662638207584,124.14716339111328,157243700
2020-12-16,123.69089795295262,124.62286719942308,122.86570357898366,124.07921600341797,98208600
2020-12-17,125.13735812529592,125.79751639112722,124.30246123265556,124.94319915771484,94359800
2020-12-18,125.19564951572379,125.33156230733624,122.43854558581786,122.96278381347656,192541500
2020-12-21,121.3706398580424,124.56460503939759,119.84646874418631,124.4869384765625,121251600
2020-12-22,127.76827272564631,130.48654300822767,125.86547908382497,128.0303955078125,168904800
2020-12-23,128.30220615943512,128.5643140977905,126.96248410987832,127.13723754882812,88223700
2020-12-24,127.48674690488681,129.56427923315684,127.27316756907929,128.11776733398438,54930100
2020-12-28,130.07882834872916,133.33103273857998,129.61282891491868,132.70001220703125,124486200
2020-12-29,134.02028815847115,134.7386778886634,130.41857748936,130.93310546875,121047300
2020-12-30,131.6224031061202,132.02043870547348,129.50602990016534,129.8166961669922,96452100
2020-12-31,130.16615142022158,130.8068893039239,127.87504019853539,128.8167266845703,99116600
2021-01-04,129.62251281946894,129.70988213559124,123.05983729876496,125.63248443603516,143301900
2021-01-05,125.12764137820962,127.8944545005243,124.68106247063794,127.18575286865234,97664900
2021-01-06,123.99183545726343,127.2246340413711,122.6909464043688,122.90452575683594,155088000
2021-01-07,124.61313347302331,127.78768533438151,124.1277286238472,127.09840393066406,109578200
2021-01-08,128.56436281946557,128.75853667263522,126.42858375506596,128.19546508789062,105158200
2021-01-11,125.41894161275994,126.37033122968266,124.74908036749336,125.2150650024414,100384500
2021-01-12,124.74904496331433,125.90431086268742,123.15691766682359,125.04029083251953,91951100
2021-01-13,125.00145310618869,127.61293359997765,124.73934514974653,127.06928253173828,88636800
2021-01-14,126.98192465387714,127.17608365097323,125.00146436870398,125.1470947265625,90221800
2021-01-15,125.02089191255358,126.41886047356746,123.29285155612885,123.42876434326172,111598500
2021-01-19,124.0500664749991,124.95292722948219,123.23458985463955,124.0986099243164,90757300
2021-01-20,124.90438601399495,128.6225891348087,124.79759634893936,128.17601013183594,104319500
2021-01-21,129.89431728816726,135.59296445439338,129.69044077021863,132.87469482421875,120150900
2021-01-22,132.3019459227709,135.76774369341513,131.07873102256855,135.01051330566406,114459400
2021-01-25,138.89376878953092,140.8547939706266,132.55436700322258,138.74813842773438,157611700
2021-01-26,139.40832944748692,140.08789352147755,137.24341236503608,138.98117065429688,98390600
2021-01-27,139.24322781199024,140.08784232197448,136.31139319096383,137.91322326660156,140843800
2021-01-28,135.4474245519407,137.84532659995853,132.70973305547886,133.08834838867188,142621100
2021-01-29,131.86509178375854,132.7485322226158,126.40914566020653,128.10806274414062,177523800
2021-02-01,129.84578061037203,131.42820495734406,127.10809049941766,130.22439575195312,106239800
2021-02-02,131.76798067598213,132.33105201225376,130.6806786822872,131.04959106445312,83305400
2021-02-03,131.79710872600307,131.80682630276928,129.70987396760063,130.03024291992188,89880900
2021-02-04,132.32139835278772,133.38928040334213,130.66130683037125,133.37957763671875,84183100
2021-02-05,133.53996875011137,133.60801926205087,132.09129544721642,132.96632385253906,75693800
2021-02-08,132.25661898979965,133.16082913582426,131.1774090425887,133.11221313476562,71297200
2021-02-09,132.8302469559109,134.055304885325,132.08161692740265,132.23716735839844,76774200
2021-02-10,132.6940833002521,133.1899455543724,130.67178006992634,131.6343231201172,73046600
2021-02-11,132.13019115518452,132.6066041234454,130.05928645451803,131.38156127929688,64280000
2021-02-12,130.62321880046613,131.7704791984505,129.98152323777,131.6149139404297,60145100
2021-02-16,131.731578673249,132.23714344471992,129.10646349095452,129.49537658691406,80576300
2021-02-17,127.60918638254499,128.55228022303262,125.87856393692216,127.21055603027344,97918500
2021-02-18,125.61605324019762,126.39386460486962,123.8757134782661,126.1119155883789,96856700
2021-02-19,126.62721780066286,127.08418144033098,125.22716025236211,126.26747131347656,87668800
2021-02-22,124.45905227095189,126.12162413344431,122.11590849249929,122.50481414794922,103916400
2021-02-23,120.32696020598745,123.1951256816812,115.10591870921408,122.36870574951172,158273000
2021-02-24,121.47424078389619,122.07703760379697,118.83941546871539,121.87286376953125,111039900
2021-02-25,121.22144819930787,122.952070827566,117.19629003176654,117.63380432128906,148199500
2021-02-26,119.18940971098537,121.38672049171518,117.83796822554648,117.89630889892578,164560400
2021-03-01,120.31723727022785,124.38128647028813,119.38386807729292,124.24517059326172,116307900
2021-03-02,124.84796874824156,125.14936711599789,121.5422817134225,121.64923095703125,102260900
2021-03-03,121.34784230356715,122.22287832128721,118.46022715397075,118.67412567138672,112966300
2021-03-04,118.37270244109511,120.17138267841435,115.32953009185248,116.79763793945312,178155000
2021-03-05,117.62406745905575,118.55743656088569,114.30865590625393,118.0518569946289,153766600
2021-03-08,117.57547079483327,117.6435287378886,112.98639972664601,113.13224029541016,154376600
2021-03-09,115.72817884872909,118.67412730069942,115.49483838005335,117.73103332519531,129525800
2021-03-10,118.31439735247595,118.78107829664711,116.1365282204776,116.6518325805664,111943300
2021-03-11,119.14080957092585,119.79222236399583,117.89631724453561,118.57689666748047,103026500
2021-03-12,117.06014710961325,117.80878431201303,115.85454635787849,117.67266845703125,88105100
2021-03-15,118.04214884674406,120.56029993815383,117.07960562741921,120.55057525634766,92403800
2021-03-16,122.21313740579694,123.69097746560344,121.26032630464678,122.08674621582031,115227900
2021-03-17,120.60892835870807,122.368717641283,118.94635623317845,121.29923248291016,111932600
2021-03-18,119.47136458953443,119.76304569936237,116.98238014530207,117.18655395507812,121229700
2021-03-19,116.57402966087285,118.06158696536845,116.36013117462356,116.66152954101562,185549500
2021-03-22,116.99210932461362,120.4339124312078,116.92405138540522,119.96722412109375,111912300
2021-03-23,119.90888714776963,120.79364033005854,118.75189479932533,119.14080047607422,95467100
2021-03-24,119.41302514045037,119.49080775473756,116.73930897083474,116.75875091552734,88530500
2021-03-25,116.22401924724316,118.28521414548541,115.6989976953015,117.24488830566406,98844700
2021-03-26,117.0115497729694,118.11020888610055,115.62121696029041,117.84769439697266,94071200
2021-03-29,118.27548724702227,119.1796897776827,117.3810093980004,118.02269744873047,80819200
2021-03-30,116.77820181701264,117.06015823420087,115.56287626935224,116.57402801513672,85671900
2021-03-31,118.27549692418452,120.0936193981419,117.78936665110342,118.76162719726562,118323800
2021-04-01,120.22972337194014,120.73529551085936,119.0921730782952,119.58802795410156,75089100
2021-04-05,120.433912742921,122.6603902138714,119.65610136330406,122.40760040283203,88651200
2021-04-06,122.99096372232243,123.60348521908364,122.16454371050696,122.7090072631836,80171300
2021-04-07,122.33954050731289,124.37156139198876,121.66867838856395,124.35211944580078,83466700
2021-04-08,125.37301298064794,126.7730707476214,124.95494800509044,126.74390411376953,88844600
2021-04-09,126.199437772379,129.34955284443396,125.87858997142516,129.3106689453125,106686700
2021-04-12,128.8439334710132,129.1647811362329,127.00636217785619,127.59944152832031,91420000
2021-04-13,128.7661996194506,130.9246193949784,128.27033720569543,130.70098876953125,91266500
2021-04-14,131.19681975522676,131.255153005102,128.00780685424039,128.36753845214844,87222800
2021-04-15,130.10789773924117,131.2551579244961,129.93288314753977,130.76902770996094,89347100
2021-04-16,130.57456189416538,130.93429345955573,129.58285222938275,130.43844604492188,84922400
2021-04-19,129.80651616783663,131.71215360069297,129.6412336348906,131.09962463378906,94264200
2021-04-20,131.27460827428777,131.77045575605666,128.15364574587304,129.41758728027344,94812300
2021-04-21,128.68836162802816,130.03980272271662,127.6577681820013,129.79673767089844,68847100
2021-04-22,129.3495375220918,130.42874732999832,127.7647629078915,128.28005981445312,84566500
2021-04-23,128.49393862388337,131.37182111341806,128.49393862388337,130.59402465820312,78657500
2021-04-26,131.08985938377566,131.31347510114207,129.85508463607295,130.98291015625,66905100
2021-04-27,131.26487557787047,131.6537886519638,130.38984712331498,130.66207885742188,66015800
2021-04-28,130.5843034959248,131.27461496858584,129.38842725213598,129.8745574951172,107760100
2021-04-29,132.68437715116124,133.26773932174638,128.77588621347985,129.77731323242188,151101000
2021-04-30,128.1244930393449,129.8551156172827,127.4341963624076,127.8133773803711,109839500
2021-05-03,128.37728825955,130.35099100560777,128.17312183322954,128.86341857910156,75135100
2021-05-04,127.55085891033158,127.84254003096058,123.18540387178189,124.30350494384766,137564700
2021-05-05,125.61603972510449,126.83136521554766,124.42016359645294,124.54656219482422,84000900
2021-05-06,124.34240242288911,126.15080765787947,123.60348232032891,126.1410903930664,78128300
2021-05-07,127.43635987844797,127.83565240633816,126.10209066051581,126.81305694580078,78973300
2021-05-10,126.03394527871879,126.16054372317713,123.50176833952001,123.54072570800781,88071200
2021-05-11,120.2781205077101,122.97585322059021,119.56716154628263,122.62525177001953,126142800
2021-05-12,120.18075382257017,121.38840273799539,119.06075342898632,119.56718444824219,112172300
2021-05-13,121.32995276517451,122.85899423262195,121.01830123774441,121.70977783203125,105861300
2021-05-14,122.95638491442686,124.55359993393608,122.56681864446786,124.12507629394531,81918000
2021-05-17,123.5115304740433,123.61866139795352,121.90457404574953,122.97587585449219,74244600
2021-05-18,123.25828391420353,123.67706631560182,121.52472197411315,121.5928955078125,63342900
2021-05-19,119.94701893329513,121.66109889559455,119.65484232839697,121.43710327148438,92612000
2021-05-20,121.96299261493283,124.3880312073582,121.83637931031465,123.98872375488281,76857100
2021-05-21,124.48542483913151,124.66072928690556,121.94351406158702,122.15777587890625,79295400
2021-05-24,122.72265728570756,124.60230780549196,122.65448374065255,123.78421783447266,63092900
2021-05-25,124.48540594699715,124.97236927723016,123.02453824737019,123.58940887451172,72009500
2021-05-26,123.64785661375969,124.06663903705564,123.12194328471185,123.54072570800781,56575900
2021-05-27,123.14142966400581,124.31012103497811,121.816908814046,122.01168823242188,94625600
2021-05-28,122.29413896553177,122.5181420121491,121.30075191834936,121.35918426513672,71311100
2021-06-01,121.81692100329542,122.07987398745031,120.7066618606694,121.03778839111328,67637100
2021-06-02,121.03778177713107,121.97273640244447,120.81378617886122,121.79743194580078,59278900
2021-06-03,121.42734431379967,121.59290756486408,119.91777779316642,120.31708526611328,76229200
2021-06-04,120.83326952469692,122.86874960294172,120.61900768168596,122.60578918457031,75169300
2021-06-07,122.87847726693603,123.02456555539773,121.5734387321586,122.61552429199219,71057600
2021-06-08,123.29726191856811,125.10874632513031,122.91743682004416,123.43360900878906,74403800
2021-06-09,123.89133026159469,124.41724357225148,123.2193286818069,123.81341552734375,56877900
2021-06-10,123.70628617695928,124.84576874618693,122.654466972811,122.82003021240234,71186400
2021-06-11,123.22906439931397,124.11532774368726,122.81028200929232,124.02767181396484,53522400
2021-06-14,124.48543247038134,127.134466888619,123.75499846493855,127.07603454589844,96906500
2021-06-15,126.55013404538738,127.19291956440452,126.01447944620644,126.2579574584961,62746300
2021-06-16,126.96892342391395,127.47536190763753,125.10876249421726,126.7546615600586,91815000
2021-06-17,126.41376207268152,129.09201968074376,126.26766637763058,128.35183715820312,96721700
2021-06-18,127.30001939569985,128.07913695617995,126.8422796555246,127.0565414428711,108953300
2021-06-21,126.90073257983343,128.95568742961305,125.8391720998025,128.8485565185547,79663300
2021-06-22,128.68298261560656,130.5821078265205,128.18627804148716,130.48471069335938,74783600
2021-06-23,130.2802171084206,130.815871699919,129.75429628741554,130.2120361328125,60214200
2021-06-24,130.94244245203893,131.12748807728477,129.46209231078763,129.92958068847656,68711000
2021-06-25,129.97829578212327,130.39707078875628,129.3452440962624,129.63742065429688,70783700
2021-06-28,129.9295852246422,131.72157948620062,129.87115289056985,131.2638397216797,62111300
2021-06-29,131.28335318569188,132.92926700154416,130.84509571572818,132.7734375,64556100
2021-06-30,132.6176097807272,133.8252661428457,132.32543317658508,133.3870086669922,63261400
2021-07-01,133.03636937045857,133.74732088516166,132.21827209331306,133.6888885498047,52485800
2021-07-02,134.30244482687868,136.3476657575281,134.15636398642496,136.3087158203125,78852600
2021-07-06,136.4158165961912,139.4154515029588,136.4158165961912,138.31494140625,108181800
2021-07-07,139.79533405407227,141.11012131228122,138.93830152510142,140.79847717285156,104911600
2021-07-08,137.88644602005195,140.3017433261173,137.00018264096806,139.50314331054688,105575500
2021-07-09,139.0259083953203,141.8502466496084,138.9285112717733,141.3243408203125,99890800
2021-07-12,142.39566628334748,142.5027971874123,140.24331443285035,140.7302703857422,76299700
2021-07-13,140.2725467114718,143.61307265954179,139.882987848704,141.84054565429688,100827100
2021-07-14,144.23637643322533,145.66802829472786,143.82732030646622,145.25897216796875,127050800
2021-07-15,145.3466585952039,146.08682649960923,143.2527384989439,144.60647583007812,106820300
2021-07-16,144.5870044305878,145.85307833791254,142.07430929851364,142.5709991455078,93251400
2021-07-19,139.99985324997218,140.31151223035158,137.9741144596603,138.7337646484375,121434600
2021-07-20,139.71742366986297,143.26246279631377,139.23046766424767,142.3372344970703,96350000
2021-07-21,141.73342485019364,142.31777804675525,140.85690991607032,141.6068115234375,74993500
2021-07-22,142.1327413542018,144.3337774603304,142.00612801944465,142.97030639648438,77338200
2021-07-23,143.700726126391,144.8402014430063,143.0871567787064,144.6843719482422,71447400
2021-07-26,144.40190123837715,145.92120121070477,143.84676440041136,145.10311889648438,72434100
2021-07-27,145.22972386851797,145.31738722526956,141.75286644595897,142.9410400390625,104818600
2021-07-28,141.03217541296894,143.13582861718922,138.82139130869905,141.19773864746094,118931200
2021-07-29,140.91533220968486,142.72680915691933,140.80820129331602,141.84054565429688,56699500
2021-07-30,140.61340882010876,142.51253410621536,140.35044843873504,142.05479431152344,70440600
2021-08-02,142.5417764502479,143.11638102630255,141.46073341799487,141.72369384765625,62880000
2021-08-03,142.00610422671278,144.17792379335657,141.3925349204239,143.5156707763672,64786600
2021-08-04,143.4280072023747,143.93443068193204,142.46382908813206,143.11634826660156,56368300
2021-08-05,143.1455654900914,143.9831303102646,142.35669923658142,143.22348022460938,46397700
2021-08-06,142.74554489782116,143.4868214640887,142.04327662115523,142.54071044921875,54126800
2021-08-09,142.59925003312128,143.08693557693016,141.93600483737242,142.49195861816406,48908700
2021-08-10,142.83337693150492,144.0721026616934,141.72145423409515,142.01406860351562,69023100
2021-08-11,142.45296206335397,143.10645895995768,141.94576488875748,142.26763916015625,48493500
2021-08-12,142.58950812317931,145.37907015513477,142.24812227389452,145.22300720214844,72282600
2021-08-13,145.30102293180235,145.7594485046543,144.61826619020815,145.42782592773438,59375000
2021-08-16,144.88159714502063,147.46633914191412,142.86258697892168,147.39805603027344,103296000
2021-08-17,146.53000561245062,147.94429082183916,145.4180830822368,146.49099731445312,92229700
2021-08-18,146.11058891263426,147.0079285089272,142.55047558587256,142.75531005859375,86326000
2021-08-19,141.45813688757096,144.35499162638828,140.9411911487372,143.08700561523438,86960300
2021-08-20,143.8087395067066,144.84263065061194,143.16499090967656,144.54026794433594,60549600
2021-08-23,144.65731367112883,146.49101645929602,144.24765951519495,146.02284240722656,60131800
2021-08-24,145.7692167650667,147.14449367144724,145.4766024407117,145.93502807617188,48606400
2021-08-25,146.12033978338724,146.6177885615759,144.15984926147306,144.7060546875,58991300
2021-08-26,144.69632845972228,145.4473535938561,143.87700531241939,143.90626525878906,48597200
2021-08-27,143.84772924961433,145.08645474475415,143.21374397198983,144.94015502929688,55802400
2021-08-30,145.3303511992978,149.7097745228435,144.9499569156393,149.348876953125,90956700
2021-08-31,148.90016654739884,149.03671791602926,147.5638979226051,148.09060668945312,86453100
2021-09-01,149.06600170091482,151.163044100905,148.5880643927795,148.75387573242188,80313700
2021-09-02,150.08038183350413,150.90945341746877,148.64658478729757,149.8657989501953,71115500
2021-09-03,149.97306236375573,150.82164538297303,149.3195654805312,150.49977111816406,57808700
2021-09-07,151.15326259436534,153.38685589495006,150.58754556278473,152.83090209960938,82278300
2021-09-08,153.11374935418493,153.17226923823645,150.18763608775444,151.28981018066406,74420200
2021-09-09,151.66044621375175,152.26517148741016,150.15836649901337,150.27542114257812,57305700
2021-09-10,151.1825274626448,151.65070144497142,145.03768627305047,145.30104064941406,140893200
2021-09-13,146.92016289482572,147.6906995642944,145.08646034770857,145.86676025390625,102404300
2021-09-14,146.6470734676716,147.34934195867896,143.29179398463287,144.47198486328125,109296300
2021-09-15,144.9011324843855,145.75946384011283,142.76506733146184,145.35955810546875,83281300
2021-09-16,144.7840715894616,145.30101702156867,143.5941177955223,145.1254425048828,68034100
2021-09-17,145.15475696069768,145.15475696069768,142.17010842593353,142.4627227783203,129868800
2021-09-20,140.25836010441694,141.272739448902,137.79067253613061,139.41954040527344,123478900
2021-09-21,140.38516176883357,141.03867353306788,139.2634909051742,139.89747619628906,75834000
2021-09-22,140.8923300236282,142.82356032742504,140.1608018149043,142.2578582763672,76404300
2021-09-23,143.03818581433492,143.45760318499043,142.05306622379317,143.21376037597656,64838200
2021-09-24,142.07256662788618,143.83798604484667,141.97502355876833,143.30152893066406,53477900
2021-09-27,141.8872464401241,142.36518367517027,140.2778899497781,141.78970336914062,74150700
2021-09-28,139.72194150586213,141.1849984849811,138.20036462885602,138.41494750976562,108972300
2021-09-29,138.9611368887371,140.89236770909372,138.53197117688373,139.31227111816406,74602000
2021-09-30,140.12180436567434,140.8240726910163,137.80041657451724,138.01499938964844,89056700
2021-10-01,138.40517505038864,139.40005789714257,135.68389579904266,139.13670349121094,94639600
2021-10-04,138.26860229461653,138.7075311976416,134.86456666800945,135.713134765625,98322000
2021-10-05,136.0545166576062,138.73678711480215,135.9277136552574,137.63461303710938,80861100
2021-10-06,136.03502801816884,138.6490157972431,134.9621137010957,138.50271606445312,83221100
2021-10-07,139.53657886179528,140.66801284222436,139.2049562794912,139.7609100341797,61732700
2021-10-08,140.48268240335435,140.6289820985626,139.04888585839274,139.38050842285156,58773200
2021-10-11,138.76606124094116,141.2434974770439,138.31738395190774,139.29275512695312,64452200
2021-10-12,139.70242001460875,139.72193160685052,137.56635459515326,138.0247802734375,73035900
2021-10-13,137.76141892529833,137.91746698955632,135.77165355544514,137.43954467773438,78762700
2021-10-14,138.60998871817293,140.3363997461316,138.024760100328,140.21934509277344,69907100
2021-10-15,140.2291266309253,141.33128600610704,139.97552058470157,141.27276611328125,67940300
2021-10-18,139.91703163633275,143.22354025912293,139.6341804641239,142.94068908691406,85589200
2021-10-19,143.3893523933507,145.4961583102962,142.94068985804898,145.09625244140625,76378900
2021-10-20,145.037656955219,146.0617994269622,144.47194001956103,145.5838623046875,58418800
2021-10-21,145.1449650896746,145.9545248556128,144.22811391179323,145.7984619140625,61421000
2021-10-22,146.0033099939033,146.481232332848,144.97916730862042,145.02793884277344,58883400
2021-10-25,145.0181800516583,145.69118854784608,143.98428898104416,144.9791717529297,50720600
2021-10-26,145.6521738906202,147.12497895180522,145.34004798248478,145.64242553710938,60893400
2021-10-27,145.68145499107032,146.0423376021523,144.83288673993832,145.18402099609375,56094900
2021-10-28,146.13013733509126,149.39762230558532,146.03259425054543,148.81240844726562,100077900
2021-10-29,143.59415144162946,146.24716233667445,142.8041031388741,146.11061096191406,124953200
2021-11-01,145.3205654883688,146.01307072992742,144.1598713388164,145.2913055419922,74588300
2021-11-02,144.99864449006242,147.8369774382172,144.98888125575905,146.3251495361328,69122000
2021-11-03,146.68608830895576,148.2271767394299,146.1301344105293,147.75900268554688,54511500
2021-11-04,147.8467296178319,148.67578599123124,146.92987854832478,147.24200439453125,60394600
2021-11-05,148.36531545380285,148.6681193629179,146.57777973692555,147.76947021484375,65463900
2021-11-08,147.8964665160418,148.0527572213007,146.67547332752292,146.948974609375,55020900
2021-11-09,146.71456416967115,147.9160175036458,146.57781350486675,147.31040954589844,56787900
2021-11-10,146.53871644786318,146.64616444006643,144.41907415140022,144.48744201660156,65187100
2021-11-11,145.50337745552386,145.96245735437574,144.25306624890754,144.43865966796875,41000000
2021-11-12,144.9856178095641,146.90990439693277,144.05766590459464,146.50942993164062,63804000
2021-11-15,146.88060480284193,148.3555742437889,145.9624154592678,146.51919555664062,59222800
2021-11-16,146.4606021824879,147.97463697406297,145.87451939068316,147.49600219726562,59256200
2021-11-17,147.4959684847215,151.4031464578267,147.4862059054811,149.92819213867188,88807000
2021-11-18,150.14311888912806,154.98801222203343,149.49843081431837,154.20657348632812,137827700
2021-11-19,153.9916581394781,157.28346597858675,152.89765298958213,156.82437133789062,117305600
2021-11-22,157.92813559947206,161.85485386154411,157.26392246010866,157.28346252441406,117467900
2021-11-23,157.38116514595987,158.04539332554327,155.36897034832776,157.66444396972656,96041900
2021-11-24,157.0197711747025,158.37751541168896,155.9355283016625,158.18215942382812,69463600
2021-11-26,155.867151508964,156.72672078738918,152.73163368073872,153.1711883544922,76959800
2021-11-29,155.6717999974176,157.44957388742296,155.10525716119747,156.52162170410156,88748200
2021-11-30,156.2773947152438,161.67906839694083,156.2090119296681,161.46417236328125,174048100
2021-12-01,163.5935775451036,166.34814584365344,160.71203606659066,160.94647216796875,152052500
2021-12-02,155.0563862894109,160.38967666927002,154.13819694441963,159.9598846435547,136739200
2021-12-03,160.21386222018816,161.13205157338396,156.01364225594332,158.08444213867188,118023100
2021-12-06,160.47759138079394,163.98429560873123,160.4678287996897,161.48370361328125,107497000
2021-12-07,165.15647293806026,167.59846003217984,164.43363939250656,167.20773315429688,120405400
2021-12-08,168.13568563195315,171.8768113251432,166.73886138447926,171.01722717285156,116998900
2021-12-09,170.85110028687257,172.6483982816729,169.88406853193717,170.50921630859375,108923700
2021-12-10,171.1442122366866,175.46164318083981,170.63627480069655,175.2858123779297,115402700
2021-12-13,176.91705651666257,177.90362873179458,171.45677755961725,171.6619110107422,153237000
2021-12-14,171.18327152968024,173.6154957034132,168.21382219359762,170.2846221923828,139380400
2021-12-15,171.0465102933484,175.33463817394934,168.31148231582245,175.1392822265625,131063300
2021-12-16,175.11976837917365,176.93660728082307,166.78771003091353,168.26266479492188,150185800
2021-12-17,165.98668171971096,169.44454258569772,165.75226057944147,167.16860961914062,195432700
2021-12-20,164.374993320752,166.62162387110183,163.57402950297322,165.81088256835938,107499100
2021-12-21,167.57889907243998,169.18084181030284,165.1955175809284,168.97572326660156,91185900
2021-12-22,169.02456703895956,171.77913555211592,168.15522025592128,171.56423950195312,92135300
2021-12-23,171.76933180091095,172.74612637491737,171.20278915942293,172.18934631347656,68356600
2021-12-27,172.9805656257053,176.2332936859138,172.96104046356876,176.1453857421875,74919600
2021-12-28,175.9793227997058,177.12217071968058,174.38714279522745,175.12950134277344,79144300
2021-12-29,175.16859502828655,176.4384311169709,174.00620695259946,175.21743774414062,62348900
2021-12-30,175.30532209148024,176.3798020768136,173.95734081982604,174.06478881835938,59773000
2021-12-31,173.9573548573712,175.0709001571645,173.14661351296067,173.44943237304688,64062300
2022-01-03,173.70338274431063,178.63619837680892,173.5861721636794,177.786376953125,104487900
2022-01-04,178.39201490568885,178.69481886787932,174.96345608354855,175.52999877929688,99310400
2022-01-05,175.4420853705736,175.9890879826122,170.587414831676,170.8609161376953,94537600
2022-01-06,168.69248149767625,171.23215427857738,167.6570812562145,168.00872802734375,96904000
2022-01-07,168.8780523594411,170.09904585932276,167.06121343542898,168.1747589111328,86709100
2022-01-10,165.15642793014217,168.4970635759533,164.26754129298973,168.1942596435547,106765600
2022-01-11,168.3212790198075,171.1148977053451,166.85608689005863,171.01722717285156,76138300
2022-01-12,172.03309245435602,173.06849253983535,170.76327115991117,171.456787109375,74805200
2022-01-13,171.70094857794888,172.52145244084235,167.80353287215138,168.1942596435547,84505800
2022-01-14,167.36398288031089,169.7473640846977,167.1197842307582,169.05384826660156,80440800
2022-01-18,167.53003637041928,168.53613361538314,165.47877665458643,165.85972595214844,90956700
2022-01-19,166.05509393247632,167.1100339648471,162.08930995625335,162.37257385253906,94815000
2022-01-20,163.10515822088573,165.74250066133902,160.3701303584997,160.69247436523438,91420500
2022-01-21,160.60457194151562,162.470253269675,158.5337720868401,158.64122009277344,122848900
2022-01-24,156.30669005524535,158.53378075020058,151.11013516388041,157.8695526123047,162294600
2022-01-25,155.29079647095608,158.98307875093712,153.3762874615523,156.07223510742188,115798400
2022-01-26,159.70591419723806,160.575260779249,154.15772812433738,155.9843292236328,108275300
2022-01-27,158.68029600296296,160.0380400395087,154.6070638933257,155.52525329589844,121954600
2022-01-28,161.86465470605705,166.39698147337538,159.0221785798324,166.37744140625,179935700
2022-01-31,166.2113655240236,170.9390476064095,165.57644011866424,170.72415161132812,115541600
2022-02-01,169.9720379540269,170.78277933201363,168.31148996868112,170.55812072753906,86213900
2022-02-02,170.69487983616585,171.79866265554188,169.30783310188434,171.75958251953125,84914300
2022-02-03,170.43110878285196,172.15027672857178,168.12587305039293,168.8877716064453,89418100
2022-02-04,167.9097269846018,170.27659447810953,166.9316879925936,168.60414123535156,82465400
2022-02-07,169.0638417050099,170.12990075671365,167.19578341710826,167.89019775390625,77251200
2022-02-08,167.95861304675316,171.4991239481133,167.66519839738126,170.99053955078125,74829200
2022-02-09,172.18377712176584,172.77059159545334,171.05902326407136,172.40872192382812,71285000
2022-02-10,170.31573108381698,171.62629991772872,167.78261335475796,168.340087890625,90865900
2022-02-11,168.54552151303656,169.2790510191681,164.3497243806945,164.93655395507812,98670700
2022-02-14,163.69438566255786,165.85585845870224,162.90217644579033,165.17123413085938,86185500
2022-02-15,167.21536820889426,169.15188170406051,166.51117876998032,168.99539184570312,62527400
2022-02-16,168.0760262456703,169.53329496166765,166.31555287107355,168.76065063476562,61177400
2022-02-17,167.27401205002488,168.13469116142224,164.77023455180458,165.17123413085938,69589300
2022-02-18,166.0906242687398,166.79479876362558,162.54033719370844,163.62596130371094,82772700
2022-02-22,161.35688974047144,163.02934320107533,158.58903724171788,160.71139526367188,91162800
2022-02-23,161.90460945584556,162.50121399005073,156.24176881453315,156.55474853515625,90009200
2022-02-24,149.22923948055748,159.27370735740539,148.66197489078866,159.16612243652344,141147500
2022-02-25,160.24192254485857,161.4938113988268,157.3371452242796,161.22975158691406,91974200
2022-02-28,159.479061922758,161.78723492110947,158.86289248069977,161.4938201904297,95056600
2022-03-01,161.0830099436266,162.941292878192,158.41296782417575,159.61595153808594,83474400
2022-03-02,160.7798480922219,163.6846254319098,159.37146939131958,162.90219116210938,79724800
2022-03-03,164.77026570160976,165.20060533866413,161.91439302006907,162.57945251464844,76678400
2022-03-04,160.87765818976635,161.91437725608384,158.54014531943216,159.58663940429688,83737200
2022-03-07,159.7724722055909,161.3960207362876,155.54733601828758,155.8016357421875,96418800
2022-03-08,155.3322124692921,159.3030497335725,152.3785295346828,153.98251342773438,131148300
2022-03-09,157.93374136581392,159.82136448965088,155.9092082958325,159.3714599609375,91454900
2022-03-10,156.68187121650197,156.86770104560523,152.55454474714313,155.0387725830078,105342000
2022-03-11,155.43974670100266,155.78206635482195,151.1070406596988,151.3319854736328,96970100
2022-03-14,148.12404550887342,150.7354085874783,146.80370143921206,147.31227111816406,108732100
2022-03-15,147.58611061794517,152.15356685525754,147.07754097449947,151.68409729003906,92964300
2022-03-16,153.60105321090987,156.48626575095446,151.06793536575267,156.08526611328125,102300200
2022-03-17,155.1268130175759,157.46432633327734,154.16833868809496,157.09266662597656,75615400
2022-03-18,156.98504839102176,160.86786475806085,156.25151907619613,160.37884521484375,123511700
2022-03-21,159.9191797677464,162.69682236043158,159.4301601813594,161.7481231689453,95811400
2022-03-22,161.8752272476192,165.69936326568208,161.28841281006214,165.112548828125,81532000
2022-03-23,164.3008129085659,168.8486892835288,163.9682682338466,166.47206115722656,98062700
2022-03-24,167.30336151454603,170.31572365157868,166.47203725633872,170.2472686767578,90131400
2022-03-25,170.06143114397722,171.430679815148,168.95624226558783,170.8829803466797,80546200
2022-03-28,168.38898581373743,171.87080253422522,168.22272096176943,171.74366760253906,90371900
2022-03-29,172.8097389298353,175.0787819860724,172.46741925958432,175.02989196777344,100589400
2022-03-30,174.6288971925018,175.66561632731086,172.81951875433577,173.86602783203125,92633200
2022-03-31,173.93448350287292,174.1203133341303,170.5700263491638,170.77542114257812,103049300
2022-04-01,170.208175340956,171.0395147015426,168.1640768197994,170.48202514648438,78751300
2022-04-04,170.7362946873885,174.5702062097959,170.60914482743888,174.52130126953125,76468400
2022-04-05,173.60197924086432,174.38441368133695,170.58961634544698,171.21556091308594,73401800
2022-04-06,168.57483234577828,169.81694627331598,166.3938091700385,168.0564727783203,89058800
2022-04-07,167.40120586506256,169.5528892849942,166.11997680279987,168.35968017578125,77594700
2022-04-08,168.0075484323814,168.0075484323814,165.48420586824818,166.3546600341797,76575500
2022-04-11,165.00495667225465,165.31792137375717,161.8654450981865,162.10995483398438,72246700
2022-04-12,164.33013728303388,166.13950070260202,162.9804385205217,163.97804260253906,79265200
2022-04-13,163.71395993382896,167.28379658301122,163.10758048377514,166.65785217285156,70618900
2022-04-14,166.87301451784703,167.50874884154206,161.41555493977322,161.66006469726562,75329400
2022-04-18,160.32019219645267,162.94134514885508,159.97788741289764,161.4449462890625,69023900
2022-04-19,161.39603175237912,164.1345444765827,160.31040765157212,163.7237548828125,67723800
2022-04-20,165.05389393478876,165.17126878968486,162.45232094308298,163.5574951171875,67929800
2022-04-21,165.2006123983915,167.76307044383682,162.26649466439048,162.76528930664062,87227800
2022-04-22,162.8044255775631,164.18344962427105,157.95334416856102,158.23696899414062,84882400
2022-04-25,157.5816658069576,159.58664908398902,154.98009296481885,159.3030242919922,96046400
2022-04-26,158.6868628689345,158.7748828167284,153.2783071958642,153.35655212402344,95623200
2022-04-27,152.48606720314393,156.28084845296394,151.96770771639416,153.13157653808594,88063200
2022-04-28,155.75271956865106,160.906989569117,155.43973990755873,160.0463104248047,130216800
2022-04-29,158.2858683064252,162.55012002443183,153.7966717400247,154.18788146972656,131747600
2022-05-02,153.26850950984627,154.75511815394006,149.9040527150275,154.49105834960938,123055300
2022-05-03,154.67689768841237,157.18069064394373,152.88709903691972,155.97769165039062,88966500
2022-05-04,156.16349976201118,162.8239435793619,155.76250015329012,162.37405395507812,108256500
2022-05-05,160.25169689963175,160.47664169209344,151.54714080304078,153.32717895507812,130525300
2022-05-06,152.80807823964273,156.16768941381943,151.01563498071906,154.05201721191406,116124600
2022-05-09,151.75022430191655,152.63176175523802,148.38083908771665,148.9391326904297,131577900
2022-05-10,152.328132388233,153.52309446613708,149.79127784510368,151.33885192871094,115366700
2022-05-11,150.3495566722883,152.2595317646696,142.8173843082867,143.49322509765625,142689800
2022-05-12,139.83976020897538,143.19935493438027,135.95124019693563,139.63406372070312,182602000
2022-05-13,141.62247481337442,145.06044619602298,140.1728540722722,144.09075927734375,113990900
2022-05-16,142.56270654493258,144.4922750783004,141.22081452776507,142.5529022216797,86643800
2022-05-17,145.80479629477273,146.6961230315545,143.66953086740642,146.177001953125,78336300
2022-05-18,143.83608013972986,144.33560760113403,137.0287088681347,137.92984008789062,109742900
2022-05-19,137.0091561140078,138.7526228149115,133.79647489353653,134.5310821533203,136095600
2022-05-20,136.23529658390538,137.81225334878067,129.88829706526903,134.76608276367188,137426100
2022-05-23,134.96201586760006,140.31975175202894,134.82488980062982,140.17283630371094,117726300
2022-05-24,137.92002455292192,139.05622039365426,134.51145197634384,137.47926330566406,104132700
2022-05-25,135.5888849437953,138.87992561613757,135.50073567160547,137.63600158691406,92482700
2022-05-26,134.57023400738558,141.37759058232152,134.3253649583187,140.82908630371094,90601500
2022-05-27,142.4060284868712,146.60797434750936,142.27869181225157,146.5688018798828,90978500
2022-05-31,146.01050754614022,147.5678709384086,143.82626511004062,145.78521728515625,103718400
2022-06-01,146.82350810090958,148.6257560566862,144.64906927179914,145.65794372558594,74286600
2022-06-02,144.79596367082308,148.16536407915592,143.8458705924634,148.10659790039062,72348100
2022-06-03,143.88504856420633,144.93309527765794,141.49513917786348,142.39625549316406,88570300
2022-06-06,144.0123427084728,145.52074398839235,141.9260542251629,143.14060974121094,71598400
2022-06-07,141.38742597375742,145.94198530883733,141.14255687089025,145.65794372558594,67808200
2022-06-08,145.53061045062006,146.7941284752165,144.4336016264356,144.92333984375,53950200
2022-06-09,144.06133943857793,144.91347882072873,139.60472041542363,139.71246337890625,69473000
2022-06-10,137.40089525066517,137.8710395567264,134.24698126233585,134.3155517578125,91437900
2022-06-13,130.14299644685158,132.4251777606438,128.7423526705115,129.17332458496094,122207100
2022-06-14,130.39766413988795,131.1420606306549,128.7815195311164,130.03524780273438,84784300
2022-06-15,131.53383428431485,134.5212392737676,129.44756042743367,132.6504364013672,91533000
2022-06-16,129.36920136755154,129.67283655853572,126.39158573948599,127.39065551757812,108123900
2022-06-17,127.40048374314352,130.34870189215334,127.14581035148301,128.85989379882812,134520300
2022-06-21,130.68169231513036,134.2469845261448,130.58375367786297,133.08140563964844,81000500
2022-06-22,132.02360899242208,134.93265491125933,131.1616799782049,132.57212829589844,73409200
2022-06-23,134.0119372202921,135.74559928638683,132.84635818263115,135.4321746826172,72433800
2022-06-24,137.02873655581266,138.99749360130787,136.90141479225005,138.75262451171875,89116800
2022-06-27,139.77127334833523,140.54506804098577,138.07678343315314,138.75262451171875,70207900
2022-06-28,139.2129786588069,140.47649657650823,134.50169979812208,134.61923217773438,67083400
2022-06-29,134.63881999394516,137.78293057588337,133.86502534038587,136.3724822998047,66242400
2022-06-30,134.43310739232075,135.53011594509118,131.0245344279122,133.9139862060547,98964500
2022-07-01,133.24794276909347,136.1863715256026,132.87575195629162,136.07862854003906,71051600
2022-07-05,134.94240992218974,138.70359409768392,134.1196387404863,138.6546173095703,73353800
2022-07-06,138.44897021265854,141.16210859174285,138.1845074474581,139.9867401123047,74064300
2022-07-07,140.3491492881493,143.5422515193908,140.3393599057939,143.3463592529297,66253700
2022-07-08,142.2787196887486,144.52172874952925,142.0240612352335,144.02218627929688,64547800
2022-07-11,142.68026652507825,143.6303594367227,140.82905749070648,141.8966827392578,63141600
2022-07-12,142.76840995155382,145.4032026642234,142.0729903924104,142.86636352539062,77588800
2022-07-13,140.05527730810053,143.4442558667998,139.20312303306522,142.50396728515625,71185600
2022-07-14,141.1228918514691,145.89293478252006,140.30992504725015,145.42279052734375,78140700
2022-07-15,146.70591085003534,147.76374670018814,145.15833701067942,147.08790588378906,76259900
2022-07-18,147.64626627696484,148.45923341835072,143.68917356336667,144.0515899658203,81420900
2022-07-19,144.88410592104603,148.1261694879342,143.8948404199678,147.90089416503906,82982400
2022-07-20,148.01844006316782,150.56508418725386,147.28383290571463,149.89903259277344,64823400
2022-07-21,151.32909076479385,152.37713759641647,148.82163378808133,152.16165161132812,65086600
2022-07-22,152.20076617293066,153.07249916430717,150.26140799071646,150.9274444580078,66675400
2022-07-25,150.84914031891685,151.85799971719163,149.15465049641978,149.81089782714844,53623900
2022-07-26,149.13504463438227,149.94801169458665,147.70501771546552,148.4886016845703,55138700
2022-07-27,149.44845111836102,154.10096215711584,149.0370729884084,153.57203674316406,78620700
2022-07-28,153.7581586202447,154.40461645264705,151.24091273921562,154.12057495117188,81378700
2022-07-29,157.93072824104914,160.2716754702952,156.22643448443253,159.17465209960938,101786900
2022-08-01,157.70543713439505,160.23248719622674,157.58790478823227,158.19517517089844,67829400
2022-08-02,156.81410108129182,159.0766880696811,156.35374620232938,156.72593688964844,59907000
2022-08-03,157.53897487053965,163.17096396610395,157.45082558468908,162.7204132080078,82507500
2022-08-04,162.60282888470158,163.75861850349844,161.05525478751719,162.4069366455078,55474100
2022-08-05,160.08234575425365,162.67175374212067,159.87636348602825,162.18133544921875,56697000
2022-08-08,163.18182660608474,164.5942341050474,161.05341237675853,161.7105712890625,60276900
2022-08-09,160.87682032374863,162.64232916411427,160.12157196524083,161.7595672607422,63135500
2022-08-10,164.4667081851827,166.0949008724902,163.70165667502752,165.996826171875,70170500
2022-08-11,166.8010905635419,167.71327649760102,164.9669306824805,165.2611846923828,57149200
2022-08-12,166.56569547580565,168.87065273956517,166.1537308916434,168.802001953125,68039400
2022-08-15,168.2331286414766,170.06728863023804,168.0663881848966,169.87112426757812,54091700
2022-08-16,169.46897842594916,170.3811644180383,168.37044601656845,169.7141876220703,56377100
2022-08-17,169.45914438952641,172.77436193637106,169.2629800618565,171.2050323486328,79542000
2022-08-18,170.4203849105247,171.54834118381174,169.8024529702403,170.81271362304688,62290100
2022-08-19,169.7141510996703,170.41055165199725,168.02711099609633,168.23309326171875,70346300
2022-08-22,166.43814850327874,166.60488891273792,163.93701242863682,164.35877990722656,69026800
2022-08-23,163.87817957003261,165.4769480040651,163.4564120530002,164.02529907226562,54147100
2022-08-24,164.1135822617859,164.88843656775538,163.0640799468379,164.31954956054688,53841500
2022-08-25,165.54559127859812,166.87952958176348,165.12383874706296,166.77163696289062,51218200
2022-08-26,167.30132415112922,167.77212157949262,160.42564926256463,160.4844970703125,78961000
2022-08-29,158.0618418321346,159.77830620497173,156.7573420791942,158.28744506835938,73314000
2022-08-30,159.02304111055471,159.44479366035216,154.69754815714236,155.86474609375,77906200
2022-08-31,157.23791969354875,157.50274977749038,154.12866933419335,154.20713806152344,87991100
2022-09-01,153.6382716729597,155.38415993328115,151.70602203096658,154.9329833984375,74229900
2022-09-02,156.6886409081276,157.2869518100939,152.0002433352291,152.8241424560547,76957800
2022-09-06,153.4715206737186,154.07963464254792,150.7447958267751,151.56869506835938,73714800
2022-09-07,151.85314497915547,153.6676838931478,150.66632598771957,152.97129821777344,87449600
2022-09-08,151.6765739248584,153.36361410419434,149.75412756943635,151.50003051757812,84923800
2022-09-09,152.49069467763707,154.79566708651402,151.7844910019974,154.35427856445312,68028800
2022-09-12,156.53173198406338,161.11223777090294,156.24729591423596,160.2981414794922,104956000
2022-09-13,156.83579030622826,157.46352522744408,150.43092752735453,150.8919219970703,122656600
2022-09-14,151.82368576965968,154.0894308134101,150.66630580332588,152.33372497558594,87965400
2022-09-15,151.6863795720259,152.26508456095567,148.47905455230304,149.4500732421875,90481100
2022-09-16,148.31227837796118,148.44959487507353,145.52669163223447,147.81204223632812,162278800
2022-09-19,146.4487439883553,151.59813732109004,146.24277663621996,151.51966857910156,81474200
2022-09-20,150.4603364872082,155.05065980282333,150.14647654096675,153.8932647705078,107689800
2022-09-21,154.3248240736869,155.69800426701255,150.65650483896582,150.77420043945312,101696800
2022-09-22,149.45988650515864,151.50983141556574,148.0180554999838,149.81298828125,86652500
2022-09-23,148.2926712627535,148.56730428254153,145.71306650576898,147.54722595214844,96029900
2022-09-26,146.7920383807957,150.82327820825114,146.77241745430226,147.88076782226562,93339400
2022-09-27,149.81302224747262,151.75507497309587,147.07647912072952,148.85179138183594,84442700
2022-09-28,144.81072915722658,147.75323924438212,142.06438341593866,146.96856689453125,146691400
2022-09-29,143.30025780798485,143.9083718149734,137.98410935439225,139.74961853027344,128138200
2022-09-30,138.5725991267457,140.35772899315157,135.35545614892226,135.55162048339844,124925300
2022-10-03,135.5614611189966,140.32832857992096,135.05142179088293,139.72019958496094,114311700
2022-10-04,142.2507447443845,143.41794280659562,141.49549629829846,143.3002471923828,87830100
2022-10-05,141.30917618434017,144.55574385560058,140.26947652199397,143.59451293945312,79471000
2022-10-06,143.0158044200555,144.7126478104947,142.43711432828448,142.64308166503906,68402200
2022-10-07,139.80845770678545,140.3577388347644,136.7776758724346,137.40541076660156,85925600
2022-10-10,137.7290802001953,139.17091126885134,135.91454138275128,137.7290802001953,74899000
2022-10-11,137.2190642395612,138.64128959242282,135.57126557653487,136.3166961669922,77033700
2022-10-12,136.46383432846753,137.67025945099226,135.51242139642648,135.68896484375,70433700
2022-10-13,132.40313927882985,140.83832513907973,131.79501040391918,140.2498321533203,113224000
2022-10-14,141.54451814883853,141.75050040665323,135.54180333634727,135.72816467285156,88598000
2022-10-17,138.36663643162046,140.16155437004147,137.5819641011487,139.6809539794922,85250900
2022-10-18,142.7019309504816,143.88873492707052,137.91544326382163,140.99526977539062,99136600
2022-10-19,138.974780941184,142.1723038055395,138.78841953799576,141.1031951904297,61758300
2022-10-20,140.2792613677454,143.09425775385319,139.91634163141597,140.6421661376953,64522000
2022-10-21,140.13215438788754,145.01673262152644,139.91636908601356,144.44784545898438,86548600
2022-10-24,144.36934369172494,147.35108041478094,143.20214572577777,146.58602905273438,75981900
2022-10-25,147.2137868289863,149.5678040506047,146.49778017936205,149.42066955566406,74732300
2022-10-26,148.06709300971718,149.07735346461445,145.20303709712394,146.48794555664062,88194300
2022-10-27,145.23251764978033,146.19373355952823,141.36801811707775,142.02517700195312,109180200
2022-10-28,145.36002058759684,154.48180643716302,144.98731275555542,152.7555389404297,164762400
2022-10-31,150.22496108445085,151.2842665764986,149.0087181195706,150.40150451660156,97943200
2022-11-01,152.10816072803473,152.47106552613408,146.27218522217615,147.76304626464844,80379300
2022-11-02,146.09565715267652,149.2539532521018,142.2213542877692,142.2507781982422,93604600
2022-11-03,139.3376507448135,140.06347524662803,136.0910838596121,136.21859741210938,97918500
2022-11-04,139.59827074317496,140.16810151754257,132.0234836201314,135.95333862304688,140814800
2022-11-07,134.70562941235488,136.70984922405512,133.29087896117363,136.48388671875,83374600
2022-11-08,137.94774130575934,138.9498435557623,135.0789489012502,137.05369567871094,89908500
2022-11-09,136.07124673599705,136.12037292800636,132.22980938548775,132.50489807128906,74917800
2022-11-10,138.7631733571785,144.29443359375,137.05368118428237,144.29443359375,118854000
2022-11-11,143.26284999283982,147.37935990276293,141.83826577346156,147.07479858398438,93979700
2022-11-14,146.35763570725214,147.64466090619808,144.8446330372058,145.6797332763672,73374100
2022-11-15,149.55060713210176,150.89657743758315,145.95478683657723,147.40882873535156,89868300
2022-11-16,146.51483522710427,147.2418488642614,144.70709039322372,146.1807861328125,64218300
2022-11-17,143.86218666008645,148.82363252503697,143.58709795786277,148.07696533203125,80389400
2022-11-18,149.63904958366277,150.02220984195606,147.34008803390304,148.63693237304688,74829600
2022-11-21,147.52676535819396,147.73307435769456,145.12955132737417,145.41445922851562,58724100
2022-11-22,145.53236323934706,147.7821986794849,144.3533947208252,147.54640197753906,51804100
2022-11-23,146.82920540527334,149.16747394284351,146.72113379241404,148.42080688476562,58301400
2022-11-25,145.7092003283938,146.2692118769101,144.54006603549058,145.51271057128906,35195900
2022-11-28,142.59476743015247,144.06846284178744,140.86563687733454,141.69090270996094,69246000
2022-11-29,141.75967888062996,142.2705641956943,137.88878454429147,138.69439697265625,83763800
2022-11-30,138.9203582971881,146.1119996275474,138.08527316426236,145.43409729003906,111380900
2022-12-01,145.61096061666942,146.51482547786148,144.03901260255705,145.70919799804688,71250400
2022-12-02,143.4004227674544,145.40464232225125,143.09584639700262,145.2179718017578,65447400
2022-12-05,145.17867816271277,148.27343309869434,143.21375058654476,144.0586700439453,68826400
2022-12-06,144.4909215977212,144.71688401684585,139.43122531687646,140.40386962890625,64727200
2022-12-07,139.69653991914743,140.85584008868295,137.5449416476374,138.4684600830078,69721100
2022-12-08,139.8635600853956,141.00322179654424,138.62566097989853,140.14846801757812,62128300
2022-12-09,139.84388950557997,143.01725827820258,138.42913927736055,139.66705322265625,76097000
2022-12-12,140.19757351667832,141.96601125722427,138.58633357333804,141.95619201660156,70462700
2022-12-13,146.87831847453648,147.34007759813417,141.71056497387187,142.9189910888672,93886200
2022-12-14,142.8011107216781,144.0881358235322,138.68458524913544,140.69863891601562,82291200
2022-12-15,138.63546667684503,139.3133690938159,133.64454880056923,134.10630798339844,98931900
2022-12-16,134.29299371012456,135.23615066480997,131.3848939522239,132.15121459960938,160156900
2022-12-19,132.74067737544078,132.82909551472687,129.01714637272462,130.04872131347656,79592600
2022-12-20,129.08590439011405,130.91328746393052,127.61220884643005,129.97994995117188,77432800
2022-12-21,130.64800547841642,134.4108428696223,130.42204304769788,133.07469177246094,85928000
2022-12-22,131.99401195090732,132.20032094511618,128.0150307307424,129.9111785888672,77852100
2022-12-23,128.62416529925937,130.09786107261186,127.36661277196195,129.5476837158203,63814900
2022-12-27,129.07607245594536,129.10554516462403,126.46271568426795,127.74974060058594,69007800
2022-12-28,127.39605990024205,128.73221106602657,123.66270252163467,123.82971954345703,85438400
2022-12-29,125.74552617249073,128.19185867326428,125.4900910087302,127.33712005615234,75703700
2022-12-30,126.1581553688859,127.67114272748928,125.19533773599038,127.6514892578125,77034200
2023-01-03,127.99536673400503,128.60448941700523,121.9925130634904,122.8767318725586,112117500
2023-01-04,124.66482384759799,126.40378887161263,122.88656686996354,124.14411926269531,89113600
2023-01-05,124.90062068574457,125.52939692056383,122.57218626779334,122.82762145996094,80962700
2023-01-06,123.80025946812165,128.0051956310965,122.69989736764362,127.3469467163086,87754700
2023-01-09,128.18205614149144,131.07050217869943,127.61222532540481,127.86766052246094,70790800
2023-01-10,127.97572556898378,128.95818934117645,125.87325369613974,128.43748474121094,63896200
2023-01-11,128.94836939344688,131.1687321095965,128.17222961380043,131.1490936279297,69458900
2023-01-12,131.5322547782573,131.90558081812333,129.13504077259947,131.07049560546875,71379600
2023-01-13,129.71466811603167,132.55398732492168,129.3511613806362,132.39678955078125,57809700
2023-01-17,132.4655864864573,134.88243886666353,131.77786487384603,133.55612182617188,63646600
2023-01-18,134.4207108763407,136.17931456809228,132.66209219338052,132.8389434814453,69672800
2023-01-19,131.72873868777404,133.86068318245066,131.4241773301355,132.8978729248047,58280400
2023-01-20,132.90770800117681,135.59966433835268,131.86629872212012,135.45228576660156,80223600
2023-01-23,135.6978953680963,140.80671912517695,135.4817521326256,138.63546752929688,81760300
2023-01-24,137.84950755371702,140.64953566811175,137.8396883115422,140.03057861328125,66435100
2023-01-25,138.41932337339787,139.93231102042415,136.37579688239575,139.372314453125,65799300
2023-01-26,140.65933109437518,141.72039372676826,139.41159795380088,141.43548583984375,54105100
2023-01-27,140.64951214628343,144.64813175929368,140.57091324840124,143.3709259033203,70555800
2023-01-30,142.41796049282078,142.99761054282715,140.34496125408572,140.49232482910156,64015300
2023-01-31,140.19757555057984,141.80881551729502,139.78494257033407,141.7596893310547,65874500
2023-02-01,141.44529588395375,144.0389993752098,138.8417731528238,142.8796844482422,77663600
2023-02-02,146.2888426135127,148.52885870656533,145.57164829200897,148.17518615722656,118339000
2023-02-03,145.43407851103754,154.62011872552648,145.23758879873273,151.79061889648438,154357300
2023-02-06,149.8945101165513,150.41521473457135,148.13589150827315,149.06922912597656,69858300
2023-02-07,147.9983592694092,152.5078649107581,147.9983592694092,151.9380340576172,83322600
2023-02-08,151.18154087876943,151.86926257026718,148.51905726950346,149.2559051513672,64120100
2023-02-09,151.0832773681269,151.62363543992853,147.782198500911,148.22430419921875,56007100
2023-02-10,147.0632318137508,148.9130734935689,146.8270751036462,148.58836364746094,57450700
2023-02-13,148.52936881115792,151.7862873807752,148.49985109109068,151.38287353515625,62199000
2023-02-14,149.68055772689488,151.3041068890254,148.4407688328002,150.7432403564453,61707600
2023-02-15,150.6547103127393,153.0063833860837,150.42840282421838,152.839111328125,65573800
2023-02-16,151.0482818929642,153.82306709582505,150.8908590911332,151.24508666992188,68167900
2023-02-17,149.90687847207133,150.5464488832577,148.4309328947845,150.10366821289062,59144100
2023-02-21,147.79135689260553,148.87372305726493,146.03006833094608,146.09893798828125,58867200
2023-02-22,146.4826667367167,147.5453493019233,144.80009726904348,146.52203369140625,51011300
2023-02-23,147.6831183102613,147.92910925221886,144.8788305804024,147.00418090820312,48394200
2023-02-24,144.75094042273577,144.8296593421339,143.38323110315275,144.35736083984375,55469600
2023-02-27,145.34128862301924,146.77786725557394,145.0854484451516,145.54791259765625,44998500
2023-02-28,144.69185403745792,146.68929899478212,144.47538083886278,145.04608154296875,50547000
2023-03-01,144.47544217070876,144.86902178209266,142.6846204064825,142.9798126220703,55479000
2023-03-02,142.0646965175798,144.3573339453376,141.59238308918532,143.57015991210938,52238100
2023-03-03,145.66597544130724,148.68675112203792,144.96736964186593,148.6080322265625,70732300
2023-03-06,151.32379221822697,153.79355106354063,150.99909736370918,151.3631591796875,87558000
2023-03-07,151.23522972088062,151.55993956940895,148.7064506179963,149.16891479492188,56182000
2023-03-08,150.35951315538156,151.00893289820618,149.39523278864294,150.41854858398438,47204800
2023-03-09,151.09748364556307,152.06176399701366,147.82088228318355,148.17510986328125,53833600
2023-03-10,147.80122193638456,148.5195113692859,145.24290982690115,146.11863708496094,68572400
2023-03-13,145.43967499711258,150.68420342446277,145.33143838738883,148.05702209472656,84457100
2023-03-14,148.85404568502526,150.94004418166887,147.6929755826584,150.14303588867188,73695900
2023-03-15,148.7654682431246,150.7924309816341,147.51583019026035,150.53660583496094,77167900
2023-03-16,149.71992520737962,153.95097226183628,149.20825986230471,153.3507537841797,76161100
2023-03-17,153.57707174404283,154.22649145558808,151.80593390078133,152.51438903808594,98944600
2023-03-20,152.5832627325511,155.28916298853815,151.6780028890537,154.87588500976562,73641400
2023-03-21,154.7971931327365,156.84382463636302,154.02968755125636,156.7257537841797,73938300
2023-03-22,156.74547004618515,159.53992423566484,155.27935826386764,155.29904174804688,75701800
2023-03-23,156.28297554136526,158.9593583364734,155.15140813839363,156.38136291503906,67622100
2023-03-24,156.31249715364865,157.76875944157217,155.31869907440637,157.68020629882812,59196500
2023-03-27,157.37517430078694,158.19186606543823,155.33836200567538,155.74179077148438,52390300
2023-03-28,155.43673225056244,155.94839753031852,153.47863926690832,155.12185668945312,45992200
2023-03-29,156.81432081388166,158.4673879613573,156.79465234617297,158.19187927246094,51305700
2023-03-30,158.93967116064357,159.86459953343115,158.68384597812414,159.75636291503906,49501700
2023-03-31,159.8350878653574,162.35403288236776,159.31358823359025,162.25563049316406,68749800
2023-04-03,161.63575413574327,163.62335040456196,161.58655293789977,163.50527954101562,56976200
2023-04-04,163.92836877990578,164.16451047380076,162.46225736922722,162.9739227294922,46278300
2023-04-05,162.09819114468434,162.4032175003463,159.2053353608918,161.13389587402344,51511700
2023-04-06,159.82520525050802,162.31464704794055,159.4021080962766,162.0194549560547,45390100
2023-04-10,158.8314677582338,159.4316864013672,157.5129595959733,159.4316864013672,47716900
2023-04-11,159.7465367378167,159.75637097122245,157.93603184667685,158.2213897705078,47644200
2023-04-12,158.6346580327857,159.46118408911326,157.2177476424543,157.53262329101562,50133100
2023-04-13,159.03807402297244,163.14120127307194,158.83143501847854,162.90504455566406,68445600
2023-04-14,161.9506011686896,163.65286938363687,161.19295983913122,162.5606689453125,49386500
2023-04-17,162.44256794452966,162.73776006518966,161.39956879707992,162.580322265625,41516200
2023-04-18,163.43641422586148,164.72540456754612,162.99361844758067,163.80047607421875,49923000
2023-04-19,163.1412083770297,165.46336364998885,162.8853681685066,164.94186401367188,47720200
2023-04-20,163.42656743390464,165.1780220485777,162.90506774605808,163.9775848388672,52456400
2023-04-21,162.40325123756864,163.78079474740133,161.85223383363555,162.3737335205078,58337300
2023-04-24,162.3540163618739,162.94440060882783,161.26181601487568,162.67872619628906,41949600
2023-04-25,162.54099521393778,163.6430299514636,161.10440134757968,161.14376831054688,48714100
2023-04-26,160.44512426219072,162.62952495549953,160.18929909610858,161.13389587402344,45498800
2023-04-27,162.5409858833323,165.85693915334915,162.5409858833323,165.7093505859375,64902300
2023-04-28,165.7880496631181,167.12624089927414,165.18783120394306,166.95895385742188,55275900
2023-05-01,166.56539597816914,167.71663185783257,165.9356597273935,166.87042236328125,52472900
2023-05-02,167.36244282313584,167.61828308693612,164.85333147539478,165.83729553222656,48425700
2023-05-03,166.78186884038578,168.17909567440717,164.47939708632646,164.76473999023438,65136000
2023-05-04,162.2457710884036,164.3612870012041,161.67507035057545,163.13133239746094,81235400
2023-05-05,168.23811312336284,171.50487988988195,168.02163990321543,170.78659057617188,113453200
2023-05-08,169.71408033203093,171.06212101363838,169.35001851271124,170.7177276611328,55962800
2023-05-09,170.27491417680565,170.75704676065035,168.8481698742082,169.01544189453125,45326900
2023-05-10,170.24543004162442,171.23922812803062,169.14338031673282,170.77676391601562,53724500
2023-05-11,171.06211698775132,171.79024060925457,169.40904995436452,170.96371459960938,49514700
2023-05-12,171.07208510437357,171.50563041723674,168.49053896760506,170.03750610351562,45533100
2023-05-15,170.61886136031444,170.66813061172948,168.95365989259247,169.54486083984375,37266700
2023-05-16,169.4660330445526,170.5991506527755,169.2788189100942,169.54486083984375,42110300
2023-05-17,169.19013234108013,170.39221479568312,167.91905489711874,170.15574645996094,57951600
2023-05-18,170.4611756877155,172.6683084617715,170.04734111161662,172.48109436035156,65496700
2023-05-19,173.80143807257875,173.80143807257875,172.3727201425523,172.58949279785156,55809500
2023-05-22,171.42681253611994,172.14611049896482,170.90459157041087,171.64358520507812,43570900
2023-05-23,170.58927970470205,170.83561089353927,168.76642289336164,169.0423126220703,50747300
2023-05-24,168.57921320123526,169.8896969643689,168.01758589409968,169.31820678710938,45143500
2023-05-25,169.87989516591563,171.3480198653961,169.17045992843316,170.45138549804688,56058300
2023-05-26,170.7764937271046,173.1905363695113,170.56956891324683,172.8555145263672,54835000
2023-05-30,174.36308277683443,176.36329091292328,173.978806707213,174.69808959960938,55964400
2023-05-31,174.72766202276017,176.71802248155805,174.16601962684186,174.64883422851562,99625300
2023-06-01,175.0922027756249,177.47668683522244,174.33349851829678,177.44712829589844,68901800
2023-06-02,178.37333767160567,179.11233123154489,176.62930866038764,178.2945098876953,61996900
2023-06-05,179.9499159952855,182.23586225888923,175.42726265707913,176.94467163085938,121946500
2023-06-06,177.328904296753,177.4766970018392,174.82617090162998,176.58006286621094,64848400
2023-06-07,175.82136104700194,178.5507149734009,174.71780207381394,175.21046447753906,61944600
2023-06-08,175.2892595209165,178.1861165677113,174.85572927872582,177.9200897216797,50214900
2023-06-09,178.83643579626113,179.55571862854532,177.97920810525306,178.3043670654297,48900000
2023-06-12,178.60981180571443,181.1913576973854,178.31421139002148,181.0928192138672,54274900
2023-06-13,180.11734763302488,181.44752687931387,179.76263016037564,180.61985778808594,54929100
2023-06-14,180.67901332162722,181.684048880549,179.34883379218707,181.25050354003906,57462900
2023-06-15,181.26035439367692,183.78278344228747,181.08298811392547,183.28025817871094,65433200
2023-06-16,183.98970387223915,184.245897953939,181.56581317602513,182.20626831054688,101256200
2023-06-20,181.70373606119196,183.3689372512462,181.70373606119196,182.294921875,49799100
2023-06-21,182.18656875714527,182.68909408055805,179.91047063421516,181.2603759765625,49515700
2023-06-22,181.0435838743865,184.3050065515812,180.97460392176268,184.2557373046875,51245300
2023-06-23,182.82703803401998,184.80753566864925,182.29495416898448,183.94044494628906,53117000
2023-06-26,184.0882672784463,185.290364953315,182.51174130111704,182.55116271972656,48088700
2023-06-27,183.16204815111053,185.6253604426876,182.94527546666254,185.30020141601562,50730800
2023-06-28,185.1720661878379,187.11315707618536,184.84692226306757,186.4727020263672,51216800
2023-06-29,186.3052137668684,187.2806907250245,186.16726889716722,186.80772399902344,46347300
2023-06-30,188.81780236383452,191.62596911406445,188.45322195229386,191.1234588623047,85213200
2023-07-03,190.9362564156046,191.03479491877454,188.94589592351636,189.63563537597656,31458200
2023-07-05,188.75868490984942,190.1479814937267,187.82261429340878,188.52220153808594,46920300
2023-07-06,187.05408684814694,189.2021030796526,186.42347947497262,188.99517822265625,45094300
2023-07-07,188.601042385603,189.84254634486774,187.4482140588147,187.88174438476562,46815000
2023-07-10,186.4825877482977,187.20188576037833,184.29516523716504,185.84213256835938,59922200
2023-07-11,186.38402246734722,186.52196732292174,183.86159365977753,185.3198699951172,46638100
2023-07-12,186.89638625272656,188.88674640306317,185.7041517573503,186.98507690429688,60750200
2023-07-13,187.70433752756517,188.38421391158911,186.99490260813673,187.74374389648438,41342300
2023-07-14,187.43834550769154,188.37440112570727,186.8471596075647,187.8916015625,41616200
2023-07-17,189.08381775872684,191.46831693797242,188.9951421376018,191.14315795898438,50520200
2023-07-18,190.51259538947195,191.47820968287988,189.5962353183327,190.8870086669922,48288200
2023-07-19,190.26624291356026,195.32094939257118,189.8228346836756,192.2368927001953,80507300
2023-07-20,192.22703531122195,193.5867885139367,189.67504737311495,190.29580688476562,59581200
2023-07-21,191.25155042374644,192.10877819186132,188.4236580132484,189.1232452392578,71951700
2023-07-24,190.57167418096722,192.04966138875844,189.4286937985748,189.92135620117188,45377800
2023-07-25,190.49285737606127,191.58656857428397,190.08887057427083,190.77859497070312,37283200
2023-07-26,190.82786945588313,192.76896069007793,190.48301476563847,191.64569091796875,47471900
2023-07-27,193.1433729163405,194.30604897209747,189.72429463258098,190.38446044921875,47460200
2023-07-28,191.8131659299023,193.7444090416655,191.29094501886246,192.95614624023438,48291400
2023-07-31,193.18275583360523,193.60645326737566,192.39449307660055,193.56703186035156,38824100
2023-08-01,193.36013930235927,193.8429388199064,192.41422090280528,192.7393798828125,35175100
2023-08-02,192.17778208046178,192.31572697956656,189.03460794836926,189.75389099121094,50389300
2023-08-03,188.7586713954234,189.54691917513858,187.89158079590146,188.36453247070312,61235200
2023-08-04,182.79743931128007,184.63014382216585,179.25026444025556,179.31924438476562,115956800
2023-08-07,179.4572213905704,180.44254624962392,174.74736976708382,176.22535705566406,97576100
2023-08-08,177.05300588853657,177.62449604499406,174.97397007455905,177.16139221191406,67823000
2023-08-09,178.2156906972674,178.27480777933516,174.41233639065635,175.5750274658203,60378500
2023-08-10,176.84611157664116,178.097478428752,174.9937109597073,175.3582763671875,54686900
2023-08-11,174.953720563952,176.23636037713308,174.19399178686675,175.4174346923828,52036700
2023-08-14,175.59503330985302,177.29208151781367,174.943837241764,177.06515502929688,43675600
2023-08-15,176.49294118914725,177.0849254578291,174.68735981208974,175.08201599121094,43622600
2023-08-16,174.76626971305478,176.15744233651847,174.14467201512105,174.2137451171875,46964900
2023-08-17,174.7761679719839,175.14122571711877,171.1650049538571,171.67807006835938,66062900
2023-08-18,170.0007213782545,172.76335939467492,169.6652621694116,172.1614990234375,61172200
2023-08-21,172.7337706675176,173.77962299820936,171.42151715942626,173.4934844970703,46311900
2023-08-22,174.69718434668556,175.30890581271296,173.89799596554266,174.8649139404297,42038900
2023-08-23,176.13773826499084,179.1273031269572,175.95027131734813,178.70303344726562,52722800
2023-08-24,178.25902046647073,178.68329009610582,173.6612029173666,174.02627563476562,54945800
2023-08-25,175.0129348306344,176.7593040006282,173.4737548580186,176.2265167236328,51449600
2023-08-28,177.68677460091166,178.1801023209798,176.1673318473753,177.7854461669922,43820700
2023-08-29,177.3019791564373,182.43258442181371,177.10465107991652,181.66299438476562,53003900
2023-08-30,182.47204640358012,185.34321714142652,182.27471834075723,185.1458740234375,60813900
2023-08-31,185.33333184264131,186.59624944883035,184.9781353249528,185.36293029785156,60794500
2023-09-01,186.96131537308187,187.3855699191495,185.76745585396847,186.9317169189453,45766500
2023-09-05,185.76746926717502,187.44478036173828,185.10641198511868,187.16851806640625,45280000
2023-09-06,185.88585963952747,186.32986658571798,179.04834537431464,180.46913146972656,81755800
2023-09-07,172.84230680208358,175.8318868790433,171.22419235116297,175.1905517578125,112488800
2023-09-08,175.97000602806156,177.83478423163749,175.41746632815568,175.80226135253906,65551300
2023-09-11,177.66702357259294,177.89395007164453,174.9734438173143,176.96649169921875,58953100
2023-09-12,177.09477490699047,177.72623373133553,172.487096210491,173.9473419189453,90370200
2023-09-13,174.15453395453247,174.93400012779577,171.65829707262085,171.88523864746094,84267900
2023-09-14,171.67803539320033,173.75001770449512,171.26364194197464,173.3948211669922,60895800
2023-09-15,174.12489906548618,174.14463638420483,171.50040777210137,172.6745147705078,109259500
2023-09-18,174.1249705561509,176.9862807386044,173.81910973866795,175.5950927734375,67257600
2023-09-19,175.15107052586188,177.23291401853146,174.7662755227223,176.68038940429688,51826900
2023-09-20,176.86782730089922,177.30195805066697,173.0593371622532,173.1481475830078,58436200
2023-09-21,172.22071489897561,173.9473619674597,171.53992021743218,171.60897827148438,63149100
2023-09-22,172.33909518451154,174.7169382879251,171.7273736602944,172.45748901367188,56725400
2023-09-25,171.87536866413782,174.60840835340898,171.82603288281885,173.73028564453125,46172700
2023-09-26,172.4871029695211,172.8620217812148,169.3692683155077,169.66526794433594,64588900
2023-09-27,170.31647877934836,170.73087230994705,166.79412624167495,168.15570068359375,66921800
2023-09-28,167.08022534636603,169.7343308371659,165.38317681816312,168.41221618652344,56294400
2023-09-29,169.7244661753788,170.76045735672912,168.06687727418498,168.92527770996094,51861100
2023-10-02,168.9351141150612,171.97401410977108,168.64897565996583,171.4313507080078,52164500
2023-10-03,169.96126458937815,171.31299281082715,168.54049336939298,170.09939575195312,49594600
2023-10-04,168.80687858022958,171.88525384459265,168.68848474300435,171.34259033203125,53020300
2023-10-05,171.47081778563683,173.10866919518492,170.3756298015613,172.5758819580078,48527900
2023-10-06,171.48071432556827,175.61480292776608,170.8689777300858,175.12147521972656,57266700
2023-10-09,174.45053908507856,176.66065260372454,173.45402254968238,176.60145568847656,42390800
2023-10-10,175.7233217666065,177.3216985969386,175.5753144327677,176.0094451904297,43698000
2023-10-11,175.82198018511957,177.4499705441094,175.22999600880442,177.400634765625,47551100
2023-10-12,177.6670336186698,179.906730392158,176.6507647716162,178.29849243164062,56743100
2023-10-13,178.99902980590412,179.5022186651883,175.76280113660414,176.4633331298828,51427100
2023-10-16,174.39132507709223,176.6902337432856,174.15452238414363,176.3350372314453,52517000
2023-10-17,174.29265257502803,176.03903666999224,172.46734930467605,174.78598022460938,57549400
2023-10-18,173.23695950912395,175.21027033840411,172.77323025982977,173.4934844970703,54764400
2023-10-19,173.69080766680926,175.46679037407037,172.85215962113486,173.11856079101562,59302900
2023-10-20,172.970532603774,173.07906528544774,170.33616484514565,170.57296752929688,64244000
2023-10-23,168.62926966195786,171.68789221712717,167.66233657820504,170.69137573242188,55980100
2023-10-24,170.74069333750268,171.3524147723922,169.16203892177992,171.12548828125,43816600
2023-10-25,169.58633193718455,170.75057806188605,168.3727349771656,168.81674194335938,57157000
2023-10-26,168.0964746462511,169.0930062294273,163.459197305812,164.6629180908203,70625300
2023-10-27,164.68264263448572,166.70528904611524,164.60370840247674,165.97515869140625,58499100
2023-10-30,166.76447575317525,168.88577853365425,166.61646843152695,168.01751708984375,51131000
2023-10-31,167.09010101577766,168.61940486913602,165.65943861592592,168.49114990234375,44846000
2023-11-01,168.71806981976965,171.90496247869652,167.849808268541,171.6484375,56934900
2023-11-02,173.17774724497193,175.40758286457637,173.11855033416663,175.2003936767578,77334800
2023-11-03,171.91483559510309,174.46040823420765,171.03671292563865,174.29266357421875,79829200
2023-11-06,174.0263127771948,177.0356001960179,173.8585831383387,176.83827209472656,63841300
2023-11-07,176.78889227095914,180.00539823599848,176.58170308551922,179.3936767578125,70530000
2023-11-08,179.91661457451394,181.00192645947115,179.16674685036813,180.44940185546875,49340300
2023-11-09,180.51847829944086,181.6629871195562,179.3838155582821,179.97581481933594,53763500
2023-11-10,181.75413731292954,184.3228271167955,181.31943456996746,184.1548614501953,66133400
2023-11-13,183.58183039704093,183.7892925333636,181.9912220269046,182.57411193847656,43627500
2023-11-14,185.43922075842696,185.84428607992842,184.05608926427885,185.18235778808594,60108400
2023-11-15,185.5873762590713,187.21749618530262,185.51821216432265,185.7454376220703,53790500
2023-11-16,187.28665942031617,188.6599164347462,186.37772744350028,187.4249725341797,54412900
2023-11-17,187.9584954748911,188.08693448765234,186.29873780998344,187.40524291992188,50922700
2023-11-20,187.60280481288592,189.59847845797387,187.5929306882813,189.14401245117188,46505100
2023-11-21,189.10452557023848,189.21320125507725,187.45464204586924,188.3437957763672,38134500
2023-11-22,189.18357710829596,190.60622016215154,188.53152295340232,189.0057373046875,39617700
2023-11-24,188.57100791556658,188.60064536615056,186.970525284031,187.68185424804688,24048300
2023-11-27,187.6324520630897,188.37341847212542,186.62473352580105,187.50401306152344,40552600
2023-11-28,187.49413155220094,188.77847629228074,187.1187037624085,188.10665893554688,38415400
2023-11-29,188.60066651864972,189.77633577367203,186.6939199672285,187.08909606933594,43014200
2023-11-30,187.55340318726755,188.02763251612237,185.92328320995222,187.66207885742188,48794400
2023-12-01,188.0375263099119,189.25270705783993,186.95076949469112,188.9365692138672,45704800
2023-12-04,187.69170901814908,187.76087311237956,185.19218377665425,187.14833068847656,43389500
2023-12-05,187.91895861640964,192.0584780958342,187.88930609245244,191.0902862548828,66628400
2023-12-06,192.1079050949125,192.41416882595195,189.79609331061306,190.00357055664062,41089700
2023-12-07,191.29777821822415,192.6512720749557,191.2582515665674,191.93006896972656,47477700
2023-12-08,191.86090014217592,193.62934842275146,191.33728508312288,193.35272216796875,53406400
2023-12-11,190.78403090604945,191.15945870925907,189.11438419177532,190.85317993164062,60943700
2023-12-12,190.75438957156285,192.3746354774224,189.41076991243543,192.36476135253906,52696900
2023-12-13,192.74018081786602,195.61513413450965,192.50308121236986,195.57562255859375,70404200
2023-12-14,195.63490356313392,197.21562292408947,193.79730618821,195.72381591796875,66831600
2023-12-15,195.1508114803035,196.01032777733312,194.62719637119332,195.19033813476562,128538400
2023-12-18,193.72812085100188,194.2616250715381,192.04860011875655,193.53053283691406,55751900
2023-12-19,193.79731295132126,194.5777909959987,193.53056080250687,194.5679168701172,40714100
2023-12-20,194.52836624027822,195.29897006409448,192.48330688476562,192.48330688476562,52242800
2023-12-21,193.73802319308166,194.70621508029078,191.16933361068988,192.33511352539062,46482500
2023-12-22,192.82908334808235,193.05632389177538,190.64571085868127,191.26812744140625,37149600
2023-12-26,191.27801448490152,191.55464074590694,190.5074106042434,190.72476196289062,28919300
2023-12-27,190.17149315937536,191.16932243864449,188.78834689776542,190.8235321044922,48087700
2023-12-28,191.80161980345068,192.3153607227681,190.8433020640508,191.2483673095703,34049900
2023-12-29,191.56450759639273,192.05848519728596,189.42064661751613,190.2110137939453,42672100
2024-01-02,184.89581391743906,186.17028459685415,181.6750853181039,183.4040069580078,82488700
2024-01-03,182.00112426612563,183.6411336613478,181.22063114701328,182.03076171875,58414500
2024-01-04,179.95604798314233,180.88472835710988,178.70135563320858,179.7189483642578,71983600
2024-01-05,179.79796753554595,180.5586821654936,177.99988188294327,178.99771118164062,62379700
2024-01-08,179.89674567111302,183.3644778190013,179.3138557634904,183.324951171875,59144500
2024-01-09,181.70475788649966,182.9199388244019,180.5290885321457,182.91006469726562,42841800
2024-01-10,182.12956878813148,184.15486512874935,181.7047401626592,183.94740295410156,46792900
2024-01-11,184.2931840827093,184.7970509584636,181.40835627398752,183.35462951660156,49128400
2024-01-12,183.81894667336306,184.49076406507768,182.95943045197853,183.68063354492188,40477800
2024-01-16,179.96593271976667,182.04062970854807,178.7507369031224,181.41822814941406,65603000
2024-01-17,179.08666971271487,180.72666412936158,178.1283518215105,180.47967529296875,47317400
2024-01-18,183.84857190455077,186.86183815424235,183.59170899023258,186.3579864501953,78005800
2024-01-19,187.0495648712278,189.63800274105876,186.5457131326349,189.25270080566406,68903000
2024-01-22,189.98376623580117,192.9772689432648,189.94423959032406,191.5546112060547,60133900
2024-01-23,192.67104017695664,193.39224330006388,191.49537099853464,192.8291015625,42355600
2024-01-24,193.06618924735707,194.0146328029546,191.99919590043444,192.1572723388672,53631300
2024-01-25,192.86862433386716,193.90598035718745,190.78403816176663,191.83126831054688,54822100
2024-01-26,191.93006387634745,192.41415228379137,189.6281264159501,190.1023406982422,44594000
2024-01-29,189.69728055859,189.88499446653958,187.29655655692048,189.420654296875,47145600
2024-01-30,188.6401800108733,189.4898221386195,185.21197404804863,185.7751007080078,55859400
2024-01-31,184.7871410441138,184.846431021382,182.12955411744667,182.17893981933594,55467800
2024-02-01,181.77390231724044,184.69824158324056,181.6059517240919,184.6093292236328,64885400
2024-02-02,177.6936236133024,185.07365019396582,177.09097033579843,183.61148071289062,102551700
2024-02-05,185.88377376602236,186.97053056814926,183.60159955655655,185.41943359375,69668800
2024-02-06,184.60931480628852,187.02980210381148,184.5204024536245,187.01992797851562,43490800
2024-02-07,188.3437817688575,188.74884702540382,186.33823388644547,187.12860107421875,53439000
2024-02-08,187.1088621926835,187.25704946443747,185.0934399218184,186.0517578125,40962000
2024-02-09,186.61559077121817,187.9411516715375,185.97260641439556,186.81344604492188,45155200
2024-02-12,186.3880527684402,186.63535673641036,184.77562606711913,185.13174438476562,41781900
2024-02-13,183.76663306878044,184.20189045877694,181.53099558275042,183.04449462890625,56529500
2024-02-14,183.3215042025078,183.5292310959524,180.472557481369,182.1641082763672,54630500
2024-02-15,181.57057328309747,182.50043860227981,179.3943014199978,181.87722778320312,65434500
2024-02-16,181.44197861733377,182.8565652037317,179.7108507918506,180.3439483642578,49752500
2024-02-20,179.82955095197704,180.46264852115328,178.0588611409836,179.60203552246094,53665600
2024-02-21,179.97795967071906,180.91771184255438,178.71176441081158,180.35386657714844,41371400
2024-02-22,181.50135795637885,182.96540858894926,180.4923684458442,182.3817596435547,52292200
2024-02-23,183.0148347964746,183.04451006700117,180.2648157032703,180.55169677734375,45119700
2024-02-26,180.27473021897956,180.78911167382452,178.70186529911302,179.2063751220703,40867400
2024-02-27,179.1470080612827,181.93658908973126,177.62360710096542,180.66050720214844,54318900
2024-02-28,180.5417731107642,181.14519536218177,178.18744973320082,179.46353149414062,48953900
2024-02-29,179.31517776545977,180.6011615069905,177.59393659501978,178.80078125,136682600
2024-03-01,177.61373507516265,178.58316252471684,175.46713817545924,177.72254943847656,73563100
2024-03-04,174.25038035125658,174.99229230011673,171.9158301484072,173.2117156982422,81510100
2024-03-05,168.91851326517738,170.18470849670402,167.79080766540406,168.28541564941406,95132400
2024-03-06,169.21523874994628,169.3933054286551,166.8609005047747,167.29615783691406,68587700
2024-03-07,167.32589712912582,168.88886037705046,166.67302597532623,167.17752075195312,71765100
2024-03-08,167.17747009753631,171.82678133583968,167.11811956465033,168.88880920410156,76267000
2024-03-11,171.07500788792643,172.49948126334272,170.1946063009313,170.88705444335938,60139500
2024-03-12,171.28270784938988,172.15322257397557,169.16578666443067,171.36184692382812,59825400
2024-03-13,170.90684419661972,171.3223130850131,168.91851047344855,169.28453063964844,52488700
2024-03-14,171.04532782778392,172.43022407386235,170.19460153541087,171.1343536376953,72913500
2024-03-15,169.3240932528417,170.75845336914062,168.45357838204507,170.75845336914062,121752700
2024-03-18,173.67661275318792,175.7935338090815,171.64871749027145,171.8465576171875,75604200
2024-03-19,172.45989598897214,174.70542030322298,171.16402557801365,174.18113708496094,55215200
2024-03-20,173.82504084734046,176.74322509765625,173.2018299224136,176.74322509765625,53423100
2024-03-21,175.1406653733646,175.57592275278003,168.9976284397713,169.52191162109375,106181300
2024-03-22,169.9077530563215,171.1838502867648,168.22608869374528,170.42214965820312,71160100
2024-03-25,168.73057383883838,170.085794876263,167.6226416976105,169.00755310058594,54288300
2024-03-26,168.16668772081567,169.5713723598813,167.7512188918725,167.87982177734375,57388400
2024-03-27,168.57230438056465,171.7279058767874,168.27553655784754,171.44102478027344,60273300
2024-03-28,169.8978451053126,170.37266455083602,168.67121185228598,169.63075256347656,65672700
2024-04-01,169.34385933496506,169.40320986933065,167.65229363436822,168.1963653564453,46240500
2024-04-02,167.25661278755086,167.51380346702695,166.41577330219988,167.01919555664062,49329500
2024-04-03,166.9697540235435,168.83937157047524,166.7620271262386,167.8204803466797,47691700
2024-04-04,168.4535689105981,170.06599565718972,166.9994354248047,166.9994354248047,53704400
2024-04-05,167.7611226870966,168.5524984345705,167.12802510796487,167.75123596191406,42104800
2024-04-08,167.20716991074772,167.37533481002382,166.4256959559663,166.6334228515625,37425500
2024-04-09,166.8806999592474,168.24582257310013,166.5344834909376,167.84024047851562,42373800
2024-04-10,166.97964653177021,167.2665125006067,165.30786924976792,165.97064208984375,49709300
2024-04-11,166.52458559261675,173.56781241373886,166.34653399230652,173.15232849121094,91070300
2024-04-12,172.38075949507746,176.43655077441642,172.33131077483722,174.6460723876953,101670900
2024-04-15,173.46891791454695,174.72522645768026,170.63975955810392,170.8277130126953,73531800
2024-04-16,169.8978582518174,171.88617709786888,166.45539059048195,167.5534210205078,73711200
2024-04-17,167.780901063059,168.80967890645843,166.18826293945312,166.18826293945312,50901200
2024-04-18,166.21793076697907,166.8213530127437,164.75389559967167,165.2386016845703,43122900
2024-04-19,164.41760010663418,164.60553846988037,162.3105651694999,163.22064208984375,68149400
2024-04-22,163.73503344203667,165.4562595890904,162.993121456103,164.05157470703125,48116400
2024-04-23,163.5668404824781,165.24850434331734,163.1414698344962,165.10011291503906,49537800
2024-04-24,164.7439994721628,167.4742448528629,164.41757152765254,167.197265625,48251800
2024-04-25,167.70175828470067,168.77011319134087,166.33663561051003,168.05787658691406,50558300
2024-04-26,168.04799015720317,169.49223681731962,167.35552700029277,167.4742431640625,44838400
2024-04-29,171.50034913417457,174.1316669492416,171.2332717193323,171.6289520263672,68169400
2024-04-30,171.46081207960546,173.1029142716877,168.1667209693098,168.4931640625,65934800
2024-05-01,167.75122238913238,170.84747276952126,167.28628974114312,167.4742431640625,50383100
2024-05-02,170.649650682897,171.54984088638673,169.04712555589578,171.16404724121094,94214900
2024-05-03,184.63712970012278,184.98336128032037,180.69016817589636,181.40240478515625,163224100
2024-05-06,180.38352481626606,182.21356516877455,178.47433028646978,179.75042724609375,78569700
2024-05-07,181.4716631656838,182.90602327557747,179.36464345444207,180.4329833984375,77305800
2024-05-08,180.87813197889614,181.09576068278213,179.4932206728727,180.76931762695312,45057100
2024-05-09,180.59127127419717,182.6686309202814,180.1461270912472,182.57960510253906,48983000
2024-05-10,183.1540861312051,183.34229448527321,180.4102525825865,181.32156372070312,50759500
2024-05-13,183.68900761377958,185.3333368917867,182.87674310968822,184.5210723876953,72044800
2024-05-14,185.73947897801656,186.52202806777518,184.5309973091758,185.6602325439453,52393600
2024-05-15,186.13569714479723,188.84981551266446,185.60078753373725,187.92860412597656,70400000
2024-05-16,188.6714956614686,189.2955517477419,187.86914647323638,188.0474395751953,52845200
2024-05-17,187.72057759120682,189.00830557822601,187.39369174809892,188.07717895507812,41282900
2024-05-20,187.54226949481966,190.10781001398533,187.22528381236822,189.23611450195312,44361300
2024-05-21,189.28564024416437,190.91015403566988,189.11724727296848,190.53375244140625,42309400
2024-05-22,190.45453220558076,190.99934196064652,188.47341681604038,189.0974578857422,34648500
2024-05-23,189.17667916140735,189.1964945447871,184.86776283091424,185.1154022216797,51005900
2024-05-24,187.03710655742805,188.78048261582597,186.26445766907554,188.18614196777344,36327000
2024-05-28,189.70168159973719,191.1776178733189,187.31444925751387,188.196044921875,52280100
2024-05-29,187.81963788738682,190.43470949642946,187.72057607583483,188.4932098388672,53068000
2024-05-30,188.9587855239753,190.36537567482878,188.8300232981759,189.48377990722656,49889100
2024-05-31,189.63235836586054,190.7516933437122,188.11680637508078,190.43470764160156,75158300
2024-06-03,191.07858664282506,193.1488638569082,190.7021849704834,192.1979217529297,50080500
2024-06-04,192.80214765697744,193.47573474401025,191.20734917579057,192.514892578125,47471400
2024-06-05,193.55494454203196,195.04078090785526,193.02995023528447,194.0205078125,54156800
2024-06-06,193.8422276391208,194.64457691185422,192.33657578915964,192.64364624023438,41181800
2024-06-07,192.8120444256859,195.08042995429523,192.3068654552658,195.03089904785156,53103900
2024-06-10,195.04078477848907,195.4370168860641,190.3356361933404,191.29647827148438,97010200
2024-06-11,191.82147267998263,205.20391549352811,191.8016724106265,205.19400024414062,172373300
2024-06-12,205.41194501546696,218.12080209568063,204.94638168818946,211.05813598632812,198134300
2024-06-13,212.71235034689784,214.70336573665497,209.60200000148347,212.21707153320312,97862700
2024-06-14,211.8307404302917,213.13826855094433,209.30481562722255,210.48358154296875,70122700
2024-06-17,211.35528688913016,216.88260054537645,210.71143044440285,214.62413024902344,93728300
2024-06-18,215.5354294813442,216.5656178731208,210.98877362098574,212.26658630371094,79943300
2024-06-20,211.90998899500866,212.2170745602359,206.87796947703916,207.7001190185547,86172500
2024-06-21,208.40340309586463,209.88923942625428,205.15437552925596,205.53079223632812,241805100
2024-06-24,205.75860450580527,210.69157660922147,204.63926969738108,206.1746368408203,80727000
2024-06-25,207.1751328027417,209.3840873125504,206.64023830581658,207.0959014892578,55549700
2024-06-26,209.5029437835443,212.83121810497767,208.6510635966682,211.23641967773438,66213200
2024-06-27,212.6628097453943,213.70289822966825,210.3449086305272,212.07838439941406,49772700
2024-06-28,213.7326216506115,214.0297919592074,208.31427026634478,208.63124084472656,82542700
2024-07-01,210.0873668962765,215.4561875080808,209.91897391071575,214.703369140625,60402900
2024-07-02,214.1090169642201,218.29908645117231,213.0689435868198,218.19012451171875,58046200
2024-07-03,217.92268618597842,219.4580535888672,216.9618440422543,219.4580535888672,37369800
2024-07-05,219.55708698216947,224.3117665065084,219.55708698216947,224.2028045654297,60412400
2024-07-08,224.9457357840812,225.69856928044194,221.14199799041046,225.66885375976562,59085900
2024-07-09,225.77780318070188,227.23392416937492,224.23253562897796,226.52072143554688,48076100
2024-07-10,227.1348758928893,230.87918266211804,227.08534498663496,230.78012084960938,62627700
2024-07-11,229.20515687131274,230.19571462003094,223.6382271602243,225.42123413085938,64710600
2024-07-12,226.75847573842668,230.44335173571366,226.5207364398331,228.36317443847656,53046500
2024-07-15,234.24706826366577,234.9899864993383,230.88907844301437,232.18670654296875,62631300
2024-07-16,232.781045805997,234.03905824310993,230.1362587163494,232.60275268554688,43234300
2024-07-17,227.2834515580279,229.2744821236097,224.49998695797876,226.71884155273438,57345900
2024-07-18,228.10560948409145,228.26410233218343,220.17124832102243,222.06320190429688,66034600
2024-07-19,222.697149576551,224.65844923997824,221.17168252689004,222.19195556640625,49151500
2024-07-22,224.86647978572938,225.62921338494564,220.98349573063444,221.8452911376953,48201800
2024-07-23,222.25141967209163,224.7971601400939,220.57737479075328,222.8853759765625,39960300
2024-07-24,221.88490694575157,222.67735606492835,215.0797809310421,216.47645568847656,61777600
2024-07-25,216.86277641061952,218.76466037633443,212.59347540961954,215.43638610839844,51391200
2024-07-26,216.6349499920164,217.41749898154802,213.9703475571551,215.90194702148438,41601300
2024-07-29,214.91137828370984,217.22927938341869,213.7127969665886,216.17929077148438,36311800
2024-07-30,217.1203256536185,218.24956072806748,214.07930652606245,216.7340087890625,41643800
2024-07-31,219.34907597117163,221.70660788092644,218.5467267386139,219.9830322265625,50036300
2024-08-01,222.2514024343897,222.36036437427163,214.97081319041698,216.29815673828125,62501000
2024-08-02,217.08069402896655,223.46980270062375,215.65430376795194,217.78399658203125,105568600
2024-08-05,197.21009244662218,211.4840298951805,194.1492733463952,207.29397583007812,119548600
2024-08-06,203.36150053141452,208.00721860156926,199.17144565753833,205.2732696533203,69660500
2024-08-07,204.9463646139573,211.62272838414273,204.441185671316,207.83880615234375,63516400
2024-08-08,211.097744151489,212.17744837655164,206.8581585633277,211.2958526611328,47161100
2024-08-09,210.09730322074367,214.73310620037486,209.9685258775167,214.19821166992188,42201600
2024-08-12,214.27752324509848,217.6889728146819,213.81142108338884,215.72540283203125,38028100
2024-08-13,217.19314118814535,220.04925425523973,217.19314118814535,219.4344024658203,44155300
2024-08-14,218.7401920302427,221.1797757696837,217.87739912826086,219.88064575195312,41960600
2024-08-15,222.73678951211636,223.4805677293667,220.91204211865187,222.8557891845703,46414000
2024-08-16,222.0624088054674,224.94827173921567,221.7946444270254,224.17474365234375,44340200
2024-08-19,223.84747960195193,224.115243980586,221.18970440160442,224.0160675048828,40687800
2024-08-20,223.8970537532744,225.28543353253482,223.57970115675508,224.6309051513672,30299000
2024-08-21,224.64086539349128,226.08874521756795,223.18305884166446,224.5218505859375,34765500
2024-08-22,225.90030886909642,226.44574924370923,222.04257986640772,222.6673583984375,43695300
2024-08-23,223.78797197411373,226.32673228874265,222.46900358067504,224.9581756591797,38677300
2024-08-26,224.87885041051024,225.39454085782168,222.0326640536948,225.2953643798828,30602200
2024-08-27,224.12514736512034,226.95151036486342,223.02435510684418,226.1383056640625,35934600
2024-08-28,226.02921369079436,227.95312221094204,223.80779089178384,224.611083984375,38052200
2024-08-29,228.1911537968638,230.98775191089825,226.9812734022471,227.8837127685547,51906300
2024-08-30,228.28039594132485,228.4886453526855,225.59287085733376,227.1002655029297,52990800
2024-09-03,226.65400042223428,227.10026429068756,219.335218503661,220.9219512939453,50190600
2024-09-04,219.821176613538,219.9401762860646,215.6758448114514,219.0178985595703,43840200
2024-09-05,219.79139340374425,223.60944526365165,219.6823053430495,220.53517150878906,36615400
2024-09-06,222.09215251756703,223.37145940933704,217.94683622588397,218.98812866210938,48423000
2024-09-09,218.9881123209545,219.43437615112032,214.91220775865924,219.07736206054688,67180000
2024-09-10,217.10388142289187,219.6426417511051,214.9320468059923,218.2840118408203,51591000
2024-09-11,219.6228241682371,221.2392917639212,216.08243282408242,220.8128662109375,44587100
2024-09-12,220.6541869199912,221.69547936785247,217.9964268983011,220.9219512939453,37455600
2024-09-13,221.72523244234597,222.18140791181287,220.06908820245332,220.65419006347656,36766600
2024-09-16,214.74362792854853,215.4179946756504,212.14536768072225,214.5254669189453,59357400
2024-09-17,213.96018092212807,215.1006346980314,212.72055067344832,214.99154663085938,45519300
2024-09-18,215.7452565018275,220.86245391858552,215.7353297749969,218.8592071533203,59894900
2024-09-19,223.12351184232415,227.9134444812765,222.76649775953877,226.9713134765625,66781300
2024-09-20,228.06222073119503,231.15633305592988,225.7317097608303,226.30690002441406,318679900
2024-09-23,225.45401003818398,227.54650632766106,223.93670395169437,224.5912322998047,54146000
2024-09-24,226.75316007712865,227.44736512534206,223.85738561877668,225.48377990722656,43556100
2024-09-25,223.0639938591287,225.40441611848388,222.16155463706056,224.49205017089844,42308700
2024-09-26,225.41436171300208,226.60440369502516,223.54004142995942,225.63253784179688,36636700
2024-09-27,226.5647695239617,227.61597365379234,225.41438891191032,225.9003143310547,34026000
2024-09-30,228.13164162372897,231.0670928955078,227.7448775670891,231.0670928955078,54541900
2024-10-01,227.6159583693189,227.74486962890148,221.88390914906273,224.3334197998047,63285000
2024-10-02,224.01605029183685,225.48376819979168,221.16986421787885,224.89866638183594,32880600
2024-10-03,223.27228007150777,224.928424248049,221.46738631978812,223.79788208007812,34044200
2024-10-04,226.00939895190598,226.10857543260985,222.27068471823083,224.9185333251953,37245100
2024-10-07,222.63759275105315,223.81772316941647,219.49389225502094,219.8509063720703,39505400
2024-10-08,222.43922748770444,224.10528307353317,221.39793518045983,223.89703369140625,31855700
2024-10-09,223.36154504729694,227.84405251552317,222.96486939830248,227.6357879638672,33591100
2024-10-10,225.89038125247495,227.59611368544336,225.28544108575701,227.13992309570312,28183500
2024-10-11,227.39775944467098,227.50684750397573,225.45401269675094,225.6622772216797,31759200
2024-10-14,226.80272780199272,229.80759005626183,226.703566469934,229.38116455078125,39882100
2024-10-15,231.672004479983,235.51982138099225,230.44228590022638,231.91001892089844,64751400
2024-10-16,229.67870875165642,230.19438406287304,227.9332995992129,229.85720825195312,34082200
2024-10-17,231.49350124327563,231.91003031839952,228.60765355789445,230.22412109375,32993800
2024-10-18,234.2206950473064,234.2206950473064,232.0686987091599,233.0504913330078,46431500
2024-10-21,232.5050454306036,234.88514457730523,232.5050454306036,234.51820373535156,36254500
2024-10-22,231.94969236544068,234.26036494372266,230.67040061866737,233.90335083007812,38846600
2024-10-23,232.1381071008503,233.18931106897517,225.87052966736016,228.84564208984375,52287000
2024-10-24,228.0721400698136,228.9051831435476,226.51517225997247,228.65725708007812,31109500
2024-10-25,227.83413589840254,231.28526239164006,227.6655479946858,229.4902801513672,38802300
2024-10-28,231.38442210065006,232.78271346714027,230.62080565968694,231.4637451171875,36087100
2024-10-29,231.1662580738538,232.38605001867157,230.3927299983884,231.7315216064453,35417200
2024-10-30,230.68028814227299,231.5331542618632,227.64567605904836,228.1911163330078,47070900
2024-10-31,227.43742665071557,227.92336713292326,223.5003599556127,224.035888671875,64370100
2024-11-01,219.1368672842602,223.4805363045207,218.44267740554844,221.06077575683594,65276700
2024-11-04,219.1567312107691,220.94178678396568,217.88735096075072,220.1682586669922,44944500
2024-11-05,219.9599923572388,222.09215031274817,219.3054639601429,221.59629821777344,28111300
2024-11-06,220.76327216240406,224.19457534628128,219.35505401685137,220.8723602294922,54561100
2024-11-07,222.7665321945981,225.9895710313294,222.70703236030374,225.59288024902344,42137700
2024-11-08,225.53329235935942,227.01256271730918,224.77877343219782,225.32481384277344,38328800
2024-11-11,223.3789433198207,224.07389700260043,219.90415975706793,222.61448669433594,42005600
2024-11-12,222.93218846295187,223.96468891324545,221.75075962779928,222.61448669433594,40398300
2024-11-13,222.39607398240116,225.0170530189228,221.15507983350162,223.49807739257812,48566200
2024-11-14,223.3987876531247,227.2210402122622,223.3789275067786,226.5757293701172,44923900
2024-11-15,224.76884409236825,225.28510187679902,222.65420045885568,223.37893676757812,47923700
2024-11-18,223.62711979019133,228.08477571151616,223.54769435597734,226.37716674804688,44633700
2024-11-19,225.34466282087314,228.50175961033486,225.02697621656037,226.6352996826172,36211800
2024-11-20,226.4168677573381,228.2733899080337,224.2625040209905,227.35009765625,35169600
2024-11-21,227.2310031211041,228.5017799491732,224.08384369933498,226.87359619140625,42108300
2024-11-22,226.41689485035167,229.05773399756174,226.41689485035167,228.21385192871094,38168300
2024-11-25,229.79241557012372,231.56951255942457,228.08480637706975,231.19224548339844,90152800
2024-11-26,231.6489234928732,233.87279036398945,231.6489234928732,233.366455078125,45986200
2024-11-27,232.78070364946953,233.99191506726265,232.12545514826604,233.2373809814453,33498400
2024-11-29,233.1182385238603,236.0966241243161,232.28429419145726,235.62008666992188,28481400
2024-12-02,235.56052304560976,239.05515126765505,235.45131496686756,237.86380004882812,48137100
2024-12-03,238.08222901174219,241.01097200063165,237.17878168890522,240.90176391601562,38861000
2024-12-04,241.12019505186365,242.35126670496282,239.5118714775545,241.25918579101562,44383900
2024-12-05,242.23210799536452,242.77813324010052,240.3855083044983,241.2889404296875,40033900
2024-12-06,241.1598807416467,242.86748966267425,240.33585892461636,241.0903778076172,36870600
2024-12-09,240.08767817050534,245.45870413211114,240.0082527322972,244.97222900390625,44649200
2024-12-10,245.11122909402775,246.42172615122828,243.5723933612922,245.98489379882812,36914800
2024-12-11,246.17353693536344,248.99307203962232,244.48577275361333,244.71412658691406,45205800
2024-12-12,245.11120954102955,246.9478867446912,243.90992066775823,246.1735076904297,32777500
2024-12-13,246.0345058191798,247.49390077927876,244.46588763578848,246.34226989746094,33155300
2024-12-16,246.2033097230519,249.56888515433104,245.86574781090837,249.2313232421875,51694800
2024-12-17,248.27824960945253,252.00123197197036,247.98040799068028,251.65374755859375,51356400
2024-12-18,250.34325221557475,252.44797328398425,245.95509905753715,246.2628631591797,56774100
2024-12-19,245.71683140567848,250.184410158509,245.3097817058068,247.99032592773438,60882300
2024-12-20,246.25295201238012,253.1628143156686,243.91989202858784,252.656494140625,147495300
2024-12-23,252.93446477293034,253.80811434244586,251.6239676953758,253.4308624267578,40858800
2024-12-24,253.64927033575188,256.34965954757746,253.45069916161225,256.3397521972656,23234700
2024-12-26,256.32980188696064,258.2260444048055,255.77383898408218,257.15380859375,27237100
2024-12-27,255.9723714358678,256.8361287043752,251.2367492695516,253.74851989746094,42355300
2024-12-30,250.4127477342041,251.67360197393796,248.9434149702759,250.38296508789062,35557500
2024-12-31,250.6212497119267,251.4551941340452,247.63292614272083,248.6157989501953,39480700
2025-01-02,247.1365264348607,247.3053149666319,240.07776640397734,242.0931396484375,55740700
2025-01-03,241.60665893554688,242.42074318433572,240.14724866814672,241.60665893554688,40244100
2025-01-06,242.54980162717402,245.54804748087855,241.4477983095151,243.23483276367188,45045600
2025-01-07,241.22939201717418,243.78088314896328,239.61114601786818,240.46495056152344,40856000
2025-01-08,240.17703689438372,241.9541489627904,238.32051453305579,240.951416015625,37628900
2025-01-10,238.28079154222544,238.4297199246896,231.32130202918376,235.14356994628906,61710900
2025-01-13,231.84748509521594,232.9792711307645,228.06493742769467,232.71121215820312,49630700
2025-01-14,233.05869925952226,234.41882398797216,230.79512716232853,231.5992889404297,39435300
2025-01-15,232.94946471611047,237.2383472440859,232.74097105897866,236.15618896484375,39832000
2025-01-16,235.6399687194268,236.29520209930612,226.3871093224655,226.61544799804688,71759100
2025-01-17,230.44762501944012,230.61639839146835,226.83385097126646,228.3230438232422,68488300
2025-01-21,222.38613659782595,222.8031087860845,217.79942737812888,221.0359344482422,98070400
2025-01-22,218.2064601780486,222.5052654056773,218.2064601780486,222.2173614501953,64126500
2025-01-23,223.1208199792776,225.394314538592,220.69839703644928,222.04859924316406,60234800
2025-01-24,223.16053267311034,224.00441476166836,219.8148172645265,221.17494201660156,54697900
2025-01-27,222.40601266103107,230.47742834163907,222.36629236472388,228.2039337158203,94863400
2025-01-28,229.1867797612423,238.4594833656038,229.14705946957608,236.5433807373047,75707600
2025-01-29,232.43324490532586,238.131895727024,232.32403680973889,237.635498046875,45486100
2025-01-30,236.95044029141235,239.05516137192973,235.50096771104396,235.8782196044922,55658300
2025-01-31,245.4090800423025,245.4090800423025,231.7581442550369,234.29969787597656,100959800
2025-02-03,228.33297872450572,230.15971829856622,224.0738787357251,226.3672332763672,73063300
2025-02-04,225.61272492539547,231.45036595591674,225.01704170433482,231.12274169921875,45067300
2025-02-05,226.88350440739822,230.99367626573292,226.625383087866,230.7951202392578,39620300
2025-02-06,229.62363097431557,232.11555701043588,228.7698263631288,231.53973388671875,29925300
2025-02-07,230.9241838961893,232.31409120281862,225.62264568638093,225.989990234375,39707200
2025-02-10,228.16660736242451,229.1803610121675,225.81108525741098,226.25833129882812,33115600
2025-02-11,226.80497424991785,233.79199753404617,226.7354100570617,231.1979522705078,53718400
2025-02-12,229.78663009476247,235.51142789245534,229.26980470124647,235.42196655273438,45243300
2025-02-13,235.46174477414044,240.85854326211725,234.12993999243653,240.05349731445312,53614100
2025-02-14,239.77517912233392,244.04889519264196,239.51677402617887,243.10470581054688,40896200
2025-02-18,242.6574585849239,243.6811607859394,240.36158248040348,242.9755096435547,48822500
2025-02-19,243.16435439309654,244.50609250836237,241.6735241546838,243.37306213378906,32204200
2025-02-20,243.4426355672204,245.27138364211797,242.7966000469895,244.3271942138672,32316900
2025-02-21,244.44645306890683,247.1697083342209,243.72091995824803,244.0489044189453,53197400
2025-02-24,243.43268408373555,247.33866705271078,242.92580728065096,245.5894317626953,51326400
2025-02-25,246.48393846255715,248.47171215983582,243.41283173998391,245.52980041503906,48013300
2025-02-26,242.83635669602367,243.48237703128345,237.66814851741972,238.890625,44433600
2025-02-27,237.94643641845556,240.97779411500133,235.61079643123784,235.84933471679688,41153600
2025-02-28,235.5014815283524,240.61005923211764,228.7927454203557,240.36158752441406,56833400
2025-03-03,240.31186830369816,242.53818006191796,234.66659889731284,236.57485961914062,47184000
2025-03-04,236.25684921580154,238.60242278275774,233.24535811530478,234.4877166748047,53798100
2025-03-05,233.98083809185871,235.1039350742086,227.82867612475383,234.29888916015625,47227600
2025-03-06,233.00684447444675,236.4059358119138,231.73467047090975,233.8914031982422,45170400
2025-03-07,233.67273718007357,239.89446338205195,233.32487071745646,237.60853576660156,46273600
2025-03-10,234.10009611136832,234.71631625547707,222.84930513729455,226.08937072753906,72071200
2025-03-11,222.44182022291236,224.45940937640347,216.12069905845206,219.48997497558594,76137400
2025-03-12,218.7942505386503,220.39440897367027,213.5962265598192,215.653564453125,62547500
2025-03-13,214.62986833256545,215.51442704761877,207.14590135231947,208.398193359375,61368300
2025-03-14,209.9585940343847,212.64208545758027,208.2988048386841,212.18490600585938,60107600
2025-03-17,212.00598815128762,213.904315554563,208.6864099217596,212.6917724609375,48073400
2025-03-18,212.85080057479257,213.83473880015984,210.19712464056028,211.38978576660156,42432400
2025-03-19,212.91044076829724,217.4226803637017,212.443312738742,213.92420959472656,54385400
2025-03-20,212.6818553101102,216.16045933121794,210.92267131595005,212.7911834716797,48862900
2025-03-21,210.26668206389348,217.50217651661012,209.98839498228966,216.9356689453125,94127800
2025-03-24,219.64899945464327,220.1260609084734,217.24379503613238,219.38064575195312,44299500
2025-03-25,219.4204082670252,222.73005335992565,218.73462390108503,222.38218688964844,34493600
2025-03-26,222.14361164144708,223.64439026966872,219.1222027356067,220.17572021484375,34466100
2025-03-27,220.0365840783956,223.61458239748316,219.21165626689742,222.48155212402344,37094800
2025-03-28,220.31490521146458,222.44182255065115,216.34929105853038,216.5679473876953,39818600
2025-03-31,215.683368745432,224.24073468961828,214.90813825561798,220.77207946777344,65299300
2025-04-01,218.46626491168394,222.31260214779184,217.5618242432653,221.8256072998047,36412700
2025-04-02,219.96705040499884,223.81338775742097,219.66888130946384,222.52133178710938,35905900
2025-04-03,204.2835010267849,206.22159255986557,200.01973301812973,201.9478759765625,103419000
2025-04-04,192.70471987275084,198.65810753704542,186.19475800144227,187.22840881347656,125910900
2025-04-07,176.11674047268428,192.96311894309866,173.55251067175698,180.3507080078125,160466300
2025-04-08,185.55866963100107,189.17641711488596,168.175598539417,171.365966796875,120859500
2025-04-09,170.89882177160354,199.383619356675,170.8391909937331,197.63438415527344,184395900
2025-04-10,187.9141974958541,193.5892830219747,181.88129692496375,189.2559356689453,121880000
2025-04-11,184.96235041538483,198.32017705332044,184.92258644836306,196.9386749267578,87435900
2025-04-14,210.14742002868311,211.63825017625834,199.93026529720834,201.28195190429688,101352900
2025-04-15,200.6259945192588,202.26590170954893,198.57859009217825,200.90428161621094,51343900
2025-04-16,197.1473909296092,199.47308245703653,191.19400339685228,193.0823974609375,59732400
2025-04-17,195.99447418061752,197.61451451967758,193.2314700862815,195.77581787109375,52164700
2025-04-21,192.08849990403363,192.6152586778503,188.64964501381652,191.9791717529297,46742500
2025-04-22,194.92107095045932,200.35763286451953,194.7719939992729,198.51895141601562,52976400
2025-04-23,204.7406939661261,206.72846769395255,201.56025903470575,203.34925842285156,52929200
2025-04-24,203.6374845300284,207.5534013078127,201.69940812530302,207.09620666503906,47311000
2025-04-25,205.10842646651815,208.46776890662989,204.9394675201618,208.00064086914062,38222300
2025-04-28,208.71623364812058,210.2070638884643,206.1917677806294,208.85537719726562,38743100
2025-04-29,207.4142395090872,210.94254069563792,207.09618845243054,209.91883850097656,36827600
2025-04-30,208.0205233254963,212.2743578831654,205.4065960245207,211.20095825195312,52286500
2025-05-01,207.80187477964563,213.2483707428857,207.62296725165953,212.01596069335938,57365700
2025-05-02,204.83013207172814,205.72463931330321,200.92416412992952,204.09466552734375,101010600
2025-05-05,201.85843431656065,202.8523212109494,196.99832800962005,197.67416381835938,69018500
2025-05-06,196.9983091053983,199.42338015596502,195.81558138809015,197.2964630126953,51216500
2025-05-07,197.95242524507105,198.22077891807172,192.0686174137577,195.05027770996094,68536700
2025-05-08,196.51130456752412,198.82706269335065,193.48988012199126,196.28271484375,50478900
2025-05-09,197.78348851905432,199.3140676367793,196.33240700583877,197.3163604736328,36453900
2025-05-12,209.95526516858178,210.2538252478288,205.75556156059073,209.776123046875,63775800
2025-05-13,209.4178625594749,212.3735786127325,207.99474788922345,211.9058380126953,51909300
2025-05-14,211.40824098508043,212.91098786371114,209.56714827780408,211.30873107910156,49325800
2025-05-15,209.9353730316401,211.93571508448807,208.53215118256114,210.43296813964844,45029500
2025-05-16,211.33859654598928,211.54759317457453,208.76105751069144,210.24388122558594,54737900
2025-05-19,206.90999202317107,208.47243269467637,203.2775387890809,207.7758026123047,46140500
2025-05-20,206.67113760639387,207.46729276724128,204.04383620537516,205.8650360107422,42496600
2025-05-21,204.1831685508297,206.04416933851562,199.74462882701684,201.11798095703125,59211800
2025-05-22,199.7446272097534,201.77480849030061,198.7394754118135,200.39149475097656,46742400
2025-05-23,192.73846975457602,196.74908474491085,192.52948833207407,194.33078002929688,78432900
2025-05-27,197.34620772495165,199.77447409530296,196.48038197740732,199.2470245361328,56288500
2025-05-28,199.6251894151235,201.75489573800118,198.9385057789635,199.4560089111328,45339700
2025-05-29,202.60081106845576,202.8297005493605,197.55518975609246,198.98826599121094,51396800
2025-05-30,198.4110493394953,200.98860329086406,195.83351057352263,199.88394165039062,70819900
2025-06-02,199.31669015009302,201.15779807678393,199.15745607510846,200.7298583984375,35423300
2025-06-03,200.38153417950807,202.78989241693247,199.99341064507593,202.29229736328125,46381600
2025-06-04,201.9340306292736,205.24801554678163,201.1279290627925,201.84446716308594,43604000
2025-06-05,202.52119947175674,203.76518718349973,199.18730633012683,199.66500854492188,55126100
2025-06-06,202.0236053289331,204.7106157617459,201.07817770068002,202.93917846679688,46607700
2025-06-09,203.40692547634254,205.0091823144686,199.05794913802782,200.48106384277344,72862600
2025-06-10,199.63513956616538,203.36710243054736,199.60528507808198,201.69517517089844,54672600
2025-06-11,202.5211970741936,203.51638723180633,197.45568281643992,197.8238983154297,60989900
2025-06-12,198.12246436103902,198.71956936233477,196.4107360236097,198.24188232421875,43904600
2025-06-13,198.769334334526,199.40625545491926,194.7587190445596,195.50511169433594,51447300
2025-06-16,196.35101387226533,197.73432753277095,195.61456771612566,197.4656219482422,43020700
2025-06-17,196.25149936947125,197.4357781067605,194.27108064091922,194.69900512695312,38856200
2025-06-18,194.9975546383106,196.6197193940347,194.13174409281177,195.6344757080078,45394700
2025-06-20,197.28651411005004,200.72986375748766,195.9131467510872,200.03323364257812,96813500
2025-06-23,200.6602023375907,201.3269779408771,198.00304635957568,200.53082275390625,55814300
2025-06-24,201.61555699715424,202.4614746491071,199.23705328583006,199.33657836914062,54064000
2025-06-25,200.4810436177515,202.6903668657116,199.65503400834336,200.59051513671875,39525700
2025-06-26,200.461158146952,201.66534499125092,198.5006473897771,200.03323364257812,50799100
2025-06-27,200.91894034324127,202.24254507531293,199.03803155248616,200.1128387451172,73188600
2025-06-30,201.03834688076608,206.39247448465787,198.30157410241034,204.1831512451172,91912800
2025-07-01,205.67592638082795,209.17899961843958,205.1484768676989,206.82040405273438,78788900
2025-07-02,207.9051626163094,212.31384736812728,207.1388620051612,211.41818237304688,67941800
2025-07-03,211.12959751601144,213.61757304735917,210.79123648824356,212.5228729248047,34955800
2025-07-07,211.65703516300363,215.18996325511674,207.79570768244494,208.94017028808594,50229000
2025-07-08,209.08947184941582,210.41306148236814,207.44739887083225,208.99989318847656,42848900
2025-07-09,208.52217876921287,210.3135239719546,206.22329208627588,210.1244354248047,48749400
2025-07-10,209.49746585002458,212.45318170934252,209.01977884626095,211.38833618164062,44443600
2025-07-11,209.55718962168862,211.1096837700706,208.85059795908091,210.14434814453125,39765800
2025-07-14,208.92025854176603,209.89555581124029,206.54175471753558,207.61656188964844,38840100
2025-07-15,208.2137043224775,210.8708604550018,207.915144211828,208.10423278808594,42296300
2025-07-16,209.28849593835915,211.37838618562168,207.63647661047767,209.149169921875,47490500
2025-07-17,209.5571995447156,210.78127919114968,208.58190225319882,209.0098419189453,48068100
2025-07-18,209.85575432940058,210.77132749863404,208.6913836081342,210.1642608642578,48974600
2025-07-21,211.07983063398711,214.74212298846783,210.61209006251647,211.45799255371094,51377400
2025-07-22,212.11484021935428,213.91613206526756,211.20921348603295,213.3687744140625,46404100
2025-07-23,213.96588230147148,214.11515474984876,211.38834345684663,213.11996459960938,46989300
2025-07-24,212.87116805528336,214.65256693634578,212.50295255730364,212.73184204101562,46022600
2025-07-25,213.6673206036272,214.2047317845148,212.37357038101962,212.8512725830078,40268800
2025-07-28,213.00055398053098,213.81661722083774,212.03521828670327,213.0204620361328,37858000
2025-07-29,213.14982178903043,213.7767964509494,209.80599741985404,210.2538299560547,51411700
2025-07-30,210.88077731884883,211.36842593737322,206.72088996610802,208.04449462890625,45512500
2025-07-31,207.48719786288635,208.83069544134486,206.16359315375274,206.57162475585938,80698400
2025-08-01,209.8557561748323,212.5527283441607,200.530828701964,201.40660095214844,104434500
2025-08-04,203.52634207300898,206.88014336875773,200.70995198839026,202.37193298339844,75109300
2025-08-05,202.42165671427045,204.35232790405936,201.18763073057525,201.9439697265625,44155100
2025-08-06,204.6409599471833,214.3440641251077,204.60114383647723,212.22430419921875,108483100
2025-08-07,217.8272171299369,219.78774287041324,215.5382768294147,218.9716796875,90224800
2025-08-08,219.76784743364436,229.88892965735022,218.19544514014734,228.2468719482422,113854000
2025-08-11,227.08116933177635,228.71513292468896,223.9327956372812,226.34388732910156,61806100
2025-08-12,227.17081559543826,229.95055565919736,226.23428798669784,228.80477905273438,55626200
2025-08-13,230.2195756343437,234.1351043372746,229.58191650034667,232.47125244140625,69878500
2025-08-14,233.1985666998313,234.25466305951576,230.0003892485326,231.92327880859375,51916300
2025-08-15,233.1387895567921,233.417757832359,228.49593650929467,230.73765563964844,56038700
2025-08-18,230.8472538899505,232.26202593201924,229.26310933608104,230.0402374267578,37476200
2025-08-19,230.42880766374827,232.0129522601839,228.50591803460907,229.71145629882812,39402600
2025-08-20,229.13358225147155,229.6217843388592,224.93908515924198,225.17819213867188,42263900
2025-08-21,225.43723377620466,225.6863136691638,222.95639256938466,224.072265625,30621200
2025-08-22,225.33759321802492,228.2468445109381,224.5803958248437,226.92173767089844,42477800
2025-08-25,225.6464693442017,228.45609804536198,225.3973894325087,226.323974609375,30983100
2025-08-26,226.03502689374838,228.6453946309622,223.86305742355088,228.46604919433594,54575100
2025-08-27,227.76862267507164,230.05018785299507,227.41990473660533,229.64170837402344,31259500
2025-08-28,229.9704999102399,232.55096405412047,228.4959359400532,231.70408630371094,38074700
2025-08-29,231.65426265633033,232.52107103838586,230.51845893056873,231.28562927246094,39418400
2025-09-02,228.4062708029861,230.00038826150748,226.1346633063032,228.87454223632812,44075600
2025-09-03,236.33698891571112,237.9709525201245,233.49747185558658,237.59234619140625,66427800
2025-09-04,237.57241502764154,239.01707546456905,235.86871695735925,238.89752197265625,47549400
2025-09-05,239.11668743272676,240.43183651086895,237.61225041390915,238.80783081054688,54870400
2025-09-08,238.41927329094256,239.2661357937392,235.4701607098454,237.00450134277344,48999500
2025-09-09,236.12774389612645,237.90119155812317,232.5011411802574,233.4875030517578,66313900
2025-09-10,231.33547301291114,231.56462228661692,225.11843262708078,225.95533752441406,83440800
2025-09-11,226.04499474029723,229.60184779162614,225.81583028738913,229.1833953857422,50208600
2025-09-12,228.37638560886936,233.6469097348115,228.17712472443904,233.2085418701172,55824200
2025-09-15,236.12775635652346,237.31337916896246,234.16500543557729,235.828857421875,42699500
2025-09-16,236.30708253667353,240.33222235518573,235.45026224943368,237.2735137939453,63421100
2025-09-17,238.09051246512186,239.21635855568803,236.85507060288438,238.11044311523438,46508000
2025-09-18,239.0868055705458,240.31227437025743,235.77901734043184,237.00450134277344,44249600
2025-09-19,240.342162048153,245.3935094903633,239.32592704772566,244.59645080566406,163741300
2025-09-22,247.38616206443075,255.69547916115815,247.2068166293636,255.13751220703125,105517400
2025-09-23,254.9382669065294,256.3928850249964,252.64672876089196,253.49359130859375,60275200
2025-09-24,254.2807025242173,254.79879299943292,250.11607847800005,251.38140869140625,42303700
2025-09-25,252.27811828759639,256.2235509944071,250.78363873545524,255.9246368408203,55202100
2025-09-26,253.16481067495934,256.6519291955366,252.84598111295833,254.51980590820312,46076300
2025-09-29,253.62311772285494,254.06150078407975,252.07881928540593,253.49359130859375,40127700
2025-09-30,253.92202035086734,254.97811672142575,252.17846100632588,253.69287109375,37704300
2025-10-01,254.10136246357334,257.8375764362911,253.99176669154556,254.50985717773438,48713900
2025-10-02,255.63566078088252,257.229778167004,253.21461153357077,256.18365478515625,42630200
2025-10-03,253.73271197999827,258.2858846694617,253.01536064819075,257.07037353515625,49155600
2025-10-06,257.0404883747525,258.1165305885388,254.1113214696764,255.7452850341797,44664100
2025-10-07,255.86482860124664,256.45265350411205,254.48990271764998,255.5360565185547,31955800
2025-10-08,255.57591915435188,257.5685585594684,255.16742442767125,257.1102600097656,36496900
2025-10-09,256.8611554198282,257.0504585775582,252.2083446799687,253.1050262451172,38322000
2025-10-10,254.00171816056968,255.436420799504,243.10197943699816,244.3673095703125,61999100
2025-10-13,248.46217548947354,248.77103211910116,244.6562274921306,246.74850463867188,38142900
2025-10-14,245.69241642712313,247.93413549962378,243.79940008876653,246.8581085205078,35478000
2025-10-15,248.57178982967116,250.89321639065437,246.559219921403,248.42233276367188,33893600
2025-10-16,247.33635013275978,248.1234359576197,244.22783772705108,246.53929138183594,39777000
2025-10-17,247.10719170360767,252.44746537322095,246.35995200283696,251.36146545410156,49147000
2025-10-20,254.94822099113512,263.4069798400544,254.68918336894043,261.27484130859375,90483000
2025-10-21,260.91620875530236,264.3136625920602,260.86637452698056,261.80291748046875,46695900
2025-10-22,261.6833338430701,261.882609922878,254.4899051977633,257.4988098144531,45015300
2025-10-23,258.98332466328685,259.6608147081683,257.0604350924048,258.6246337890625,32754900
2025-10-24,260.2287163700197,263.15789839957887,258.22610426270086,261.85272216796875,38253700
2025-10-27,263.90514984178776,268.1295353654346,263.67598537979285,267.8206787109375,44888200
2025-10-28,268.00000632210845,268.89671830922975,267.1631014853557,268.0099792480469,41534800
2025-10-29,268.28892986747474,270.4110953948544,266.1269030442272,268.7073974609375,51086700
2025-10-30,270.98894793982623,273.1310593223432,267.49188695276854,270.401123046875,69886500
2025-10-31,275.9705701844509,276.29937269597025,268.16940070155243,269.37493896484375,86167100
2025-11-03,269.424736694289,269.8531467885877,265.2700709373508,268.05975341796875,50194600
2025-11-04,267.3424445625432,270.49081837885313,266.6350661079627,269.0461730957031,49274800
2025-11-05,267.6214146886098,270.7000692568828,265.94760492323326,269.14581298828125,43683100
2025-11-06,266.90407480138714,272.3937751745226,266.90407480138714,268.7771301269531,51204000
2025-11-07,268.80702532983145,271.2878818962731,265.7881780523408,267.48193359375,48227400
2025-11-10,268.22988302493957,272.9869540449525,266.7339548671466,268.6986083984375,41312400
2025-11-11,269.07757258136417,275.16101963639426,269.0675899882029,274.5028076171875,46208300
2025-11-12,274.2535066981436,274.9815360542478,270.9624767916609,272.7276611328125,48398000
2025-11-13,273.36590026791555,275.9488963676571,271.3513946141157,272.2090759277344,49602800
2025-11-14,270.31417782757546,275.21085247368256,268.8681323529343,271.6705017089844,47431300
2025-11-17,268.09027174019775,269.7557213346742,265.00866346949266,266.73394775390625,45018300
2025-11-18,269.2570854665072,269.9751321987233,264.59977951795884,266.7140197753906,45677300
2025-11-19,264.80918960656476,271.47104873805114,264.77927226211665,267.8309631347656,40424500
2025-11-20,270.09480618650156,274.68232536305425,265.1981613886433,265.5272521972656,45823600
2025-11-21,265.2280517805383,272.5879921198442,264.9488130991126,270.75299072265625,59030800
2025-11-24,270.16459800357205,276.24804478801667,270.16459800357205,275.1709899902344,65585800
2025-11-25,274.52277261748515,279.6189174225992,274.50283786370125,276.2181701660156,46914200
2025-11-26,276.2081750495132,278.7712060098946,275.8790842359358,276.79656982421875,33431400
2025-11-28,276.50736791500816,278.242634823177,275.2407959413455,278.0930480957031,20135600
2025-12-01,277.2553332443013,282.65065109438723,275.3904143522869,282.3315124511719,46587700
2025-12-02,282.231773534172,286.619823290159,281.86278279875575,285.4131164550781,53669500
2025-12-03,285.4231155973949,287.8365294074879,282.5309633672564,283.378662109375,43538700
2025-12-04,283.3287830094401,283.95707766942763,277.83373081751637,279.9380187988281,43989100
2025-12-05,279.77845592816414,280.37683325787106,277.2951945750906,278.0232238769531,47265800
2025-12-08,277.374989388386,278.9108174051644,275.4003533668138,277.1356506347656,38211800
2025-12-09,277.4049018876359,279.26982065807096,276.16827776921565,276.42755126953125,32193300
2025-12-10,276.9960211276047,278.9905919368044,275.68957968235776,278.0232238769531,33038300
2025-12-11,278.34237127554803,278.8310314000742,273.0667227973629,277.2752685546875,33248000
2025-12-12,277.14562382282355,278.4620479370953,276.0685689150702,277.52459716796875,39532900
2025-12-15,279.3894873363706,279.3894873363706,272.0993337942639,273.3658752441406,50409100
2025-12-16,272.07941349564567,274.752131096348,271.0522107383373,273.8645324707031,37648600
2025-12-17,274.2634587890498,275.41033087528734,270.9026119684932,271.10205078125,50138700
2025-12-18,272.8672697170699,272.88723490520505,266.22537510199504,271.4511413574219,51630700
2025-12-19,271.4112306527045,273.8545921928022,269.1673383776201,272.9271240234375,144632000
2025-12-22,272.1192896847017,273.13654030849926,269.7756932559407,270.23443603515625,36571800
2025-12-23,270.1048034873943,271.7603010837797,268.8282792538215,271.62066650390625,29642000
2025-12-24,271.60070067851706,274.6823088952694,271.46109654935304,273.06671142578125,17910600
2025-12-26,273.41578359787746,274.6224904749486,272.11929424741834,272.6578369140625,21521800
2025-12-29,271.9497734782625,273.61522314661676,271.6107000753325,273.0168762207031,23715200
2025-12-30,272.0694584675055,273.3360001129787,271.54089836280934,272.3387145996094,22139600
2025-12-31,272.3187639976345,272.9370761103812,271.0123224859311,271.12200927734375,27293600
2026-01-02,271.52092924369913,277.0857683126949,268.2697691424855,270.2743225097656,37838100
2026-01-05,269.9053450243044,270.7729784841199,265.41756056202854,266.5345153808594,45647200
2026-01-06,266.27521573774703,266.82371056256306,261.40845786144683,261.6477966308594,52352100
2026-01-07,262.48552563718374,262.964203143993,259.1047135716701,259.623291015625,48309800
2026-01-08,256.3222864925608,258.58614386359903,255.00587765735156,258.3368225097656,50419300
2026-01-09,258.3767027680543,259.5036402038468,255.52448097015204,258.6659240722656,39997000
2026-01-12,258.4565110528425,260.59068617382866,256.1029014720883,259.5435485839844,45263800
2026-01-13,258.01770778709204,261.0993163539261,257.68861696081353,260.34136962890625,45730800
2026-01-14,258.78557762508564,261.1092696408236,256.0131254420647,259.2543029785156,40019400
2026-01-15,259.9424426175537,260.3313985459844,256.35220896361545,257.5090637207031,39388600
2026-01-16,257.1999111311508,258.1971965798445,254.23797213114116,254.8363494873047,72142800
2026-01-20,252.04394930256512,254.09835490933511,242.75922413209136,246.0303192138672,80267500
2026-01-21,248.02489020045314,250.87712721718017,244.51444112970407,246.9777374267578,54641700
2026-01-22,248.52352576906395,250.31864258405668,247.47637302553753,247.67584228515625,39708300
2026-01-23,246.64863719927277,248.73296007338791,244.0157890837153,247.36666870117188,41689000
2026-01-26,250.7973351598156,255.86354695988197,249.12190294519746,254.7166748046875,55969200
2026-01-27,258.4664593428383,261.23891141767155,257.50904348719195,257.5688781738281,49648300
2026-01-28,256.95060341967536,258.15731035497566,253.8191275531099,255.743896484375,41288000
2026-01-29,257.29964922744847,258.94516415300217,253.7193980705993,257.5788879394531,67253000
2026-01-30,254.47732177254832,261.1890484668085,251.49543285360957,258.775634765625,92443400
2026-02-02,259.3241487899344,269.7557466562268,258.50636737104884,269.2770690917969,73913400
2026-02-03,268.4692659190308,271.1419837262723,266.88355520832346,268.7485046386719,64394700
2026-02-04,271.55083028665655,278.19275421850585,271.55083028665655,275.7394104003906,90545700
2026-02-05,277.37501624935936,278.7412924914769,272.48832346973,275.1610412597656,52977400
2026-02-06,276.3677049075235,280.1474248180158,276.1782182606431,277.364990234375,50453400
2026-02-09,277.41494619870406,277.70443813431814,271.2160169672847,274.13079833984375,44623400
2026-02-10,274.40031021957236,274.87943562430115,272.4537718732244,273.19244384765625,34376900
2026-02-11,274.2106536370846,279.6808719096702,273.9610989943363,275.00921630859375,51931300
2026-02-12,275.09909064411113,275.22886395053104,259.7165366668213,261.2637939453125,81077200
2026-02-13,261.5432690161623,261.7628783299504,254.9949421084194,255.32435607910156,56290700
2026-02-17,257.5903108294174,265.8156532326085,255.08478749757862,263.4099426269531,58469100
2026-02-18,263.13045584681157,266.3447212846438,261.9825104325609,263.8791198730469,34203300
2026-02-19,262.13220471573277,264.00886051677537,259.5867290635135,260.11578369140625,30845300
2026-02-20,258.50868117461044,264.2783836675007,257.7001265171608,264.1086730957031,42070500
2026-02-23,263.0206001676805,268.95002088588865,262.91081074777924,265.705810546875,37308200
2026-02-24,267.38283777638213,274.4003442568012,267.233111068832,271.6552429199219,47014600
2026-02-25,271.29586819299504,274.45024283739696,270.567157599074,273.74151611328125,33714300
2026-02-26,274.4602128097023,275.61811956353745,270.31758130113775,272.4637756347656,32345100
2026-02-27,272.3240124520744,272.3240124520744,262.4217010495403,263.7093811035156,72366500
2026-03-02,261.94253069595567,266.05518620599753,259.73647625260065,264.2484130859375,41827900
2026-03-03,263.0106738027697,265.08695529305965,259.6666350681776,263.2801818847656,38568900
2026-03-04,264.17854815272653,265.67587606267574,260.95432154975975,262.0523376464844,39803100
2026-03-05,260.3254337562426,261.09405110124777,256.79173142961054,259.8263244628906,49658600
2026-03-06,258.16927189629365,258.3090066542827,253.916851068475,257.0013427734375,41120000
2026-03-09,255.2345148744848,260.68477987096253,253.22808575123491,259.41705322265625,38218500
2026-03-10,257.19102845716964,262.01244158439727,256.4922936817907,260.3653564453125,30590800
2026-03-11,260.62486739620806,261.6630231774062,259.08760235948154,260.3453674316406,26218900
2026-03-12,258.1992253881205,258.48871731031414,253.72719511663234,255.30438232421875,40794000
2026-03-13,255.024890934378,255.87336762960538,249.07551643845036,249.6744384765625,36930000
2026-03-16,251.66090222791988,253.43773019062647,249.4348789230203,252.36964416503906,32074200
2026-03-17,252.5093881906664,254.67552076289968,251.7307636559193,253.77711486816406,32361600
2026-03-18,252.1799767808244,254.48585937367065,248.55643828829037,249.49476623535156,35757900
2026-03-19,248.95572868612365,251.38140795985734,246.85947863088072,248.5165252685547,34864100
2026-03-20,247.53824109812177,248.75606899357115,245.56177255944445,247.54823303222656,88331100
2026-03-23,253.51758537106093,254.14646797882926,249.83415620831627,251.04200744628906,40546100
2026-03-24,249.90403139868116,254.37604644028636,249.10545347620703,251.1917266845703,45152300
2026-03-25,253.6473574345128,254.5457480998694,251.15181088451408,252.16998291015625,28476700
2026-03-26,251.67088153367666,256.5421934269488,250.32329549316128,252.43951416015625,41796700
2026-03-27,253.4477020992108,255.03488128462607,247.6281009352486,248.35679626464844,47900000
2026-03-30,249.62453299565456,250.4230956915925,245.07264337813007,246.19065856933594,39446200
2026-03-31,247.46837564153284,255.02488248828539,246.65982101631488,253.337890625,49598100
2026-04-01,253.62737973002484,255.7236296181179,252.8787157917901,255.17462158203125,40059400
2026-04-02,253.74717405681358,255.6737439434535,250.20349485503914,255.464111328125,31289400
2026-04-06,256.053045051996,261.6929736576745,256.003115847535,258.3988342285156,29329900
2026-04-07,255.70368128016966,255.7436185540334,245.2623079794448,253.0484161376953,62148000
2026-04-08,257.98960165960847,259.2872736156141,256.0730086009651,258.43878173828125,41032800
2026-04-09,258.5386040524215,260.65482250105316,255.6138310165902,260.02593994140625,28121600
2026-04-10,259.5168819122501,261.7229364827484,258.5585701252562,260.0159912109375,31291500
2026-04-13,259.2673359057164,259.71651601158027,256.2027973984465,258.73828125,36234700
2026-04-14,258.78816168339415,261.4633801130582,256.73183388682423,258.368896484375,48370700
2026-04-15,257.7001261657452,266.08515659729386,257.35074355126085,265.95538330078125,49913500
2026-04-16,266.3246925362851,266.6840670491935,260.804545264895,262.9307556152344,43323100
2026-04-17,266.4844323486072,271.8149160854778,266.24486962975914,269.7486267089844,61436200
2026-04-20,269.84841238867654,273.7913879220191,269.80850557942483,272.5635681152344,36590200
2026-04-21,271.0163536236942,272.3140256362382,264.9272139873882,265.69586181640625,50209800
2026-04-22,267.3429346055621,273.2523721409737,266.39461467279705,272.68341064453125,43249200
2026-04-23,274.56001085217736,275.2787294551341,271.1660737405759,272.9429016113281,33399600
2026-04-24,272.2741016414235,272.5735550213531,269.16962610782736,270.5771179199219,38157100
2026-04-27,265.6159889280984,267.88193422863776,264.59781690250213,267.1332702636719,41466800
2026-04-28,271.8548539018017,272.7432830913257,268.181416710472,270.2277526855469,40018900
2026-04-29,267.07336249706583,270.55716597281076,266.56429174844374,269.688720703125,30047900
2026-04-30,270.018146234023,275.50834883767226,267.6623648300734,270.86663818359375,91848200
2026-05-01,278.36321169794013,286.7083346607987,277.87409435408995,279.6409606933594,79915400
2026-05-04,279.16182884121525,280.13010214166496,274.3703610857382,276.33685302734375,46668400
2026-05-05,276.43668191704,284.0630869835518,276.00745521106614,283.67376708984375,49311700
2026-05-06,281.4177950537395,287.5168959460148,280.5693031693742,286.9978332519531,58336100
2026-05-07,288.75467457606095,291.60959552514373,285.2709015174152,286.9279479980469,45224300
2026-05-08,289.49338424193445,294.2349225642168,289.48339230776435,292.7974853515625,52692800
2026-05-11,291.72841688276577,293.6267735875138,289.979924827367,292.42779541015625,42247300
2026-05-12,292.3078994315659,295.0155556946294,292.3078994315659,294.54595947265625,45748100
2026-05-13,293.24708951115105,300.6607090744109,293.24708951115105,298.6124572753906,52684300
2026-05-14,299.5616620172475,300.1911240450107,295.12548538387824,297.9530334472656,35324900
2026-05-15,297.643304079477,302.93875555297063,296.26448829773227,299.9713134765625,54862800
2026-05-18,299.98126929450746,300.4009207908792,294.6558756451712,297.5833435058594,34483000
2026-05-19,296.7140952726279,300.2510533099592,296.09463441963413,298.7123718261719,42243600
2026-05-20,297.9230626302997,302.5390768782648,297.82314269813475,301.98956298828125,38229800
2026-05-21,300.80056674721834,305.27671719779084,300.1411318265125,304.7271728515625,42965100
2026-05-22,305.85620846339293,311.13165741506583,305.57645096183757,308.55389404296875,43670200
2026-05-26,309.29325163060713,311.5513139598484,307.4048960873393,308.0643005371094,48000500
2026-05-27,308.0643052358437,312.9900803339556,308.0343323058515,310.5821533203125,50430900
2026-05-28,310.412282475935,312.5304508120942,309.30325358892543,312.24072265625,48220400
2026-05-29,311.5113496628706,314.7285763294451,309.2632884033746,311.7911071777344,70026800
2026-06-01,309.363197507879,310.67206624496237,304.7571540774977,306.0460510253906,48849900
2026-06-02,307.1950545511415,315.1781903378333,306.42572903356995,314.92840576171875,44534700
2026-06-03,313.9092501546009,316.6668815001487,308.5838566628498,309.9926452636719,50836700
2026-06-04,312.96009909963743,313.26982953176514,309.38316692864953,310.9618225097656,44869100
2026-06-05,312.5903972939029,314.8984348439246,306.8853260765596,307.0751647949219,65310500
2026-06-08,308.4739595974908,317.1265012321255,300.9105055796523,301.2801818847656,77949100
2026-06-09,300.0212482417878,300.4908444635933,287.5320194610898,290.29962158203125,70108800
2026-06-10,290.4894628291428,294.4960172141002,287.1323727394638,291.3287353515625,52793300
2026-06-11,293.4668864344149,296.7440586571729,289.3404406054596,295.375244140625,42572500
2026-06-12,295.7749221682621,296.88398158337014,289.3704417369658,290.879150390625,38742100
2026-06-15,293.8665449684006,297.5233947188816,291.4486474146935,296.1645812988281,45732600
2026-06-16,294.99559499590845,300.2210994929347,293.71669913987887,298.9821472167969,39874400
2026-06-17,300.59074812548096,301.8096980081642,294.10632015937927,295.6949768066406,42745100
2026-06-18,297.8530937792582,300.31099586682666,295.3652492546472,297.7532043457031,85962200
2026-06-22,297.05381866220307,302.1594314563154,296.5043047694293,296.75408935546875,44879900
2026-06-23,297.2836155142734,301.3800886038737,293.9264950024863,294.04638671875,52010900
2026-06-24,295.1054570720635,299.4417438827621,292.68755959702736,292.8274230957031,53081900
2026-06-25,287.1523472601469,288.55113481081804,273.5141152813601,274.91290283203125,107013700
2026-06-26,274.7630284991681,285.70360492137456,273.9737007161028,283.53546142578125,261775500
2026-06-29,286.4829438934296,288.12151489662153,279.6088673150861,281.4972229003906,66427000
2026-06-30,280.9277417485351,289.69017405322865,280.45814550695326,289.11065673828125,65100200
2026-07-01,293.1871503157195,296.33442991747245,288.95081360688545,294.1263427734375,50164200
2026-07-02,293.866538367699,309.15337194761725,293.4269150966668,308.3640441894531,75352800
2026-07-06,307.0951430290638,313.9292760509671,306.7354678654279,312.3905944824219,53590000
2026-07-07,315.0183186077797,315.20815732134815,309.88273318392555,310.3923034667969,42490000
2026-07-08,311.6412289475945,314.5487250421545,306.7854009831778,313.1199645996094,41323500
2026-07-09,310.24243869469103,316.2572401947346,307.8944576262147,315.947509765625,48124500
2026-07-10,314.4488202226986,316.6369356310425,311.9010296470402,315.0483093261719,34132300
2026-07-13,316.7468014245228,323.171283634363,315.5078797345754,317.03656005859375,43257800
2026-07-14,313.48965629761443,315.91755515351207,311.64124426456783,314.58868408203125,36336800
2026-07-15,317.34631234952286,328.44675508114506,317.0465830462295,327.2178039550781,60957600
2026-07-16,327.72736328456057,334.3915986652446,326.50841333986017,332.97283935546875,62970600
2026-07-17,331.693929977533,334.7013154010385,328.71648699084636,333.452392578125,63407100
2026-07-20,333.2226134619852,333.4224228207836,323.4010672140761,326.3085632324219,53468000
2026-07-21,322.85156758462244,329.3159936819017,321.94234806189104,327.45758056640625,41338900
2026-07-22,327.58746619388995,328.7164973399543,323.0613709608057,325.60919189453125,38755900
2026-07-23,321.4527900194849,323.0214140443725,319.0748358849152,321.3828430175781,40840800
2026-07-24,321.5127284115298,334.0818750563203,321.3428614810286,332.7330322265625,47489400
2026-07-27,334.2517370375488,339.277401491225,333.73216560461384,336.61968994140625,49604300
2026-07-28,339.73698155301014,342.59453283396704,335.31080637618777,339.78692626953125,51859000
2026-07-29,339.43727163464206,344.2730974331505,337.0593175600121,337.8985900878906,56090800
2026-07-30,332.8129674612056,334.4615395264105,329.30598233808786,333.1426696777344,74817800
2026-07-31,304.54735603914753,310.4222943774597,299.7415030462749,308.6438293457031,132489100
2026-08-03,309.313234694189,311.5313230344714,302.29929450581176,303.1585693359375,75052000
2026-08-04,302.46913991298527,310.1525156602479,301.0603512911937,309.1134033203125,68001000
2026-08-05,309.09342362565195,311.4414048335362,305.40663118634393,310.7320251464844,49438800
2026-08-06,314.06913775686996,316.0174696892129,308.96355554648414,312.14080810546875,46139900
2026-08-07,311.1816431226555,314.53873325457766,310.47223295908327,313.05999755859375,34437200
2026-08-10,306.8299865722656,308.260009765625,304.6099853515625,308.260009765625,44812500
2026-08-11,307.75,309.9700012207031,302.7900085449219,304.9100036621094,37476700
2026-08-12,305.1000061035156,305.6600036621094,300.57000732421875,302.25,41657800
2026-08-13,304.2099914550781,306.0,302.04998779296875,305.260009765625,40349300
2026-08-14,306.0,307.489990234375,304.29998779296875,305.92999267578125,28229400
2026-08-17,306.2099914550781,307.6600036621094,302.94000244140625,305.5899963378906,38169300
2026-08-18,307.5799865722656,311.489990234375,305.739990234375,310.0299987792969,53424500
2026-08-19,310.1400146484375,319.2799987792969,309.6000061035156,316.8299865722656,50505600
2026-08-20,317.4599914550781,320.2799987792969,310.6499938964844,311.29998779296875,40959200
2026-08-21,312.04998779296875,312.3800048828125,307.010009765625,309.3500061035156,46876800
2026-08-24,311.4700012207031,313.3599853515625,309.9700012207031,310.3399963378906,34673600
2026-08-25,310.7900085449219,313.5899963378906,308.2099914550781,309.8999938964844,25869800
2026-08-26,310.29998779296875,315.42999267578125,308.79998779296875,313.45001220703125,34024500
2026-08-27,310.54998779296875,315.3999938964844,309.3999938964844,314.5799865722656,32419200
2026-08-28,316.8500061035156,322.3699951171875,315.45001220703125,319.70001220703125,38649400
2026-08-31,319.6000061035156,321.239990234375,312.79998779296875,316.8500061035156,41242700
2026-09-01,316.9800109863281,327.29998779296875,314.7300109863281,325.1300048828125,53167400
2026-09-02,326.8699951171875,328.3999938964844,323.5299987792969,324.9599914550781,33776400
2026-09-03,324.8699951171875,330.80999755859375,324.1099853515625,328.2099914550781,37225800
2026-09-04,328.30999755859375,328.92999267578125,317.8599853515625,319.9700012207031,39606900
2026-09-08,317.1000061035156,320.70001220703125,314.8999938964844,316.2200012207031,35477100
2026-09-09,315.489990234375,319.1499938964844,309.8999938964844,315.3399963378906,65640000
2026-09-10,316.6700134277344,326.739990234375,316.510009765625,326.57000732421875,70011900
2026-09-11,327.45001220703125,336.2200012207031,326.29998779296875,332.2699890136719,50659000
