Date,Open,High,Low,Close,Volume
2018-01-01,1066.5129688993345,1080.478257620652,1051.0775869322547,1057.0458984375,1645
2018-01-02,1079.0009914471966,1108.401773453719,1076.8032881490983,1103.57275390625,8107
2018-01-03,1130.459859220389,1131.9299528262,1087.8287731434268,1096.8695068359375,103430
2018-01-04,1108.9680145228242,1120.9047502958006,1102.5292839433018,1102.602783203125,22506
2018-01-05,1088.5706503413307,1117.2290486757854,1088.5706503413307,1100.904296875,8397
2018-01-08,1102.5289744230793,1113.5542945658137,1098.1188029395516,1109.7689208984375,10769
2018-01-09,1109.8789801713408,1109.8789801713408,1088.5708259352227,1093.0323486328125,6292
2018-01-10,1102.5290589426972,1115.6565451854635,1083.4184953258741,1101.07373046875,25410
2018-01-11,1102.528664875702,1106.2037343694346,1087.828278334717,1093.326171875,14641
2018-01-12,1095.1785692951248,1102.5288178686046,1080.478180714234,1094.9654541015625,13189
2018-01-15,1101.0515523097233,1101.0515523097233,1080.4782803263986,1083.30078125,3460
2018-01-16,1091.5037061074577,1102.5290267736998,1091.5037061074577,1101.580810546875,3993
2018-01-17,1102.5289906376615,1109.8056325565879,1098.4864238567122,1102.8670654296875,43874
2018-01-18,1102.8670654296875,1102.8670654296875,1102.8670654296875,1102.8670654296875,0
2018-01-19,1103.2639175021195,1103.2639175021195,1098.1922530925776,1102.51416015625,19311
2018-01-22,1102.5288030769477,1109.871669059219,1084.1533447388788,1105.079345703125,37631
2018-01-23,1109.879007494155,1109.879007494155,1095.17861825607,1103.61669921875,13915
2018-01-24,1102.5287555338407,1117.2291432836012,1058.4275922845595,1110.2978515625,105197
2018-01-25,1113.7012865999898,1139.2798902185405,1113.7012865999898,1129.4012451171875,14931
2018-01-26,1131.9298204724898,1131.9298204724898,1117.2294289637787,1125.461669921875,14447
2018-01-29,1113.5542651790586,1124.5794764647526,1113.5542651790586,1120.9779052734375,314
2018-01-30,1117.3027376523046,1146.6300164245977,1117.2292384214486,1140.50732421875,10502
2018-01-31,1114.2965167083748,1153.7964355065426,1114.2965167083748,1147.7545166015625,15609
2018-02-01,1150.2832868074734,1168.6807886560975,1150.2832868074734,1164.7926025390625,2928
2018-02-02,1164.7926025390625,1164.7926025390625,1164.7926025390625,1164.7926025390625,0
2018-02-05,1164.7926025390625,1164.7926025390625,1164.7926025390625,1164.7926025390625,0
2018-02-06,1131.9294730411464,1183.3807732462687,1131.9294730411464,1172.428955078125,51715
2018-02-07,1227.4747513720538,1227.4747513720538,1157.6552571335703,1162.815185546875,8034
2018-02-08,1175.8396497464425,1175.8396497464425,1150.3051258328826,1153.0614013671875,3968
2018-02-09,1147.3648760451279,1176.0306584246364,1147.3648760451279,1162.719482421875,14205
2018-02-12,1161.3305675844695,1161.3305675844695,1146.6301765302578,1155.6268310546875,10478
2018-02-13,1168.6806449517567,1168.6806449517567,1157.6553251221887,1160.5733642578125,1113
2018-02-14,1157.655091986944,1157.655091986944,1128.2544259724405,1138.4344482421875,19456
2018-02-15,1128.261833037949,1174.560703115259,1121.3673446140956,1131.93701171875,12801
2018-02-16,1142.9550460771413,1161.330506791471,1142.587441324703,1146.6741943359375,8663
2018-02-19,1146.6299146093795,1161.3303023056305,1139.2723925520338,1147.1444091796875,12366
2018-02-20,1146.6299127020882,1150.3049824785223,1117.2291373584915,1141.09521484375,5227
2018-02-21,1151.0404261682868,1151.0404261682868,1131.9152039924288,1133.10595703125,3146
2018-02-22,1124.5792219579437,1151.7750192463743,1124.5792219579437,1149.2685546875,6146
2018-02-23,1139.2799053261838,1161.3305457764682,1124.5795145480229,1148.570556640625,6292
2018-02-26,1138.5447318879546,1147.3649649523395,1124.5941007130793,1140.338134765625,919
2018-02-27,1123.109368785768,1139.2797420411152,1120.9116658363037,1128.151611328125,847
2018-02-28,1129.357309556289,1131.929891803191,1071.746492773583,1081.86767578125,92976
2018-03-01,1086.351084302542,1095.1785915571427,1047.4097373324494,1058.4644775390625,55732
2018-03-02,1058.7216195346678,1062.1026925291328,1047.4023043579377,1047.9976806640625,22360
2018-03-05,1049.6075587555874,1054.7453400919285,1047.4024730332812,1050.9747314453125,11325
2018-03-06,1051.8126539895495,1051.8126539895495,1049.6075682473024,1050.2103271484375,19118
2018-03-07,1036.377181319812,1047.586194310792,1036.377181319812,1044.3006591796875,9171
2018-03-08,1045.932368487021,1047.4023530895001,1037.1121351739328,1042.404296875,11325
2018-03-09,1042.3309958237653,1043.9479791939302,1037.8473248015791,1042.2647705078125,2734
2018-03-12,1043.7272591075052,1047.4023290955859,1043.7272591075052,1047.13037109375,5856
2018-03-13,1051.3573004452153,1057.6140434991962,1051.3573004452153,1051.6219482421875,24442
2018-03-14,1049.1589572783441,1051.349876072546,1044.3873696253859,1048.136962890625,4235
2018-03-15,1050.6293842309885,1051.327871974813,1044.0124291304435,1047.489990234375,5348
2018-03-16,1044.1592079691923,1050.5556035480442,1025.6316948589235,1045.2032470703125,27660
2018-03-19,1036.6674748746518,1047.6884203915702,1036.6601989612288,1044.37255859375,6025
2018-03-20,1051.349845019968,1067.9070006586587,1051.349845019968,1066.0762939453125,29282
2018-03-21,1077.089800053416,1084.4493311435413,1066.0688560927777,1066.98779296875,4331
2018-03-22,1083.7069380974508,1083.7142140110843,1069.7451114091498,1074.2813720703125,6969
2018-03-23,1074.2813720703125,1074.2813720703125,1074.2813720703125,1074.2813720703125,0
2018-03-26,1074.2668784074854,1091.8018329861616,1074.1565451328713,1087.66259765625,12366
2018-03-27,1088.125550466367,1088.125550466367,1064.5985044933177,1067.642333984375,28556
2018-03-28,1073.4138085968855,1077.0972670494677,1066.8042382894484,1072.4801025390625,847
2018-03-29,1062.7679214301884,1074.8916578366777,1062.3929403586142,1073.8109130859375,23401
2018-03-30,1066.0691134236679,1095.477815446224,1052.8350943475707,1088.537353515625,11906
2018-04-02,1092.5368160575533,1093.2721176901741,1071.9506508543284,1081.5306396484375,3484
2018-04-03,1088.1255725642836,1088.1255725642836,1070.4802877261518,1077.3546142578125,10115
2018-04-04,1073.457814439867,1102.829915522041,1073.457814439867,1093.00732421875,60282
2018-04-05,1102.829814808588,1110.1819614480387,1094.0071736838224,1095.8673095703125,29185
2018-04-06,1088.8608797166405,1121.2105719764127,1088.8608797166405,1115.586181640625,221502
2018-04-09,1120.1074518452829,1138.0027206364932,1102.8223823121366,1115.35791015625,10285
2018-04-10,1110.181914705225,1124.886315960724,1110.181914705225,1124.151123046875,3315
2018-04-11,1106.8738703200045,1138.7824497966465,1106.8738703200045,1127.82763671875,6001
2018-04-12,1132.238937623192,1139.5910863344811,1102.8375100967994,1119.2108154296875,17085
2018-04-13,1124.812718762762,1128.5624195550884,1104.4104109444781,1115.7989501953125,556
2018-04-16,1115.7993681329597,1138.8484874868386,1113.858436528688,1129.305419921875,76956
2018-04-17,1102.8298909233465,1138.767471132448,1102.8298909233465,1124.6953125,65049
2018-04-18,1118.269514911698,1118.6739253672688,1113.858248231854,1114.0419921875,11398
2018-04-19,1123.4159624171082,1124.1511553520847,1113.858128475292,1119.6810302734375,11398
2018-04-20,1110.1896136826865,1132.2388916015625,1110.1896136826865,1132.2388916015625,79545
2018-04-23,1139.2159581755393,1139.2159581755393,1117.5343873312547,1118.0269775390625,556
2018-04-24,1124.886322194515,1132.2385771608606,1110.917222371156,1127.1802978515625,5178
2018-04-25,1124.8867711926223,1127.8276526338711,1117.5346218873735,1126.1661376953125,1597
2018-04-26,1132.23103642269,1132.23103642269,1118.276598944903,1119.25439453125,822
2018-04-27,1118.9974328441808,1124.8791941521563,1102.9769580611635,1115.0198974609375,72358
2018-04-30,1124.1441101742537,1138.8485162909403,1124.1441101742537,1130.6141357421875,6606
2018-05-01,1130.6141357421875,1130.6141357421875,1130.6141357421875,1130.6141357421875,0
2018-05-02,1121.2178385132531,1140.3262335349518,1118.3430925041578,1139.620361328125,5445
2018-05-03,1139.5908320065826,1140.473172187783,1132.2386849361071,1136.4073486328125,3315
2018-05-04,1124.1513451628246,1139.5909423828125,1124.1513451628246,1139.5909423828125,11519
2018-05-07,1139.591020972042,1152.6706167955651,1139.591020972042,1139.6939697265625,16915
2018-05-08,1107.2411308066542,1176.3518770193946,1107.2411308066542,1171.91845703125,111997
2018-05-09,1176.3519268036632,1191.0563299610483,1124.9673652646547,1168.771728515625,55030
2018-05-10,1154.302437267929,1161.647307267555,1154.2950527604999,1155.92724609375,7744
2018-05-11,1157.9714602910215,1157.9714602910215,1154.332200225293,1155.0379638671875,2395
2018-05-14,1128.562613566981,1139.5908341938614,1121.2103578866795,1128.158203125,7598
2018-05-15,1103.565084843079,1132.2386976504936,1103.565084843079,1117.1446533203125,9559
2018-05-16,1121.2103907250196,1121.2177752338434,1113.858243425101,1116.3873291015625,4573
2018-05-17,1113.8583984375,1121.2105467605957,1113.8583984375,1113.8583984375,653
2018-05-18,1138.1208101995155,1138.1208101995155,1114.5937582928125,1117.7183837890625,9438
2018-05-21,1113.8584216906418,1113.8584216906418,1102.8227058700297,1105.53564453125,2516
2018-05-22,1110.1820879225709,1121.8720914595306,1102.8299404455465,1121.2987060546875,6945
2018-05-23,1124.8129494516336,1124.8864687530045,1112.0201566302123,1119.4017333984375,10962
2018-05-24,1113.8583330671613,1139.5909592835276,1113.8583330671613,1117.4388427734375,4888
2018-05-25,1121.210362925357,1124.8864364841704,1110.182033653201,1110.69677734375,24587
2018-05-28,1124.8128751464212,1128.5551919517068,1110.1819921615247,1116.953369140625,24901
2018-05-29,1123.4162849370364,1124.8866712291206,1110.1896498397703,1118.541748046875,2420
2018-05-30,1124.8644429029275,1132.1652245804885,1110.1820843319297,1118.5489501953125,4283
2018-05-31,1135.914953687079,1135.914953687079,1102.830068992618,1117.8211669921875,17690
2018-06-01,1121.2029423237902,1128.5625823088576,1106.505924474577,1124.114501953125,16286
2018-06-04,1127.0921604154314,1128.562655043821,1127.0847759065523,1128.4891357421875,266
2018-06-05,1121.2105488593531,1176.3520957687203,1111.6527125831446,1143.51708984375,16480
2018-06-06,1190.3136811879965,1190.3136811879965,1124.8863941162983,1126.445068359375,15463
2018-06-07,1113.8652657944428,1138.1128379768925,1102.8296628477217,1125.6435546875,25434
2018-06-08,1125.6435546875,1125.6435546875,1125.6435546875,1125.6435546875,0
2018-06-11,1113.8654615252444,1146.9430639363818,1113.8654615252444,1133.0179443359375,4210
2018-06-12,1146.208017757141,1176.3520194550415,1132.973999575303,1139.5762939453125,23885
2018-06-13,1154.2880088842319,1154.2880088842319,1134.4516976021068,1139.3336181640625,4235
2018-06-14,1132.238892050491,1157.9642441857914,1132.238892050491,1148.876953125,15778
2018-06-15,1148.876953125,1148.876953125,1148.876953125,1148.876953125,0
2018-06-19,1148.4135821819766,1148.4135821819766,1132.238791940867,1136.59130859375,9607
2018-06-20,1139.590891557815,1139.590891557815,1127.834753262739,1128.5699462890625,4210
2018-06-21,1128.562664986032,1128.562664986032,1106.5060055359065,1114.556640625,16722
2018-06-22,1110.1820557414228,1113.8582379690931,1084.4494317220353,1093.845458984375,37752
2018-06-25,1058.7241275834451,1102.829954276914,1058.7167430743507,1070.8111572265625,45012
2018-06-26,1095.4702162017675,1095.4774921137716,1054.305277995964,1067.5391845703125,27999
2018-06-27,1095.4776354298,1102.8298911740662,1081.5085341284116,1088.12548828125,28362
2018-06-28,1088.125443295748,1117.5342478655557,1088.1180587873814,1099.6463623046875,21562
2018-06-29,1110.1821599352631,1121.9456835381272,1080.7733509281024,1107.3736572265625,21344
2018-07-02,1102.829833984375,1102.8372184926639,1102.829833984375,1102.829833984375,1839
2018-07-03,1102.8299938634045,1106.506067779975,1102.8299938634045,1102.86669921875,5203
2018-07-04,1092.544076431054,1093.271993471883,1055.775741105999,1064.473388671875,9389
2018-07-05,1094.0071953725094,1117.6738929218768,1070.6345750068933,1084.1258544921875,20884
2018-07-06,1066.0688506893196,1094.0071595933878,1055.1434710065646,1067.8406982421875,3267
2018-07-09,1047.6883375205405,1050.6292180551557,1029.226957521091,1029.307861328125,11301
2018-07-10,1012.3978848028551,1044.7475743166638,985.1947639515384,1009.390869140625,78359
2018-07-11,1021.9482836601003,1032.248695277097,1021.9482836601003,1027.638916015625,4936
2018-07-12,1029.3152179182725,1036.6600888448886,1010.9273577160347,1030.204833984375,2057
2018-07-13,1040.3361808671389,1065.9806241413492,1040.3361808671389,1053.9598388671875,9002
2018-07-16,1054.3053263415409,1066.06884765625,1029.3813085432548,1066.06884765625,29838
2018-07-17,1055.0406407585078,1055.0406407585078,1037.39535675466,1049.0118408203125,3847
2018-07-18,1055.040667822029,1084.3024366421416,1049.1589063365363,1070.79638671875,19844
2018-07-19,1102.0215418324385,1102.8302543940733,1081.6705894001984,1099.264404296875,22385
2018-07-20,1066.068951869159,1092.536768818893,1060.1871906368365,1073.5240478515625,18053
2018-07-23,1073.4214466274423,1073.4214466274423,1029.3082231035505,1032.8961181640625,21562
2018-07-24,994.7525362395868,1068.274553177922,994.7525362395868,1052.9893798828125,26281
2018-07-25,1052.9893798828125,1052.9893798828125,1052.9893798828125,1052.9893798828125,0
2018-07-26,1080.7732190820254,1080.7732190820254,1045.637075684504,1051.041015625,20255
2018-07-27,1065.333924965591,1073.4213758943197,1047.6886367187708,1054.0777587890625,37050
2018-07-30,1074.8181836329652,1106.7782354542958,1073.4213166401796,1101.8890380859375,60330
2018-07-31,1099.1538976315694,1099.1538976315694,1070.494943176556,1077.7589111328125,16165
2018-08-01,1066.8041312355954,1095.4776354298,1066.8041312355954,1088.12548828125,16698
2018-08-02,1085.9199333675847,1085.9199333675847,1073.4212165306246,1080.53076171875,2153
2018-08-03,1077.8322893880386,1101.3593326507512,1077.0970964350063,1087.5887451171875,4210
2018-08-06,1102.0947082482228,1102.829901250652,1080.7732424120377,1101.984375,2008
2018-08-07,1099.1539546661459,1116.7992403379221,1096.2130737208497,1109.4102783203125,968
2018-08-08,1106.50586203826,1124.13648345147,1106.50586203826,1118.7325439453125,123831
2018-08-09,1117.5344495517666,1157.9714816863125,1102.830044613096,1130.5257568359375,12463
2018-08-10,1139.5908896326716,1152.824907062737,1134.4444298613816,1135.85595703125,4404
2018-08-13,1132.3123139061486,1147.0167180670242,1117.6519996096747,1139.5909423828125,24272
2018-08-14,1139.5909423828125,1139.5909423828125,1139.5909423828125,1139.5909423828125,0
2018-08-15,1151.8323827060647,1161.647590021251,1150.619259874139,1157.640625,43366
2018-08-16,1157.9568040341594,1157.9641885437488,1154.295390426568,1156.8245849609375,532
2018-08-17,1157.9714160439553,1165.323672394376,1143.2671205345637,1158.0450439453125,27926
2018-08-20,1155.0306256514307,1175.6166824790755,1154.2953240109468,1168.6689453125,1306
2018-08-21,1168.6689453125,1168.6689453125,1168.6689453125,1168.6689453125,0
2018-08-22,1168.6689453125,1168.6689453125,1168.6689453125,1168.6689453125,0
2018-08-23,1168.6689453125,1168.6689453125,1168.6689453125,1168.6689453125,0
2018-08-24,1161.647691778571,1176.4256163757486,1146.9505624070684,1168.963134765625,33468
2018-08-27,1165.32349034794,1168.999563651013,1148.4134011198132,1163.9412841796875,1064
2018-08-28,1165.985260989191,1165.985260989191,1128.5626340066717,1141.9876708984375,5178
2018-08-29,1126.3570470341072,1168.9997653365276,1118.2695974954665,1135.4591064453125,6655
2018-08-30,1143.2300432758225,1146.5753338052014,1116.7915514173085,1132.0841064453125,16165
2018-08-31,1138.1205770683366,1138.1205770683366,1115.5125756194363,1126.07763671875,3799
2018-09-03,1119.7400428504084,1138.7821940544109,1116.4314569974388,1127.1583251953125,16770
2018-09-04,1132.0916110769842,1132.1651303734848,1104.3002310426682,1121.0853271484375,1839
2018-09-05,1132.2385501621366,1132.2385501621366,1110.917195880849,1116.210693359375,14132
2018-09-06,1117.5270000204187,1117.5343845296882,1110.1821281902676,1117.48291015625,726
2018-09-07,1124.8864229714557,1124.8864229714557,1102.8298732878134,1102.88134765625,6921
2018-09-10,1095.4775786213766,1102.8372184926639,1095.4775786213766,1102.829833984375,11591
2018-09-11,1110.1745213652778,1110.1745213652778,1088.1252520242701,1101.16064453125,13987
2018-09-12,1088.132816362377,1106.4985228597302,1088.132816362377,1102.829833984375,12753
2018-09-13,1102.830011066419,1117.5344155578005,1099.8891301681429,1114.6744384765625,31363
2018-09-14,1124.151371646823,1124.8498593672982,1116.799223691038,1118.37255859375,1016
2018-09-17,1121.9457250974847,1152.8176454869506,1117.5344578808713,1121.1590576171875,300854
2018-09-18,1121.945659886432,1158.706724668288,1118.276970496289,1119.1151123046875,12801
2018-09-19,1107.241291538491,1117.4609097966452,1106.9251693717074,1110.79248046875,108875
2018-09-20,1110.79248046875,1110.79248046875,1110.79248046875,1110.79248046875,0
2018-09-21,1110.79248046875,1110.79248046875,1110.79248046875,1110.79248046875,0
2018-09-24,1110.1821525213038,1110.1821525213038,1099.1539306640625,1099.1539306640625,1282
2018-09-25,1107.969041244593,1135.914736104732,1102.462261260903,1129.8638916015625,27757
2018-09-26,1146.8695783732057,1146.9430976726371,1117.5342919428992,1117.828369140625,2758
2018-09-27,1121.2107260026098,1130.7685637888883,1117.5346512533874,1122.364990234375,308090
2018-09-28,1132.187224434937,1170.5288966702224,1103.565085967658,1145.7152099609375,17666
2018-10-01,1135.9073971636092,1168.9996613566796,1132.2460925707762,1148.3253173828125,40801
2018-10-02,1148.413551027893,1153.4866001776827,1143.25970666099,1143.79638671875,290254
2018-10-03,1144.0026346786233,1146.9435163250653,1132.2391080928558,1142.738037109375,6413
2018-10-04,1125.6953963397857,1135.179712902572,1113.8583533144556,1130.56982421875,629
2018-10-05,1139.590824282046,1139.590824282046,1113.968425763673,1121.1514892578125,10986
2018-10-08,1113.8582491332866,1113.8582491332866,1084.4494425914645,1087.228515625,13455
2018-10-09,1092.5368793484438,1141.5834883872444,1092.5368793484438,1140.2159423828125,44068
2018-10-10,1161.582464178932,1164.8180599444295,1137.3153330120028,1153.6551513671875,8756
2018-10-11,1140.5509527770666,1211.3378190662972,1132.4619096548836,1195.176025390625,15576
2018-10-12,1153.574537843856,1180.9962410930207,1153.574537843856,1166.3470458984375,3124
2018-10-15,1117.0930407190936,1154.2620458844592,1117.0930407190936,1133.432861328125,111562
2018-10-16,1133.2789569156243,1144.5954495709811,1100.10587417641,1132.7449951171875,12122
2018-10-17,1132.4618315793325,1168.8623601939,1132.4618315793325,1152.627685546875,17292
2018-10-18,1148.6397715019332,1176.951365267269,1132.4617955053936,1158.73486328125,10824
2018-10-19,1144.757067685591,1156.7288462911924,1133.3516187266016,1148.21923828125,5654
2018-10-22,1144.5955960131491,1156.7210705849518,1140.551128138776,1152.749267578125,3938
2018-10-23,1148.6396399001815,1148.6396399001815,1124.4535441175499,1138.6578369140625,15972
2018-10-24,1148.6398507003466,1189.084956406045,1140.550916452904,1167.4144287109375,29304
2018-10-25,1146.2130967926705,1168.0535010900933,1146.2130967926705,1156.3729248046875,7040
2018-10-26,1150.2579511457748,1170.480508366168,1140.5592004508603,1157.55419921875,8624
2018-10-29,1159.1557631823046,1201.218617584854,1150.2578474964907,1196.6563720703125,38456
2018-10-30,1212.9477416373147,1213.35223188171,1172.9880374316747,1203.54833984375,133804
2018-10-31,1213.3520710319012,1213.3520710319012,1173.723980220364,1193.1295166015625,26576
2018-11-01,1193.1293152898654,1193.1293152898654,1172.9067642715927,1190.880615234375,19360
2018-11-02,1176.9678557116833,1176.9678557116833,1137.3154301643776,1149.7078857421875,67826
2018-11-05,1148.63987547829,1148.63987547829,1132.4618980172993,1137.3314208984375,21098
2018-11-06,1147.7340859006508,1147.7340859006508,1137.3316050635376,1141.521728515625,17820
2018-11-07,1141.5297914992564,1148.6399776537291,1138.1243185229623,1144.652099609375,7546
2018-11-08,1138.1242729033684,1148.6399316126347,1136.5064207696428,1142.023193359375,5346
2018-11-09,1141.3598298085026,1144.5954253489879,1104.150318167233,1132.033203125,20526
2018-11-12,1132.4620270166185,1140.5429246919116,1132.4620270166185,1133.8614501953125,8448
2018-11-13,1132.4619444575371,1148.6318849144886,1116.2838577159887,1133.367919921875,18502
2018-11-14,1132.4620414378912,1132.4700791060486,1092.0169297375603,1107.7501220703125,99726
2018-11-15,1130.8439487773514,1130.8439487773514,1108.194782278445,1120.53857421875,17314
2018-11-16,1124.4781226642265,1143.7057452617696,1124.4781226642265,1134.7188720703125,6402
2018-11-19,1148.6397540708174,1148.6397540708174,1132.461778319786,1132.8095703125,29414
2018-11-20,1132.46195092723,1146.2132052572656,1124.3729075102435,1136.490234375,2662
2018-11-21,1136.490234375,1136.490234375,1136.490234375,1136.490234375,0
2018-11-22,1139.742129204594,1139.742129204594,1092.0169528682197,1099.2242431640625,23298
2018-11-23,1076.728535859187,1111.4222548880032,1076.728535859187,1086.443359375,15202
2018-11-26,1083.9277042039944,1103.341384982733,1067.7659113533878,1096.74072265625,13640
2018-11-27,1092.0167803533961,1096.0613561404275,1067.749760099698,1089.11279296875,22154
2018-11-28,1089.1127214833264,1104.1502180078146,1075.8467701090017,1089.5576171875,11748
2018-11-29,1075.8469830369843,1075.8469830369843,1071.7943690468142,1072.045166015625,12276
2018-11-30,1041.0967446229288,1125.6431441423342,1041.0967446229288,1125.432861328125,34012
2018-12-03,1144.5954473832826,1144.5954473832826,1075.8388507443847,1100.858154296875,14432
2018-12-04,1123.5556958883096,1131.6528841948514,1083.9276122893489,1102.1279296875,56892
2018-12-05,1070.1763902126143,1128.4091743358867,1067.749666676148,1092.121826171875,117194
2018-12-06,1092.1058120274085,1108.1949416119162,1068.558704460082,1071.203857421875,72292
2018-12-07,1083.9277768397715,1083.9277768397715,1069.3676510514185,1072.0126953125,16588
2018-12-10,1103.3413851317603,1120.328342238311,1091.1997290908973,1103.6002197265625,66462
2018-12-11,1103.6083701392686,1103.6083701392686,1071.7941986032208,1084.11376953125,37532
2018-12-12,1072.6033455357167,1083.927876791238,1071.794365104001,1080.231201171875,38324
2018-12-13,1079.8833807131962,1081.4930866319473,1071.7781529757433,1071.99658203125,26114
2018-12-14,1079.8833087286316,1116.2838404070008,1079.8833087286316,1095.8267822265625,19536
2018-12-17,1086.3544814556574,1096.061376632314,1054.8073979828969,1061.9095458984375,47630
2018-12-18,1067.7500601992379,1067.7500601992379,1051.572078355531,1051.9036865234375,34826
2018-12-19,1051.571770049632,1059.6607042913483,1031.349217211099,1051.8062744140625,74822
2018-12-20,1083.919774198343,1083.919774198343,1051.5960766694345,1057.5252685546875,43098
2018-12-21,1055.2199367123385,1067.7497910824238,1051.935789303976,1059.3048095703125,62194
2018-12-24,1063.7055291511726,1063.7055291511726,1019.2159459337038,1044.8662109375,30690
2018-12-25,1044.8662109375,1044.8662109375,1044.8662109375,1044.8662109375,0
2018-12-26,1031.349201832346,1047.527178691665,999.802011185274,1032.740478515625,18832
2018-12-27,1036.2027464381044,1051.5719632791722,991.5110289655952,1015.7537231445312,40898
2018-12-28,991.7129998775765,1024.0690632388005,978.7706179799361,1008.586669921875,51062
2018-12-31,970.6815414768527,1051.5717513960965,970.6815414768527,999.688720703125,33088
2019-01-01,1003.0375737029963,1043.4826774522085,990.9040643016558,1026.6494140625,11748
2019-01-02,1027.3046238110105,1066.1318768019166,1026.49575212417,1040.8861083984375,27632
2019-01-03,1041.8648365835384,1055.6161980725265,1039.4381129540561,1055.5352783203125,3476
2019-01-04,1062.8879759606448,1071.7939257900905,1051.5714870116917,1052.259033203125,14278
2019-01-07,1070.9854031935047,1098.4880201297944,1059.6607642735244,1087.5274658203125,10164
2019-01-08,1104.1502580713757,1131.6529815942915,1092.0167483006678,1123.75,16192
2019-01-09,1116.2919847523756,1124.3728816992138,1100.1058606224549,1120.1099853515625,12034
2019-01-10,1124.3728563865325,1128.4173236025651,1100.914707575872,1123.143310546875,7700
2019-01-11,1109.011627964366,1116.2836519581958,1083.9275930562228,1102.20068359375,29150
2019-01-14,1079.883447683167,1108.1950483763253,1079.883447683167,1089.7520751953125,9614
2019-01-15,1092.0166083137847,1109.812434845171,1051.9759986181652,1080.8699951171875,39776
2019-01-16,1065.1370369267916,1083.7418476672983,1046.0065192833838,1056.934814453125,31526
2019-01-17,1066.94093034772,1075.8388453651373,1045.1005243667967,1070.3382568359375,11682
2019-01-18,1061.28666513676,1075.0298817724797,1060.4697557142777,1071.8995361328125,2574
2019-01-21,1071.7943190893177,1092.0088362378094,1067.7498515729226,1074.447509765625,8646
2019-01-22,1071.7862732768979,1083.8470108733168,1071.7862732768979,1072.1826171875,5104
2019-01-23,1056.4252714132695,1075.8389555380527,1056.4252714132695,1073.4122314453125,858
2019-01-24,1075.8389526127369,1091.2080603354502,1071.794376263455,1077.9339599609375,2332
2019-01-25,1071.7862193730186,1087.972343403551,1067.74978975805,1080.2716064453125,3806
2019-01-28,1070.1764257969055,1079.883211648417,1069.3836294634696,1072.6031494140625,6380
2019-01-29,1062.9043614583811,1087.9722134578096,1062.2086688531392,1084.0894775390625,19030
2019-01-30,1083.9274187004066,1092.0164592790093,1076.7768297834682,1084.72021484375,12122
2019-01-31,1076.0005323845967,1076.0005323845967,1041.056014580802,1045.8851318359375,62414
2019-02-01,1035.4340411513074,1051.5717205401525,1035.4340411513074,1043.9923095703125,14608
2019-02-04,1051.571879841585,1059.6608149278466,1047.5273036813219,1051.6446533203125,110660
2019-02-05,1051.6446533203125,1051.6446533203125,1051.6446533203125,1051.6446533203125,0
2019-02-06,1058.4391167664867,1075.8385989203364,1053.9981979424435,1067.4503173828125,46794
2019-02-07,1055.632472817062,1069.3595052524784,1055.632472817062,1061.877197265625,12650
2019-02-08,1062.1279945764252,1067.7418713308416,1038.6294371868403,1042.892333984375,19712
2019-02-11,1043.4990986838984,1047.5273825776944,1027.304826104678,1034.948974609375,15378
2019-02-12,1035.3939907481044,1054.8076776312075,1035.3939907481044,1050.6175537109375,17006
2019-02-13,1051.5716552734375,1058.60906639778,1047.5270799769128,1051.5716552734375,6094
2019-02-14,1059.6608750229386,1059.6608750229386,1043.4828953158035,1050.690185546875,6974
2019-02-15,1050.7627461859536,1053.9983414719745,1039.4381083763221,1051.167236328125,4708
2019-02-18,1045.1085223340658,1051.571674922659,1023.2600817864036,1040.5867919921875,20790
2019-02-19,1020.1216836958258,1051.5636248555638,1019.2157082878861,1030.7586669921875,12144
2019-02-20,1043.4827631788385,1074.220975038563,1031.3492527806775,1052.9873046875,18700
2019-02-21,1061.278680583572,1070.9854679805494,1051.5718931865943,1054.5728759765625,46574
2019-02-22,1051.5796913448228,1063.7051623157076,1039.4380364246867,1059.71728515625,25190
2019-02-25,1051.5717464510656,1112.2312573213092,1051.5717464510656,1078.5728759765625,9152
2019-02-26,1066.1319801493794,1066.1319801493794,1050.7628735239764,1058.3018798828125,17886
2019-02-27,1043.4827442871929,1083.927742009788,1007.0822137517206,1059.8387451171875,26884
2019-02-28,1051.5717019781378,1071.7779609404938,1051.5717019781378,1061.06005859375,15884
2019-03-01,1067.6688537284397,1087.972326822958,1067.6688537284397,1078.669921875,17578
2019-03-04,1079.8831557143844,1079.8831557143844,1053.18941454253,1067.482666015625,6380
2019-03-05,1075.0298562561575,1079.8833039051117,1062.8963457508978,1064.878173828125,74536
2019-03-06,1079.0744412372835,1079.0744412372835,1036.2835293829817,1053.7315673828125,16236
2019-03-07,1052.4048126707903,1061.2785051848994,1051.5717193921728,1054.9852294921875,2486
2019-03-08,1062.8960687387528,1063.7050488808259,1047.52696667873,1050.2125244140625,19624
2019-03-11,1051.5716552734375,1051.5716552734375,1044.2914849099584,1051.5716552734375,28864
2019-03-12,1047.8855205083114,1051.9314797687894,1039.7937106416312,1051.08984375,5214
2019-03-13,1043.8397842113275,1051.9315949641289,1013.0909468123969,1050.4749755859375,11044
2019-03-14,1047.8855736675946,1061.6416402733694,1031.7020617675194,1046.469482421875,5478
2019-03-15,1042.2293002509766,1060.0230657603165,1035.7477474531952,1051.834228515625,5302
2019-03-18,1043.8396503805732,1051.9314600959233,1019.5643298887969,1045.522705078125,15400
2019-03-19,1043.8398085709175,1051.1223623603871,1027.6643357593975,1047.4163818359375,2046
2019-03-20,1039.8020967841148,1047.0766108483076,1035.7480961829424,1044.0826416015625,1034
2019-03-21,1035.9096941901678,1035.9096941901678,1002.5715220706845,1009.48193359375,26730
2019-03-22,1017.9460461883671,1026.8470053431574,987.1973177097408,1006.1077270507812,30822
2019-03-25,1007.4265265609256,1009.8539713419211,971.0134423406363,989.1148071289062,42284
2019-03-26,995.2887658444557,1011.4723830816794,986.3878089602603,1007.6773071289062,4840
2019-03-27,1010.6634519370346,1047.8855840014178,1010.6634519370346,1023.7316284179688,27808
2019-03-28,1005.411739209493,1031.6614153161192,1004.1898133043602,1015.4779052734375,7656
2019-03-29,1021.182579761185,1021.182579761185,1003.3806643971889,1007.6207885742188,7546
2019-04-01,1003.388836211607,1003.388836211607,983.9604746608591,991.323974609375,5522
2019-04-02,995.2806884453342,1011.4723454960409,970.997223076702,989.1471557617188,25014
2019-04-03,988.0065725177127,1006.6176413023368,967.7770979606307,988.9208984375,45980
2019-04-04,979.1297338862112,979.1297338862112,956.4566266722336,961.0608520507812,21252
2019-04-05,954.8299929387824,986.3878635868161,946.7381838720429,974.8247680664062,31438
2019-04-08,958.8759466290721,971.0136072119726,952.4105825552293,965.559814453125,11572
2019-04-09,956.4484370465682,979.9146109006763,954.8381805930727,970.6981201171875,30580
2019-04-10,978.2800838270704,978.2800838270704,950.7841411208835,967.1619262695312,15862
2019-04-11,960.4942467094778,971.0135006886665,954.8299912382744,964.29736328125,57970
2019-04-12,962.9217569797644,975.0594156851901,962.9217569797644,970.9568481445312,40194
2019-04-15,962.9297973178842,979.0243182003193,962.9217569026614,967.0404052734375,24508
2019-04-16,970.2042944862266,970.2042944862266,962.9217428316766,969.7268676757812,1848
2019-04-17,969.3950435152193,969.3950435152193,958.8756826240297,966.2958984375,2728
2019-04-18,956.4483204468592,969.1929228549012,954.9109712037423,965.8186645507812,5016
2019-04-19,966.9677127576044,987.1971823639715,946.746392221612,953.988525390625,102718
2019-04-22,950.7840914983713,958.8759010537941,938.6464314923726,953.77001953125,18062
2019-04-23,950.7840871764466,950.7840871764466,938.6464272256214,939.0186767578125,16302
2019-04-24,943.8738021715361,962.1045766744461,937.8372967267867,948.4132690429688,11550
2019-04-25,949.9751253608993,958.8760849829423,942.6925714220879,947.1592407226562,3916
2019-04-26,946.7383185339694,954.8301287516697,938.6708468750589,952.6372680664062,3256
2019-04-29,946.7868970865205,969.3953540119924,939.4557754071641,957.3709106445312,26510
2019-04-30,950.7840964507513,951.6013938846258,943.5095842870548,945.103759765625,4180
2019-05-01,945.103759765625,945.103759765625,945.103759765625,945.103759765625,0
2019-05-02,939.4638395422595,944.3107985067323,922.5115981192947,934.463134765625,5940
2019-05-03,934.463134765625,934.463134765625,934.463134765625,934.463134765625,0
2019-05-06,930.473781983225,930.5547294153301,906.2793551068726,911.9031372070312,10406
2019-05-07,902.2334229190039,902.2334229190039,895.7600189412552,895.873291015625,2750
2019-05-08,882.8131261750655,882.8131261750655,851.0852661132812,851.0852661132812,25344
2019-05-09,808.5388863523617,825.3616669588072,808.5388863523617,809.1538696289062,68794
2019-05-10,805.1320708221006,805.1320708221006,793.8035598264996,797.8413696289062,17644
2019-05-13,793.8035961301051,801.0862029136047,757.95703125,757.95703125,36938
2019-05-14,760.6273292112056,788.9485540636676,733.924455407987,767.9422607421875,97438
2019-05-15,775.1925278808193,806.3377853012943,775.1925278808193,796.6923828125,52668
2019-05-16,785.7119562788607,809.1780767718956,777.6201456312132,799.8887329101562,16016
2019-05-17,775.192554471768,780.856756064509,760.6273404855503,761.7520751953125,66110
2019-05-20,752.5354596318837,782.2727732356879,737.161098726431,769.8680419921875,16434
2019-05-21,792.9864122057936,800.2770599492745,760.6273753471527,796.8704223632812,30690
2019-05-22,808.3688823383264,836.706298828125,792.994519040006,836.706298828125,77374
2019-05-23,841.545189892503,878.5408325195312,837.4993389958968,878.5408325195312,144716
2019-05-24,854.4920088865936,922.4629740165977,841.5370507069216,881.7208251953125,71016
2019-05-27,877.157162242192,910.3254049983677,877.1490674976911,891.447265625,14586
2019-05-28,866.6296839039516,890.0877625482206,854.4920230003582,870.5623168945312,36036
2019-05-29,870.5623168945312,870.5623168945312,870.5623168945312,870.5623168945312,0
2019-05-30,894.1416563047109,930.5546890232695,894.1416563047109,925.4568481445312,16280
2019-05-31,925.4568481445312,925.4568481445312,925.4568481445312,925.4568481445312,0
2019-06-03,910.3656421341328,910.3656421341328,890.0957540361757,892.4990234375,4070
2019-06-04,892.4990234375,892.4990234375,892.4990234375,892.4990234375,0
2019-06-05,892.4990234375,892.4990234375,892.4990234375,892.4990234375,0
2019-06-06,892.4990234375,892.4990234375,892.4990234375,892.4990234375,0
2019-06-07,892.4990234375,892.4990234375,892.4990234375,892.4990234375,0
2019-06-10,869.8663957649104,921.6457018605728,858.7078727783689,891.7304077148438,4708
2019-06-11,863.392879217578,898.9481408312475,863.392879217578,874.114501953125,15906
2019-06-12,873.9122789895144,890.0877499981278,858.7078512626952,875.3526000976562,17204
2019-06-13,906.2794556566381,906.2794556566381,865.8205664232291,886.39794921875,10274
2019-06-14,890.0957439871795,898.1874987838207,882.0039891905383,888.9952392578125,22638
2019-06-17,874.7537785501843,875.5306022854847,859.7597059823147,860.5689086914062,4400
2019-06-18,849.6368932070452,849.6368932070452,817.5448767634753,820.198974609375,39776
2019-06-19,826.1626228442124,848.8276860755274,807.5919784364032,832.1909790039062,8426
2019-06-20,825.3615595006752,856.9195417475794,825.3615595006752,850.43798828125,6666
2019-06-21,865.0112938950955,870.6755498829883,834.2625144802039,854.7266235351562,1012
2019-06-24,846.4002053756603,846.408245791753,817.2697778722176,826.6157836914062,9482
2019-06-25,829.4075193080389,849.6369908742622,809.1780477418156,837.5235595703125,3916
2019-06-26,833.4532747178222,842.3542319151443,809.1779023351329,822.2138061523438,20350
2019-06-27,818.2407868282266,825.3615533412164,788.9485723964118,804.8246459960938,51084
2019-06-28,805.1321314079867,829.4074518514028,794.6613363937482,816.7276611328125,68838
2019-07-01,813.3128694608554,831.7459026049225,794.2081356480726,820.7330322265625,3586
2019-07-02,820.5064947510458,824.5523996054562,820.5064947510458,822.0034790039062,1430
2019-07-03,829.4074728067089,829.4074728067089,809.987205095888,821.0486450195312,13508
2019-07-04,828.5981734029633,828.5981734029633,809.1778549043022,820.7086791992188,3630
2019-07-05,809.1780152886259,817.2698253214386,796.2312061595479,807.810546875,19514
2019-07-08,799.4678933780652,809.1780000419137,797.04843429208,809.0971069335938,4950
2019-07-09,802.70453607971,809.17794004228,802.70453607971,808.5711059570312,2354
2019-07-10,805.1403521538566,809.1781085648694,805.1403521538566,807.9320068359375,748
2019-07-11,797.1293910181106,801.0862538253967,794.6532686984455,796.8218994140625,2024
2019-07-12,792.9943977026373,809.177906947162,776.8027393883664,791.4893188476562,19866
2019-07-15,784.9026051299131,803.5137226401273,763.8639883459372,790.291748046875,9614
2019-07-16,800.2689387255411,800.2689387255411,776.9727032409866,787.4515380859375,10670
2019-07-17,784.9025932335273,794.2081246840287,782.4831344120869,790.5506591796875,3102
2019-07-18,779.3436112083269,805.1321045286082,762.2861403859107,791.52978515625,7722
2019-07-19,785.7117919921875,791.3759930686256,778.4291856629023,785.7117919921875,22000
2019-07-22,777.7251621193016,785.7117937661028,765.6036924707449,771.575439453125,31086
2019-07-23,768.7190872796724,772.7649920812026,761.4364803677724,768.8404541015625,36014
2019-07-24,767.9099895550228,767.9099895550228,744.4438162166748,745.0021362304688,29062
2019-07-25,740.39789949121,751.6859380549578,728.2602388044446,746.59619140625,16522
2019-07-26,736.3519027299326,741.2070098613559,729.0692963599296,738.0916748046875,8932
2019-07-29,738.091796191976,740.3979289969652,728.2602678264994,734.0863647460938,13750
2019-07-30,724.2143885132833,754.1539682897718,724.2143885132833,744.2091674804688,76934
2019-07-31,744.4438085061929,760.6273742847744,744.4438085061929,756.1607055664062,35948
2019-08-01,758.2079736401195,758.2079736401195,749.298919747238,755.2625732421875,6050
2019-08-02,756.5814322043693,756.5814322043693,750.1080279408307,754.922607421875,4290
2019-08-05,737.1693219618865,752.5355908031752,737.1693219618865,749.8895874023438,836
2019-08-06,736.3600775605117,760.6273581329216,729.1988915516357,742.32373046875,36674
2019-08-07,729.0694140222581,743.6265343689282,712.9506056874508,720.0147094726562,4840
2019-08-08,705.6032344360345,712.0766386686088,689.1040831936901,705.6355590820312,20174
2019-08-09,709.0421595711091,709.0421595711091,679.709473469351,689.5571899414062,24398
2019-08-12,689.5571899414062,689.5571899414062,689.5571899414062,689.5571899414062,0
2019-08-13,689.5571899414062,689.5571899414062,689.5571899414062,689.5571899414062,0
2019-08-14,689.5571899414062,689.5571899414062,689.5571899414062,689.5571899414062,0
2019-08-15,689.5571899414062,689.5571899414062,689.5571899414062,689.5571899414062,0
2019-08-16,679.7094966969132,691.798642447817,674.0452409311308,683.7230224609375,9878
2019-08-19,679.7094365485741,707.2215102647385,679.7094365485741,688.9745483398438,24728
2019-08-20,689.0150293668434,723.4213276567997,686.1829558083325,711.1460571289062,131252
2019-08-21,712.0766270891451,726.6418407027203,699.9389671868773,720.9937744140625,49764
2019-08-22,732.3061278114894,753.3447464525688,720.1684130627398,749.12890625,65868
2019-08-23,736.3519219051627,750.9171350244593,716.5270816927017,726.08349609375,48774
2019-08-26,716.1224513514157,728.2601098896022,695.8929842363524,701.8809204101562,15422
2019-08-27,691.847186114831,703.9849008427308,669.6028853478714,686.9274291992188,54582
2019-08-28,679.7095906012999,691.7663590453368,679.7095906012999,687.2592163085938,53460
2019-08-29,685.3737559543594,685.3737559543594,675.6635954025301,677.508544921875,2464
2019-08-30,687.785066967429,687.785066967429,667.5717885590618,675.0162353515625,67540
2019-09-02,679.709561176129,679.709561176129,669.198346068748,671.5773315429688,8954
2019-09-03,675.6554359986944,699.129643814475,663.5177238646626,675.2103881835938,26664
2019-09-04,671.7633646354577,708.9693559263027,665.9939317761858,692.35693359375,20812
2019-09-05,691.8552914996543,699.9390066991048,683.755441140125,694.98681640625,18370
2019-09-06,699.1297996263356,710.4502170017573,679.7014371981963,697.2606201171875,18700
2019-09-09,697.2606201171875,697.2606201171875,697.2606201171875,697.2606201171875,0
2019-09-10,697.2606201171875,697.2606201171875,697.2606201171875,697.2606201171875,0
2019-09-11,695.8929884206922,707.3428655728139,691.847084107926,704.7939453125,11000
2019-09-12,703.9767875756095,715.3052449655728,701.1527543896057,706.8817138671875,163130
2019-09-13,703.1756403809081,703.9686535415279,671.6986081662886,680.8018798828125,64240
2019-09-16,703.9849703743045,714.8360022499475,691.84725444758,707.9418334960938,117502
2019-09-17,718.5337651507745,736.3518684153013,703.984796901227,712.5620727539062,45958
2019-09-18,712.0766416181959,712.0766416181959,687.7932265750358,695.4804077148438,84326
2019-09-19,695.06778774526,708.0226919198524,694.2585849922708,704.931640625,108372
2019-09-20,703.9848133791503,711.2673652531082,696.0548450883183,702.3259887695312,48686
2019-09-23,711.2431670842357,711.2431670842357,700.3435143601947,701.0474853515625,9394
2019-09-24,711.987686712381,712.0766745658461,696.0225704133495,706.78466796875,33418
2019-09-25,712.0604527048603,719.3592491527505,705.635562573063,709.2040405273438,29304
2019-09-26,709.6409180841023,712.8857689411734,703.9928522773695,708.6294555664062,28006
2019-09-27,711.6639511246167,735.9068917165498,700.4082923744857,734.0781860351562,32098
2019-09-30,733.9245027396518,744.4519071454648,721.0585322940785,727.5805053710938,47234
2019-10-01,716.9316744440365,748.4087076989373,716.1225260981698,732.8967895507812,63536
2019-10-02,733.1152668306261,742.7444802061758,727.4510108856822,733.3013916015625,20702
2019-10-03,736.3439476548368,754.9631631696228,729.077529391893,747.5106201171875,72468
2019-10-04,755.7641785338885,780.047593253385,744.4599511334419,764.5032958984375,38434
2019-10-07,776.7219201327514,802.7208251953125,772.7650571738734,802.7208251953125,37136
2019-10-08,833.4452389455795,835.0716847184553,805.2130022819366,819.3250732421875,56628
2019-10-09,809.9871813768241,860.2856890298161,809.9871813768241,856.231689453125,138446
2019-10-10,859.3471376055192,899.037353515625,842.3544219975452,899.037353515625,90200
2019-10-11,913.562053072715,943.9870991885094,913.562053072715,942.0531616210938,304414
2019-10-14,952.5843837742527,983.7436860472422,952.5843837742527,975.5265502929688,34780
2019-10-15,975.5353550115154,979.292250107197,946.3702425779584,959.8043212890625,33740
2019-10-16,961.4869228631189,961.4869228631189,933.9776919462001,943.859619140625,9440
2019-10-17,945.9072601708128,945.9072601708128,903.6196414808236,903.9579467773438,49360
2019-10-18,932.998429362339,932.998429362339,884.0427284851232,919.0034790039062,9820
2019-10-21,924.9771852835366,924.9771852835366,904.5278074774723,909.718017578125,36160
2019-10-22,908.0711571255515,938.3401956964032,886.7047769578915,922.8495483398438,75040
2019-10-23,933.8888789145082,952.5844618098414,916.9738277234923,944.2694091796875,18200
2019-10-24,966.8017836051264,970.3895803373665,948.5780714215267,967.45166015625,14500
2019-10-25,974.8319383803241,988.1948339733697,958.0148078494528,970.8881225585938,21520
2019-10-28,961.4958598805107,971.2620484516278,950.8037602125836,956.332275390625,14640
2019-10-29,969.4992923534188,979.2922144984028,935.2329761964706,962.2080688476562,16140
2019-10-30,957.0356536619557,970.3718168245172,936.1144091400432,953.9909057617188,26680
2019-10-31,965.0391648956924,976.3989645979177,952.5843557052856,969.4193115234375,58160
2019-11-01,970.3896783565788,1017.8853349154496,957.0356919571763,1003.4898071289062,37420
2019-11-04,1003.3296005179894,1043.3915632715916,1003.3296005179894,1038.6019287109375,51020
2019-11-05,1039.8302837901738,1068.3098733653921,1026.4852103317646,1046.8277587890625,19920
2019-11-06,1054.9648766551134,1067.4285967168616,1041.610890874669,1054.715576171875,30360
2019-11-07,1054.9649899739547,1066.538445560167,1038.0499395017987,1061.5440673828125,30580
2019-11-08,1072.770193300462,1086.5693119694722,1050.5135502859298,1075.8238525390625,59220
2019-11-11,1086.1242172833263,1108.3808610801157,1084.343685779583,1098.3031005859375,60660
2019-11-12,1095.0268775748384,1099.478206345468,1068.7640378281249,1074.6575927734375,32780
2019-11-13,1068.3187605645617,1128.384956795303,1062.5498566455135,1119.45556640625,179800
2019-11-14,1111.0606333353596,1139.5402276752093,1084.3883046573449,1107.9090576171875,78780
2019-11-15,1107.4902890617657,1112.8318820958257,1086.123916925526,1096.1572265625,56020
2019-11-18,1099.4782852238604,1135.0889179436615,1087.9048295899252,1124.6817626953125,89780
2019-11-19,1112.8321527441933,1152.8941102429842,1103.9384068734628,1130.5306396484375,124260
2019-11-20,1119.0639106888175,1134.1984265851659,1079.2690800078328,1092.4449462890625,84820
2019-11-21,1094.0920390729125,1094.0920390729125,1068.3188893376487,1086.5247802734375,73140
2019-11-22,1082.563167515275,1111.941937686331,1077.2215729387192,1106.546875,40000
2019-11-25,1108.3809180017183,1114.6127785848605,1102.1490574185761,1108.781494140625,29280
2019-11-26,1090.5754159613173,1112.6451360937936,1086.1240877329037,1097.5106201171875,21080
2019-11-27,1095.026717923562,1095.0356292738056,1074.5506085640156,1079.1265869140625,6740
2019-11-28,1086.1150965728616,1108.380647429276,1078.1205290500861,1098.0714111328125,30480
2019-11-29,1091.9020213699464,1115.5029748877907,1086.1242053975297,1088.234130859375,55880
2019-12-02,1096.7984355675328,1112.8321295845885,1074.5507043268788,1102.06884765625,39940
2019-12-03,1112.8320986153724,1148.4427257710643,1095.934873417998,1114.033935546875,67160
2019-12-04,1117.274561020188,1130.6374580968934,1104.0184914822864,1123.8536376953125,54500
2019-12-05,1126.186070015533,1126.186070015533,1103.9294283156212,1109.903076171875,39240
2019-12-06,1112.8232235113333,1121.7347919413126,1068.3188494679166,1105.380615234375,118620
2019-12-09,1103.929682282799,1135.0889878311039,1103.920770930068,1119.945556640625,83600
2019-12-10,1126.1772847116201,1126.2040187666541,1109.2711464781576,1117.45263671875,24140
2019-12-11,1121.7348278581965,1173.3167724609375,1112.9657320897052,1173.3167724609375,425640
2019-12-12,1219.6640972668272,1231.9764336658639,1180.581408473419,1189.9381103515625,303020
2019-12-13,1201.4136145488965,1209.826582310818,1178.7207495601624,1182.5933837890625,94600
2019-12-16,1191.9767402001642,1213.423209993602,1169.8091030422163,1208.4466552734375,519200
2019-12-17,1214.3135215719394,1222.334824342654,1176.049918602879,1204.6986083984375,109800
2019-12-18,1184.053467016931,1210.7525286055143,1179.6021381935593,1195.804931640625,37920
2019-12-19,1206.3102125903804,1206.3102125903804,1158.3248621036244,1171.5452880859375,52340
2019-12-20,1178.7117698882337,1192.9560208838618,1166.2658729688053,1191.4781494140625,76600
2019-12-23,1192.9562325704055,1192.9562325704055,1166.2482572143515,1172.39111328125,41220
2019-12-24,1175.061571829563,1190.285091655755,1152.893936944056,1178.8807373046875,135380
2019-12-25,1178.8807373046875,1178.8807373046875,1178.8807373046875,1178.8807373046875,0
2019-12-26,1192.947041496489,1208.9807343030056,1184.053296482325,1206.2742919921875,61900
2019-12-27,1188.504725223845,1205.4197737476302,1166.2480824293912,1179.4417724609375,66380
2019-12-30,1179.6022176808017,1188.5048759274493,1172.4800910834836,1175.9075927734375,10720
2019-12-31,1176.9312193735216,1188.5046731192522,1152.894046209312,1166.3370361328125,75500
2020-01-01,1175.1419323394064,1178.711906854016,1166.2481857845628,1171.9814453125,29800
2020-01-02,1175.1507884334565,1192.9471920582312,1169.3640610661705,1180.839599609375,42500
2020-01-03,1187.6055930720104,1187.6055930720104,1161.796797805565,1165.7318115234375,42280
2020-01-06,1157.345322458053,1161.7966506213531,1126.1860253149516,1141.4095458984375,205240
2020-01-07,1156.4551210545571,1166.2480435577136,1126.186087862983,1152.81396484375,57780
2020-01-08,1135.088843352588,1209.871167149935,1135.088843352588,1161.4051513671875,65840
2020-01-09,1171.5985719061832,1210.761351333628,1163.2211412447905,1203.1495361328125,105260
2020-01-10,1206.3102700846982,1228.5669171342315,1192.9562818549784,1219.99365234375,61360
2020-01-13,1200.07825367902,1224.1154293832735,1200.07825367902,1216.8419189453125,31080
2020-01-14,1210.7614675655561,1233.0181121899232,1210.7614675655561,1223.4031982421875,58500
2020-01-15,1236.5792604844783,1236.5792604844783,1201.8588924795145,1212.7379150390625,23380
2020-01-16,1205.4197777177299,1210.7613720059917,1198.2976520000475,1208.14404296875,19880
2020-01-17,1210.7435997605692,1224.1154087407804,1192.9561074273788,1215.373046875,28660
2020-01-20,1223.2252126309793,1282.2142333984375,1223.2252126309793,1282.2142333984375,105940
2020-01-21,1322.044554653289,1338.959602827304,1273.1689463523167,1280.7896728515625,63420
2020-01-22,1281.973473598126,1312.251413481061,1260.6249232145674,1294.8912353515625,51840
2020-01-23,1304.239287176155,1306.9100843512597,1281.8936392127814,1290.591552734375,29880
2020-01-24,1226.7860116694544,1299.796703104392,1225.8957460586637,1288.347900390625,12460
2020-01-27,1290.8853112543206,1290.8853112543206,1255.2835933296597,1279.5611572265625,7700
2020-01-28,1269.0737414067146,1281.4395448848534,1259.7259516594186,1265.646240234375,11700
2020-01-29,1265.9578710412798,1265.9578710412798,1233.0269503050301,1254.2330322265625,13020
2020-01-30,1241.9205823232242,1257.936452680116,1235.6887227703478,1237.371337890625,11220
2020-01-31,1245.47286121318,1246.3720383062453,1196.0097531182641,1209.506103515625,24300
2020-02-03,1179.655512064045,1218.7737344747818,1148.442744684053,1156.891357421875,31680
2020-02-04,1162.6869644269009,1173.3701524614514,1139.5400570187085,1168.8831787109375,16640
2020-02-05,1168.8831787109375,1168.8831787109375,1168.8831787109375,1168.8831787109375,0
2020-02-06,1178.711839126312,1178.711839126312,1152.894132680192,1164.8948974609375,15100
2020-02-07,1157.3453939898568,1164.467519491333,1127.0763606085836,1134.2073974609375,49500
2020-02-10,1134.207450130227,1139.5401331530907,1078.2542707959553,1088.3409423828125,53140
2020-02-11,1099.478336242412,1128.8571095994969,1091.4659435086617,1125.9459228515625,39280
2020-02-12,1126.4139286522159,1176.4648500197695,1126.4139286522159,1169.9368896484375,47780
2020-02-13,1157.7624189983524,1171.121216140641,1150.6466417510267,1155.6517333984375,4180
2020-02-14,1143.513051389286,1157.762435207221,1139.9417908727821,1147.6453857421875,5080
2020-02-17,1155.0817170188998,1155.9723034734723,1127.0817310699392,1143.3704833984375,2300
2020-02-18,1139.9060569302933,1144.403561884845,1131.0447654426093,1139.80810546875,5200
2020-02-19,1140.0396296546987,1145.2941111610223,1131.044728751554,1133.85009765625,8880
2020-02-20,1134.6071735520688,1134.6071735520688,1118.5855315017914,1123.7509765625,2580
2020-02-21,1126.591841671445,1126.591841671445,1112.3424586937824,1116.35009765625,12640
2020-02-24,1116.3502040219348,1116.3502040219348,1074.1542103103368,1084.4671630859375,15220
2020-02-25,1068.7216521091464,1108.7802163464141,1061.588045393591,1094.878173828125,39480
2020-02-26,1070.4848557219634,1108.7800710264928,1070.4848557219634,1092.4912109375,25660
2020-02-27,1069.594354328656,1097.202534998255,1029.0726697974706,1093.04345703125,30580
2020-02-28,1093.04345703125,1093.04345703125,1093.04345703125,1093.04345703125,0
2020-03-02,1104.3271182214783,1104.3271182214783,1078.5001130372661,1093.996337890625,17800
2020-03-03,1104.327274204614,1104.327274204614,1078.5002653724093,1089.0982666015625,5280
2020-03-04,1104.327301366302,1104.327301366302,1064.2509073651056,1070.2000732421875,7280
2020-03-05,1027.3358997765015,1095.4211809091364,1027.3358997765015,1068.017822265625,15020
2020-03-06,1089.1784013376728,1135.4978150225093,1089.1784013376728,1114.1949462890625,113520
2020-03-09,1036.206298828125,1036.206298828125,1036.206298828125,1036.206298828125,4400
2020-03-10,963.6768850154688,1090.9684611354978,963.6768850154688,1080.1834716796875,818460
2020-03-11,1082.0626464167344,1113.135223852131,1046.4391848063071,1065.577880859375,92420
2020-03-12,1033.0801340532246,1033.0801340532246,990.9910157566482,996.3345336914062,34680
2020-03-13,952.9275894983581,1024.183426640131,952.9275894983581,1017.75341796875,36860
2020-03-16,980.5357374018743,996.5573798544768,941.4300537109375,941.4300537109375,28040
2020-03-17,939.5687057519066,944.0216380066549,881.6805864401778,908.3091430664062,60900
2020-03-18,898.6018280981177,898.6018280981177,840.188232421875,840.188232421875,13800
2020-03-19,777.1792492589937,886.1336337293251,777.1792492589937,844.391845703125,263740
2020-03-20,888.8052860667135,898.601737115545,829.1359933147398,882.4287109375,117260
2020-03-23,882.4287109375,882.4287109375,882.4287109375,882.4287109375,0
2020-03-24,816.249267578125,820.2301631253451,816.249267578125,816.249267578125,38980
2020-03-25,819.3395336776114,823.7924659258592,755.0391811414952,755.048095703125,61720
2020-03-26,764.9247836514062,792.6220026762468,730.2809462859802,747.4425659179688,34700
2020-03-27,748.0927384611624,779.1653177508049,734.8229764765741,747.1932373046875,28900
2020-03-30,747.2020139757556,747.2020139757556,726.7185261075286,739.6052856445312,9300
2020-03-31,756.1079529132695,795.0711130310028,743.6397416755949,793.6016235351562,80020
2020-04-01,801.5277536749277,853.1194168969542,768.5938862570833,846.6448364257812,36800
2020-04-02,863.8689079888237,910.1348876953125,863.8689079888237,910.1348876953125,27340
2020-04-03,952.0368569777172,978.3892779858073,935.1157154598719,967.1589965820312,36820
2020-04-06,975.1922543574931,975.1922543574931,912.8511970013062,918.0343627929688,30260
2020-04-07,918.0343039348211,961.8333946863469,918.0343039348211,939.4262084960938,17700
2020-04-08,935.2494234797764,948.4746111030267,919.9847580074976,925.6221313476562,14500
2020-04-09,961.7799867401641,975.1922723675871,941.3499834635064,961.147705078125,30820
2020-04-10,944.0216611524405,944.0216611524405,926.2099316967341,935.4542236328125,10120
2020-04-13,935.1247852045152,935.1247852045152,886.1336107511777,897.7290649414062,19500
2020-04-14,890.5864168452999,926.209873519112,890.221300331509,905.833251953125,17940
2020-04-15,926.2099128620711,926.2099128620711,886.133522401693,895.4846801757812,21680
2020-04-16,910.1794601085668,917.3130671182937,890.5865558792239,908.9326171875,13560
2020-04-17,935.1247781575408,977.0981259834739,935.1247781575408,950.6565551757812,69400
2020-04-20,997.4568395270359,1002.0433815587661,956.4898621893183,978.6119995117188,60260
2020-04-21,935.1247756583391,999.238091571006,907.5076785301738,919.0230102539062,103440
2020-04-22,908.3982992165239,911.9606454879613,874.5560096378691,905.4148559570312,25480
2020-04-23,926.2098749117605,970.7391958209797,921.7569428208386,962.5280151367188,45360
2020-04-24,970.7303566267069,988.5510009352957,957.4695107846762,979.1641845703125,26040
2020-04-27,941.5726084396565,941.5726084396565,906.6170871521119,912.860107421875,51820
2020-04-28,917.3039060249938,943.0863364028519,917.3039060249938,927.064697265625,16760
2020-04-29,939.5687657661892,979.6451586187756,927.9822266021188,971.389404296875,38960
2020-04-30,999.237982637614,1044.2393414051976,999.237982637614,1041.8970947265625,119540
2020-05-01,1041.8970947265625,1041.8970947265625,1041.8970947265625,1041.8970947265625,0
2020-05-04,1041.0958032529659,1041.0958032529659,997.4570570088296,1001.8654174804688,60120
2020-05-05,1024.1745995099648,1041.0868305038684,1003.7000220829831,1009.1058349609375,65640
2020-05-06,1015.2684771204697,1022.9720710800487,997.6348232427141,1003.4503784179688,17340
2020-05-07,997.4568358125989,1008.1438733391625,988.5509712071294,999.7723388671875,15040
2020-05-08,1024.156548341412,1024.156548341412,979.645056704678,995.5152587890625,5920
2020-05-11,993.0040334203547,1009.9251783844684,993.0040334203547,1007.0040283203125,4840
2020-05-12,1017.494978758598,1018.3855651732663,1002.8003029165701,1012.9351806640625,18300
2020-05-13,1023.2840240090031,1049.1110359291608,1017.9494188646986,1037.595703125,38540
2020-05-14,1049.1108630053075,1068.6859362467421,1020.6120959287626,1057.7584228515625,29960
2020-05-15,1070.1109179382088,1123.3858647618588,1070.1109179382088,1108.165771484375,119200
2020-05-18,1127.5002993646945,1144.403613159349,1104.3272220370372,1113.126220703125,47140
2020-05-19,1131.0449015735705,1135.497834256931,1090.9774219858268,1109.3323974609375,43020
2020-05-20,1090.0955533431652,1113.7851292018768,1077.60951495741,1088.9288330078125,23380
2020-05-21,1088.9289793246028,1111.4519465884764,1077.6364034395215,1094.210205078125,36360
2020-05-22,1094.210205078125,1094.210205078125,1094.210205078125,1094.210205078125,0
2020-05-25,1094.210205078125,1094.210205078125,1094.210205078125,1094.210205078125,0
2020-05-26,1094.210205078125,1094.210205078125,1094.210205078125,1094.210205078125,0
2020-05-27,1094.210205078125,1094.210205078125,1094.210205078125,1094.210205078125,0
2020-05-28,1094.53079384028,1122.1389749705068,1074.0473046146278,1107.7559814453125,93020
2020-05-29,1113.2332292364852,1131.044960904269,1069.968572152544,1102.4571533203125,513460
2020-06-01,1102.5462021780197,1102.5462021780197,1082.062710538202,1084.556396484375,6840
2020-06-02,1086.5155923283864,1099.874390594719,1086.5155923283864,1091.413818359375,15940
2020-06-03,1113.2242549321152,1113.2331694946051,1086.5155734267346,1089.516845703125,11340
2020-06-04,1086.5155689050932,1094.521933129645,1082.0626362456462,1088.5728759765625,9860
2020-06-05,1082.9530440719984,1113.232981159538,1082.9530440719984,1107.5242919921875,20700
2020-06-08,1111.4162890554385,1144.4036476645933,1107.0525021952146,1131.1962890625,51540
2020-06-09,1131.0447226837816,1131.0447226837816,1083.8436437056396,1122.0052490234375,13720
2020-06-10,1113.233293682298,1113.233293682298,1099.8744941581103,1101.3707275390625,50960
2020-06-11,1111.977319027968,1111.977319027968,1086.5154825450152,1099.1351318359375,22580
2020-06-12,1077.6098006968361,1099.856636873977,1069.648008567059,1087.3973388671875,25160
2020-06-15,1095.3323803709088,1095.403588155255,1059.806871117651,1076.264892578125,25960
2020-06-16,1068.7038539752498,1111.4520081342598,1068.7038539752498,1098.4405517578125,15960
2020-06-17,1098.440622836058,1102.5372994652166,1081.7599531634846,1086.684814453125,5220
2020-06-18,1099.8744971334304,1099.8744971334304,1066.0411194774488,1074.296875,37780
2020-06-19,1070.48504251799,1099.8743989265538,1068.712783965032,1084.1376953125,21380
2020-06-22,1090.0780139591257,1108.7357600097614,1077.6098013811618,1105.5118408203125,46500
2020-06-23,1108.780067634945,1131.0447276276147,1104.3271356364112,1125.638916015625,20880
2020-06-24,1122.138929730995,1130.0651708981186,1115.0142381136554,1122.103271484375,8460
2020-06-25,1107.4443726758666,1107.8896659499621,1090.9685215343277,1095.5283203125,44740
2020-06-26,1112.2532769840807,1112.2532769840807,1088.2964832290882,1096.5789794921875,13540
2020-06-29,1111.2470360377613,1111.2470360377613,1086.5154337298252,1104.29150390625,20460
2020-06-30,1108.7803708690776,1108.7803708690776,1086.533533914505,1101.343994140625,73260
2020-07-01,1106.0995197009058,1104.3361758231597,1093.453234872134,1101.2012939453125,16640
2020-07-02,1096.4008999072282,1104.3271406433878,1086.5154125684944,1088.87548828125,25480
2020-07-03,1099.669733036501,1131.0450844008456,1086.515750369316,1109.4661865234375,26780
2020-07-06,1113.2331804369621,1127.4825651465553,1108.7802477152143,1120.420166015625,17980
2020-07-07,1122.1390725023898,1129.2637650262145,1108.7713594574293,1125.94189453125,55820
2020-07-08,1127.4735674687056,1128.7648743771485,1105.2178200631965,1120.84765625,26960
2020-07-09,1126.5918418397405,1126.5918418397405,1107.9785635795554,1113.44677734375,87060
2020-07-10,1103.8820996827976,1131.0449912038346,1103.4368063791742,1126.5474853515625,74900
2020-07-13,1131.0361621642533,1157.7626769658073,1122.139209982244,1144.2613525390625,42760
2020-07-14,1144.2700678729648,1153.3095427890107,1136.5220086387394,1152.142822265625,31720
2020-07-15,1157.7356395538447,1159.5435561359943,1143.5130000603815,1145.08935546875,30100
2020-07-16,1144.4661493568021,1157.753741438179,1144.403856124954,1155.919189453125,18760
2020-07-17,1165.7776487789183,1198.1504440972876,1155.0906115097457,1162.9990234375,33780
2020-07-20,1166.6683251340705,1197.838852904828,1164.0945170810128,1181.665771484375,46000
2020-07-21,1188.042397479282,1188.9329839841391,1167.5589078675703,1184.5780029296875,24780
2020-07-22,1177.3554272392255,1193.3681561246553,1166.784169166212,1184.435546875,38420
2020-07-23,1197.838754273347,1197.838754273347,1175.6809594368094,1184.0435791015625,33020
2020-07-24,1184.480107519932,1184.480107519932,1166.6683765797827,1169.001708984375,9880
2020-07-27,1180.0092722124066,1237.9152232888623,1166.8552923375805,1188.9775390625,38420
2020-07-28,1202.2917340900906,1211.1975987870544,1191.6136110155649,1198.2218017578125,16580
2020-07-29,1202.291728644971,1214.7599391642523,1189.0041394401794,1210.3070068359375,32940
2020-07-30,1211.1888714071774,1229.0095181170088,1197.2511692596074,1223.7105712890625,25900
2020-07-31,1223.7105712890625,1223.7105712890625,1223.7105712890625,1223.7105712890625,0
2020-08-03,1220.1035938735406,1225.4471132627677,1192.4954103625334,1202.55908203125,63280
2020-08-04,1215.6060062802692,1215.6060062802692,1184.4800514221752,1194.2408447265625,40900
2020-08-05,1200.9467216404662,1206.7444472020152,1175.5917555460012,1201.5523681640625,35340
2020-08-06,1202.2918666010564,1207.5463490942232,1184.4801352440038,1199.6468505859375,40780
2020-08-07,1202.2917784518347,1204.9635379595054,1184.4800484006964,1191.346435546875,26280
2020-08-10,1202.2917912056148,1209.2384094849167,1184.4800609655315,1194.4635009765625,18260
2020-08-11,1192.0500561484964,1206.7447337177532,1192.0500561484964,1197.340087890625,34220
2020-08-12,1205.854147517904,1205.854147517904,1188.033502563877,1201.2320556640625,21220
2020-08-13,1200.5017124448657,1220.1035304153143,1182.6988966361587,1208.7039794921875,33940
2020-08-14,1208.7039794921875,1208.7039794921875,1208.7039794921875,1208.7039794921875,0
2020-08-17,1216.5412220605272,1216.5412220605272,1200.5195787921646,1204.5361328125,15200
2020-08-18,1218.322113058826,1218.322113058826,1198.283920409832,1200.483642578125,10960
2020-08-19,1206.7445925204643,1211.1975245961855,1191.6046234630119,1204.8922119140625,37480
2020-08-20,1206.7445755817296,1206.7445755817296,1180.0269835024294,1193.323486328125,81400
2020-08-21,1192.050255971618,1202.292002660952,1177.4446128631205,1195.755126953125,82000
2020-08-24,1196.1199914583372,1196.1199914583372,1184.4800734579162,1185.2637939453125,11380
2020-08-25,1192.0410006385343,1273.5385720849645,1181.2114394037765,1222.775146484375,113560
2020-08-26,1218.7942819071754,1266.4139125704467,1212.1771768504407,1258.23828125,28780
2020-08-27,1276.2106512830603,1276.2106512830603,1249.9918328630984,1252.1202392578125,12540
2020-08-28,1246.8123031171187,1246.821217680094,1237.9153518395217,1242.8670654296875,960
2020-08-31,1229.1074416389547,1313.6152159319681,1221.2168575231942,1286.345458984375,77020
2020-09-01,1309.1620540806775,1326.9737827076256,1279.7816164076598,1312.421630859375,44580
2020-09-02,1312.4216286444296,1318.1569530698287,1307.8261722264667,1313.3834228515625,8660
2020-09-03,1304.7092464988168,1331.42684199026,1300.2563139169097,1317.9700927734375,30420
2020-09-04,1322.4941910427453,1335.701658237342,1301.9394940360487,1322.6456298828125,30960
2020-09-07,1325.6381351133427,1325.6381351133427,1304.9409115229166,1311.4688720703125,18480
2020-09-08,1303.8276784282193,1313.6152163259474,1274.4294064830037,1290.20166015625,32620
2020-09-09,1273.538914125811,1285.1165406178638,1251.2742477949403,1271.9091796875,51520
2020-09-10,1260.1800068387208,1286.8976041568562,1260.1800068387208,1281.286865234375,23720
2020-09-11,1282.4448635146894,1282.4448635146894,1256.617848902241,1272.933349609375,12500
2020-09-14,1273.5388038889828,1297.5846414449286,1260.1800052467906,1285.8912353515625,26780
2020-09-15,1285.1163703716677,1298.6532422218593,1278.0005926521214,1285.0540771484375,19960
2020-09-16,1289.5691273777536,1291.3503002056236,1273.5831447332869,1277.4036865234375,20040
2020-09-17,1273.5386606016582,1291.3503901205625,1270.8669011738225,1278.44580078125,17720
2020-09-18,1287.0969964939136,1291.550619319152,1273.736128018198,1288.272705078125,23400
2020-09-21,1291.5502564191115,1289.5639585941296,1265.514402095291,1278.2784423828125,3800
2020-09-22,1286.4999753714405,1286.4999753714405,1242.5605784328184,1253.41845703125,24600
2020-09-23,1271.9455479504177,1271.9455479504177,1233.8849111161817,1245.3128662109375,13860
2020-09-24,1247.0141465742986,1264.8286343825027,1215.8566247947101,1245.375244140625,27120
2020-09-25,1239.8884367150904,1269.282343619974,1230.1795184457596,1243.754150390625,35460
2020-09-28,1247.013830286264,1251.9128131909602,1150.4771409895784,1174.9542236328125,28580
2020-09-29,1175.756363453977,1216.7296912713125,1162.3954956874545,1205.3194580078125,34540
2020-09-30,1220.2834825264906,1286.206002473637,1202.486826842133,1219.8648681640625,24020
2020-10-01,1224.7459038689915,1229.199525337606,1180.2096891828462,1208.7574462890625,16600
2020-10-02,1238.106955803977,1269.2823108062355,1180.5215997464607,1199.7701416015625,20620
2020-10-05,1177.5377253506472,1224.737205355896,1167.739756380256,1185.6700439453125,14980
2020-10-06,1200.696359044371,1213.166499271835,1144.580728020784,1174.4912109375,48800
2020-10-07,1182.837516412223,1191.7804248847067,1158.2535427870885,1173.6007080078125,11200
2020-10-08,1169.5213103162594,1189.0281993099322,1162.6181951944384,1173.2979736328125,5720
2020-10-09,1179.319032333182,1198.024243571095,1162.8406319569253,1183.665771484375,23780
2020-10-12,1184.663518176386,1194.4614871237097,1157.9417846836857,1164.221435546875,11500
2020-10-13,1164.621969515581,1166.8487801647505,1133.001258297376,1152.5526123046875,21100
2020-10-14,1126.7753848691627,1166.8490705872623,1117.8859719421093,1146.3980712890625,37800
2020-10-15,1166.8310231042055,1166.8488549875005,1137.0095903752247,1151.154296875,17900
2020-10-16,1149.0344987976678,1156.142462253734,1127.6571127735251,1150.5843505859375,11640
2020-10-19,1160.6141617631583,1202.4693023058508,1144.5811188531532,1179.996337890625,27780
2020-10-20,1192.6799076099717,1206.931497245341,1166.8489013958647,1175.880859375,54060
2020-10-21,1160.0171259011122,1193.5707548465673,1160.0171259011122,1187.353515625,15120
2020-10-22,1194.4613901253651,1194.4613901253651,1157.9416906509878,1163.6156005859375,19580
2020-10-23,1172.4782089627108,1172.4782089627108,1144.5807706284106,1164.2479248046875,21300
2020-10-26,1174.6606433158054,1181.1005633798065,1150.904984244031,1160.41796875,4380
2020-10-27,1157.9861928272567,1166.3499984879704,1132.5559700621302,1150.218994140625,27220
2020-10-28,1162.37761955067,1162.37761955067,1140.1451712274493,1150.4508056640625,7640
2020-10-29,1145.2755541564736,1157.0509036936983,1086.683681683073,1107.6513671875,40180
2020-10-30,1107.6513671875,1107.6513671875,1107.6513671875,1107.6513671875,0
2020-11-02,1104.498281098752,1121.4220450833295,1071.63052824566,1096.19677734375,34340
2020-11-03,1108.9518764187053,1135.673608380602,1068.8692784758607,1133.2330322265625,43840
2020-11-04,1144.5807479163605,1149.9250938210282,1122.3126399802445,1132.4669189453125,11200
2020-11-05,1147.2528922901427,1147.2528922901427,1123.497236192499,1137.13427734375,19280
2020-11-06,1122.5353657250212,1137.1343509165486,1113.4054411079362,1126.659423828125,39620
2020-11-09,1122.312677160859,1130.1955658851937,1116.0776067321876,1125.5638427734375,6380
2020-11-10,1140.127307623585,1149.0345522143944,1117.8681120896338,1139.77099609375,20720
2020-11-11,1140.1181707058424,1161.504469521821,1129.5363618336585,1157.6832275390625,33380
2020-11-12,1156.961864095251,1157.9238072368996,1135.6824466178455,1139.0760498046875,43420
2020-11-13,1148.143742534889,1156.5165735749829,1126.3209949071895,1145.827880859375,25660
2020-11-16,1145.4716231393334,1149.0345208784913,1131.5139321030179,1140.9378662109375,18700
2020-11-17,1140.9377678381493,1167.2942711464045,1140.9377678381493,1163.10791015625,80640
2020-11-18,1149.0342064037034,1149.2123077495135,1145.560360312566,1147.6981201171875,400
2020-11-19,1156.1602406893737,1156.1602406893737,1142.7993750419619,1153.078369140625,8480
2020-11-20,1156.605671678833,1157.941758323052,1131.220025438674,1139.0850830078125,54480
2020-11-23,1148.1438169200412,1148.1438169200412,1117.8591855970922,1137.7490234375,61520
2020-11-24,1144.5808399686764,1201.0883430210727,1126.775268129434,1163.4107666015625,30220
2020-11-25,1180.2097694676554,1224.745987183416,1166.8489041529272,1205.301513671875,32240
2020-11-26,1205.3016416365663,1295.6923413121308,1205.3016416365663,1233.778076171875,32380
2020-11-27,1211.6789766008283,1224.656890848849,1207.0205057983499,1214.9925537109375,21740
2020-11-30,1220.2924829373599,1220.2924829373599,1202.4779941353547,1213.07763671875,30160
2020-12-01,1213.0776629556676,1224.7461316271492,1199.8948974646576,1220.239013671875,16880
2020-12-02,1215.838716445181,1229.199581461062,1203.368575763692,1228.273193359375,17960
2020-12-03,1244.431168200898,1244.431168200898,1218.0657449378434,1238.1248779296875,43380
2020-12-04,1247.0141321567667,1255.9213759578865,1230.981093314751,1243.9144287109375,35320
2020-12-07,1245.2326011451664,1246.1233254664432,1234.543909289843,1240.51171875,10900
2020-12-08,1246.123208948215,1255.0304513281164,1230.0901726643924,1245.6956787109375,18340
2020-12-09,1255.9214098096463,1306.229506757401,1239.015478016404,1246.8271484375,50540
2020-12-10,1245.2327140688465,1250.5770604811592,1230.9811236360129,1232.940673828125,34820
2020-12-11,1247.022897040186,1278.1893306264594,1246.835879736938,1266.5386962890625,148000
2020-12-14,1296.0037521106908,1296.0037521106908,1261.3190028533227,1269.958984375,38720
2020-12-15,1255.9211065013762,1281.7521079826101,1255.9211065013762,1265.22021484375,11380
2020-12-16,1269.2821658618589,1270.1728901887795,1260.3749225926529,1267.70556640625,13900
2020-12-17,1278.1004441403065,1280.8616679926993,1261.5596313909828,1265.3541259765625,88520
2020-12-18,1269.2822845323717,1278.1716967491882,1256.2331501767674,1263.6529541015625,67680
2020-12-21,1260.3752197947927,1263.3412933596928,1238.1071063708564,1239.7015380859375,5940
2020-12-22,1239.7012766103105,1246.9250380336896,1229.19960174065,1241.01953125,32540
2020-12-23,1229.1996579709694,1242.5605238184799,1211.3851701742888,1215.7764892578125,15860
2020-12-24,1223.8462915030923,1229.19955332875,1198.9238425941542,1213.5228271484375,18780
2020-12-25,1213.5228271484375,1213.5228271484375,1213.5228271484375,1213.5228271484375,0
2020-12-28,1213.522781432098,1222.0647968369417,1202.486694549596,1210.2537841796875,11180
2020-12-29,1204.0544461881923,1217.6379922345363,1182.0891537433267,1201.275390625,31440
2020-12-30,1215.8300408237026,1215.8300408237026,1186.4450479223651,1197.196044921875,26600
2020-12-31,1204.2505562322917,1204.2505562322917,1174.420202709505,1193.410400390625,119380
2021-01-01,1192.6800670568173,1237.2162906212989,1176.655942516798,1222.073974609375,48800
2021-01-04,1222.0737998279667,1252.3584275204967,1214.1463314210753,1229.1817626953125,16860
2021-01-05,1228.1931840813247,1230.98115588202,1206.040871971241,1229.19970703125,20720
2021-01-06,1241.6609127207557,1255.9214192362379,1227.8725162384424,1241.6163330078125,32580
2021-01-07,1246.025325832425,1255.9212597319556,1238.106773778311,1254.442626953125,110840
2021-01-08,1255.030960397351,1255.9216849966394,1229.182115129037,1237.90234375,36680
2021-01-11,1264.2317917437422,1264.2317917437422,1233.6532630032207,1244.4755859375,13800
2021-01-12,1244.4757366771646,1247.0142797146661,1202.4780554391423,1227.961669921875,20080
2021-01-13,1212.275835458402,1252.3584310466665,1212.275835458402,1228.62060546875,19620
2021-01-14,1224.7459989060267,1236.3254156229564,1211.3851334634155,1219.5263671875,24360
2021-01-15,1219.588868959048,1224.7194508242587,1202.567136656737,1211.82177734375,19560
2021-01-18,1219.3126428380376,1219.3126428380376,1202.4779300708449,1203.7427978515625,10420
2021-01-19,1218.4662809759784,1294.017578125,1202.468907101852,1294.017578125,374680
2021-01-20,1293.331975148511,1380.6140602825383,1273.7360361311094,1307.4766845703125,359040
2021-01-21,1315.5998613181591,1327.179277836193,1279.0801630689753,1292.084716796875,33780
2021-01-22,1291.550081223105,1295.9591224907504,1265.719079598643,1271.1346435546875,161920
2021-01-25,1277.2987530236267,1277.2987530236267,1247.9048486653423,1255.1998291015625,18140
2021-01-26,1264.7751551685308,1264.7751551685308,1247.014162783765,1248.11865234375,21540
2021-01-27,1255.9123248191622,1300.4574549718486,1248.8043624279871,1283.9078369140625,26600
2021-01-28,1283.542704174059,1289.768858681507,1259.6089452409979,1260.8114013671875,10460
2021-01-29,1264.8374423051232,1271.9543208782243,1247.0229560183134,1253.667724609375,32000
2021-02-01,1263.929007320516,1300.4576236532566,1263.8933435506035,1273.6646728515625,69960
2021-02-02,1278.1895281876384,1291.5503943359413,1269.28228408877,1278.2518310546875,20600
2021-02-03,1282.6431320945342,1371.7155718233214,1278.2518129742625,1366.3533935546875,625020
2021-02-04,1468.8223876953125,1468.8223876953125,1468.8223876953125,1468.8223876953125,4760
2021-02-05,1468.8223876953125,1468.8223876953125,1468.8223876953125,1468.8223876953125,0
2021-02-08,1478.6026052004315,1536.499695163099,1468.8224680160076,1492.0169677734375,370020
2021-02-09,1514.2315401443136,1514.2315401443136,1478.6025627291533,1507.248291015625,53740
2021-02-10,1514.2313274109774,1514.2313274109774,1469.69511189889,1474.0775146484375,69840
2021-02-11,1461.6785439726934,1476.8208567377976,1434.9568155636862,1441.9400634765625,72180
2021-02-12,1426.0497605995165,1445.6456973472925,1398.9272461842015,1426.30810546875,21660
2021-02-15,1442.973439842694,1460.7879267543321,1426.0496772766376,1437.709228515625,59820
2021-02-16,1451.8808519574543,1468.7155657907708,1442.9736074669179,1445.59228515625,35900
2021-02-17,1451.8805670032884,1452.7712912775235,1442.9733242609368,1450.482177734375,24080
2021-02-18,1452.7714252768956,1469.6862721063176,1398.437239536926,1421.034912109375,55140
2021-02-19,1420.7053320363307,1421.5960563824349,1395.7650503454108,1415.31640625,12240
2021-02-22,1425.1589895831114,1425.1589895831114,1398.4372585284282,1399.541748046875,6280
2021-02-23,1406.453650263716,1407.3443745514069,1380.622645920684,1395.6669921875,11000
2021-02-24,1389.547911931652,1458.1158596385233,1381.5135603539093,1410.9163818359375,172360
2021-02-25,1419.814642813214,1434.0662327034345,1399.4170330366355,1407.308837890625,14820
2021-02-26,1393.9925982342336,1429.612658196998,1393.9925982342336,1418.7191162109375,36760
2021-03-01,1425.1500266214862,1425.158942563357,1398.437212390294,1400.9134521484375,10680
2021-03-02,1416.2517402273445,1420.705362051959,1389.5300092796588,1399.728759765625,4880
2021-03-03,1391.320611527806,1402.8911143054052,1388.7285727385943,1395.3021240234375,70420
2021-03-04,1380.6230765777084,1388.416916526131,1353.9013396116884,1380.3914794921875,24080
2021-03-05,1389.5299036193662,1438.5197399649207,1380.6226606474472,1415.6370849609375,33080
2021-03-08,1434.0574380143476,1442.9735983917803,1380.62288735016,1387.347900390625,68800
2021-03-09,1407.2555624806928,1416.2518575655674,1376.1692578231457,1399.185546875,74560
2021-03-10,1372.3066780699917,1416.8528803675513,1372.2977583434144,1401.5526123046875,10080
2021-03-11,1400.8132117785533,1401.7043143305755,1376.8871300121966,1381.3515625,29900
2021-03-12,1416.844208143376,1416.853127871511,1373.1891006603764,1407.4163818359375,32720
2021-03-15,1407.9418068529615,1426.6549574503742,1407.0507044435608,1418.2696533203125,21220
2021-03-16,1421.308499642198,1434.675037256388,1416.8529871041346,1422.1817626953125,37140
2021-03-17,1439.041544069634,1443.4881371362067,1417.7441711572808,1427.1719970703125,20680
2021-03-18,1434.586208035336,1434.666376817905,1386.5557524389865,1400.2073974609375,15000
2021-03-19,1423.0908315158042,1423.0908315158042,1354.5650208163718,1392.784423828125,22020
2021-03-22,1407.0509663422529,1443.5861719280872,1383.017955993897,1425.354248046875,41560
2021-03-23,1425.354248046875,1425.354248046875,1425.354248046875,1425.354248046875,0
2021-03-24,1412.39770244561,1435.5663713816266,1403.4866759317579,1425.6929931640625,20520
2021-03-25,1430.2194008334898,1448.0414494420068,1412.3973522249728,1419.5885009765625,9780
2021-03-26,1416.8530852703595,1425.7641109638837,1377.6445722188528,1407.8974609375,14680
2021-03-29,1420.845124061392,1420.845124061392,1399.030951847128,1403.58447265625,17360
2021-03-30,1407.9418752887839,1416.852899815928,1302.7917858684823,1364.0283203125,26360
2021-03-31,1381.2088611580775,1403.4864234348208,1327.7516314209774,1364.5452880859375,48700
2021-04-01,1389.1398614378206,1389.2289499421645,1354.4759486286657,1370.916748046875,19340
2021-04-02,1396.3575061395338,1402.5952231420717,1355.6608190503446,1377.136474609375,28640
2021-04-05,1376.7979314343947,1388.3376650495854,1357.1490782224125,1367.931396484375,26800
2021-04-06,1367.664059290589,1390.1197971177844,1350.9112900195905,1378.1434326171875,18780
2021-04-07,1374.9712421973488,1378.1436195058025,1327.7428067881074,1359.27001953125,81200
2021-04-08,1412.3886024334943,1412.3886024334943,1347.4361254115793,1380.585205078125,26200
2021-04-09,1402.5955027955092,1404.3777080087182,1373.2782052827858,1400.4212646484375,7840
2021-04-12,1398.7635756849488,1403.47754280271,1384.773309696308,1397.284423828125,8320
2021-04-13,1377.6534646760572,1424.872980189158,1377.6534646760572,1395.0833740234375,9460
2021-04-14,1399.9310174669356,1416.8530460888041,1399.0399149222258,1406.4716796875,33920
2021-04-15,1399.2627933729186,1416.8531501958173,1391.2428698812441,1397.2578125,15000
2021-04-16,1396.3487216362757,1407.941974061576,1392.8021510300111,1398.638916015625,5140
2021-04-19,1421.3083981403993,1479.2122175455613,1407.9418614807716,1439.6295166015625,179300
2021-04-20,1461.3099702355814,1461.3099702355814,1416.8528571549884,1421.8519287109375,50040
2021-04-21,1408.8330567137593,1430.9056831091234,1408.8330567137593,1416.1134033203125,10560
2021-04-22,1409.8134944331139,1423.9731287317052,1394.5756607263008,1401.802490234375,25080
2021-04-23,1390.120019643211,1401.8023613704138,1382.991199029656,1388.1773681640625,19420
2021-04-26,1382.162494277241,1443.5862457951614,1381.2090623348765,1419.428466796875,95020
2021-04-27,1439.1218208970056,1439.1307406254375,1394.5756093367243,1409.510498046875,106640
2021-04-28,1419.517430017853,1433.7839904208577,1407.9866153346552,1416.2738037109375,50500
2021-04-29,1411.1789924875986,1411.1789924875986,1360.1811564208836,1368.3511962890625,13940
2021-04-30,1394.167870350828,1394.167870350828,1355.7159304701954,1365.255126953125,1880
2021-05-03,1395.0806491349956,1395.0806491349956,1355.7069810388186,1364.2796630859375,9120
2021-05-04,1401.2552525908286,1401.2552525908286,1353.0672712604637,1360.2171630859375,12720
2021-05-05,1361.389465584685,1371.814562219666,1344.3692830884872,1359.9666748046875,64740
2021-05-06,1360.1812192561863,1360.1812192561863,1337.854604121092,1345.3087158203125,22920
2021-05-07,1345.3087158203125,1345.3087158203125,1345.3087158203125,1345.3087158203125,0
2021-05-10,1345.3087158203125,1345.3087158203125,1345.3087158203125,1345.3087158203125,0
2021-05-11,1345.3087158203125,1345.3087158203125,1345.3087158203125,1345.3087158203125,0
2021-05-12,1345.3087158203125,1345.3087158203125,1345.3087158203125,1345.3087158203125,0
2021-05-13,1345.3087158203125,1345.3087158203125,1345.3087158203125,1345.3087158203125,0
2021-05-14,1345.3087158203125,1345.3087158203125,1345.3087158203125,1345.3087158203125,0
2021-05-17,1343.1790949488309,1376.2887728389753,1343.1790949488309,1365.21044921875,21120
2021-05-18,1370.1140825972059,1413.8367362926645,1369.1297627847591,1409.335693359375,16780
2021-05-19,1418.2573570039851,1438.9285096424492,1378.1677627924412,1432.047119140625,81020
2021-05-20,1429.8817668173442,1429.8817668173442,1412.1188933392557,1415.707275390625,1400
2021-05-21,1422.8122942611155,1431.7698128918496,1412.5662352317554,1427.2955322265625,1960
2021-05-24,1431.7519528982089,1433.5595798335862,1413.872744155472,1415.8056640625,2340
2021-05-25,1427.2685303636076,1427.2954022616407,1377.1834633734577,1393.5950927734375,25200
2021-05-26,1396.9596769880727,1413.8724772016692,1382.9999452627721,1388.959716796875,143340
2021-05-27,1397.65759725477,1404.9148658060035,1346.758187115823,1373.0042724609375,37400
2021-05-28,1368.3242882164545,1399.5458271752732,1368.3242882164545,1389.5145263671875,175160
2021-05-31,1387.3848932501294,1412.7988278602609,1371.8143755552674,1397.613037109375,33600
2021-06-01,1416.3961669653206,1416.3961669653206,1388.8167484141136,1400.9957275390625,6540
2021-06-02,1390.6064090281004,1404.9241069331515,1378.0784233611805,1385.962158203125,85560
2021-06-03,1387.0270014956848,1393.0672803731659,1372.2797899509894,1378.36474609375,40120
2021-06-04,1385.2370904369266,1400.4496424636886,1371.6353229071387,1395.0,29280
2021-06-07,1371.814527142847,1430.8750351607387,1371.814527142847,1405.8011474609375,20460
2021-06-08,1404.834611291431,1406.534859726149,1388.4140237262457,1401.335693359375,10660
2021-06-09,1403.134333787443,1404.924045947886,1387.0269243434543,1391.57275390625,6360
2021-06-10,1395.0716579768884,1400.4497517046918,1389.720436147713,1395.581787109375,7240
2021-06-11,1411.18785778244,1411.18785778244,1387.026746710705,1387.071533203125,25840
2021-06-14,1411.4117993547914,1411.4117993547914,1387.026970359757,1391.5638427734375,194720
2021-06-15,1388.011212422055,1394.9821760827765,1381.6577562449434,1382.5526123046875,14060
2021-06-16,1387.009160144635,1387.009160144635,1373.69369585766,1377.8189697265625,23520
2021-06-17,1381.657766914168,1394.8748084963088,1371.1432081309806,1375.7696533203125,57400
2021-06-18,1376.2795342056543,1378.0692461581955,1369.1296436940797,1371.6978759765625,4500
2021-06-21,1382.5168294965981,1382.5257867963248,1354.8121199126178,1358.1947021484375,6480
2021-06-22,1370.9105702972306,1395.080641986708,1361.970966711847,1387.474365234375,31200
2021-06-23,1387.1164408109544,1394.964346410354,1378.9822293185641,1386.3558349609375,6220
2021-06-24,1397.6666944959559,1397.6666944959559,1372.270676055267,1385.478759765625,9060
2021-06-25,1385.4788897648107,1387.0269733606451,1355.7070094460498,1367.0538330078125,27240
2021-06-28,1379.8679134414501,1386.1319052664114,1346.7582423666554,1351.4920654296875,13200
2021-06-29,1362.8659973235776,1373.6042717607957,1329.7563178088224,1333.881591796875,109840
2021-06-30,1345.5948703591978,1364.655346100511,1332.1720308893566,1364.1094970703125,30280
2021-07-01,1355.706859854398,1387.0268203130804,1355.706859854398,1374.6510009765625,11000
2021-07-02,1382.3736293308718,1382.4630930861856,1361.5234402811268,1377.4697265625,11040
2021-07-05,1382.2841010238026,1382.2841010238026,1363.2237326409595,1369.1297607421875,5080
2021-07-06,1377.11200337875,1386.1321136379245,1361.103014471292,1383.9039306640625,16160
2021-07-07,1369.1297751126253,1383.9038574378,1369.1297751126253,1370.516845703125,4340
2021-07-08,1373.613204432985,1382.552809002853,1364.655685261716,1376.4051513671875,27020
2021-07-09,1378.0694137900678,1378.078371089748,1360.279670448404,1362.7315673828125,8340
2021-07-12,1378.0695130153522,1378.0695130153522,1360.1813473245647,1363.7786865234375,1980
2021-07-13,1375.3849445666854,1375.3939018670105,1360.1813473245647,1363.7786865234375,6240
2021-07-14,1378.0336358040536,1378.0336358040536,1342.284177568947,1350.0604248046875,20460
2021-07-15,1364.5662162968179,1369.121003685698,1355.707118231596,1360.0650634765625,6720
2021-07-16,1360.1813318036086,1364.2081844306588,1346.7584897134416,1352.762939453125,33140
2021-07-19,1352.762939453125,1352.762939453125,1352.762939453125,1352.762939453125,0
2021-07-20,1352.762939453125,1352.762939453125,1352.762939453125,1352.762939453125,0
2021-07-21,1352.762939453125,1352.762939453125,1352.762939453125,1352.762939453125,0
2021-07-22,1352.762939453125,1352.762939453125,1352.762939453125,1352.762939453125,0
2021-07-23,1352.762939453125,1352.762939453125,1352.762939453125,1352.762939453125,0
2021-07-26,1369.1207273680097,1369.1207273680097,1349.4428525997632,1350.2572021484375,34760
2021-07-27,1353.111823308601,1357.4966398393992,1351.2326474340757,1354.892578125,5320
2021-07-28,1364.199362412786,1364.199362412786,1344.083011883121,1350.79443359375,9060
2021-07-29,1355.6980834237074,1355.6980834237074,1346.7674366991062,1350.3826904296875,2960
2021-07-30,1351.143121634825,1360.1811455575778,1346.7672626043613,1352.12744140625,14740
2021-08-02,1354.9285202580095,1355.7070407238618,1347.653335531443,1350.3826904296875,8920
2021-08-03,1351.2326511243805,1359.1879346091107,1344.1632664005651,1352.646484375,6300
2021-08-04,1353.0133367186165,1353.0133367186165,1345.881360499043,1348.1005859375,13900
2021-08-05,1348.5658499742276,1368.2347665507152,1341.3890876779085,1348.2078857421875,60080
2021-08-06,1349.451977830791,1359.9127933752727,1331.5458982426107,1335.0179443359375,43420
2021-08-09,1359.2861912687058,1359.2861912687058,1319.9125293754714,1334.230224609375,1240
2021-08-10,1331.769531797784,1342.2930478061858,1328.861249601686,1335.9127197265625,7080
2021-08-11,1332.4406870228138,1345.8635280606527,1332.4406870228138,1342.275146484375,10500
2021-08-12,1342.284128298027,1344.9686965546232,1337.8188051700513,1339.0537109375,620
2021-08-13,1338.7136612555835,1342.284128298027,1334.2393808279232,1339.0537109375,4040
2021-08-16,1341.3802033793106,1342.2840166893764,1320.8074724223463,1332.3153076171875,4960
2021-08-17,1331.5459218627238,1342.2931527262651,1331.5459218627238,1338.0694580078125,12740
2021-08-18,1338.0694580078125,1338.0694580078125,1338.0694580078125,1338.0694580078125,0
2021-08-19,1338.0694580078125,1338.0694580078125,1338.0694580078125,1338.0694580078125,0
2021-08-20,1340.3960469993576,1342.2841803047424,1319.903819999632,1324.8792724609375,61780
2021-08-23,1338.695667792769,1376.288578470175,1333.335488895033,1361.49658203125,23500
2021-08-24,1346.7583440175026,1375.393737378672,1346.7583440175026,1359.456298828125,4360
2021-08-25,1361.076017361804,1361.076017361804,1351.2326010626718,1358.328857421875,5940
2021-08-26,1360.1724619814909,1387.0271051891773,1351.2328573133275,1352.977783203125,58540
2021-08-27,1364.5661103080533,1364.5661103080533,1343.1790273328947,1360.0380859375,11940
2021-08-30,1369.111961493307,1373.4252292028714,1339.6085811641717,1344.50341796875,59720
2021-08-31,1354.8120095204608,1378.078265958725,1343.1788813013288,1374.4630126953125,18180
2021-09-01,1373.4251653769818,1382.552653765952,1373.4251653769818,1379.9754638671875,8260
2021-09-02,1387.8144511481134,1391.483339359712,1373.6041317221852,1385.1298828125,12980
2021-09-03,1385.0582395831505,1400.4497199678876,1375.4921715945302,1379.0357666015625,12940
2021-09-06,1389.7114849886925,1422.8211597759312,1371.2147705868756,1406.4810791015625,15160
2021-09-07,1395.9756453868717,1411.1882004968568,1394.8749897595148,1400.1546630859375,16140
2021-09-08,1399.5548665364583,1400.1544594165448,1369.1208034428312,1369.1297607421875,9320
2021-09-09,1373.6040744668946,1387.0269155854635,1364.655513721182,1377.3177490234375,14880
2021-09-10,1370.928477499897,1395.9754905433165,1369.2282290938297,1387.8680419921875,8560
2021-09-13,1395.9665539959815,1413.8726332354697,1387.930763722719,1404.924072265625,23760
2021-09-14,1404.8971759799424,1413.8726086933877,1390.6063505756485,1405.2999267578125,11180
2021-09-15,1391.411616801019,1409.3982005611094,1391.348915709197,1405.532470703125,8400
2021-09-16,1392.6646974418554,1404.924183244811,1379.868210549999,1404.0919189453125,14380
2021-09-17,1400.4498710259545,1413.7832494725726,1398.6601587307136,1406.1590576171875,16880
2021-09-20,1378.9734289266069,1413.7833575778648,1378.9734289266069,1404.1009521484375,11160
2021-09-21,1404.1009521484375,1404.1009521484375,1404.1009521484375,1404.1009521484375,0
2021-09-22,1408.2976569316395,1408.2976569316395,1378.0783499235163,1388.01123046875,31420
2021-09-23,1399.5548543500092,1399.5548543500092,1373.6040290455653,1384.3154296875,39040
2021-09-24,1387.9219549349673,1395.9398314665702,1378.078536814861,1385.684814453125,12060
2021-09-27,1410.293300049159,1410.293300049159,1376.2887661647248,1383.4744873046875,34980
2021-09-28,1400.4497663727227,1400.4497663727227,1377.1835082732398,1378.982177734375,55760
2021-09-29,1387.0001607893041,1387.0270326902967,1358.3916358863678,1376.2529296875,92400
2021-09-30,1378.0604663651588,1415.662336809138,1346.8478815229864,1390.0426025390625,86000
2021-10-01,1388.8167822228047,1388.8167822228047,1382.5527890040162,1387.0091552734375,27720
2021-10-04,1378.9731112462966,1404.9239355332159,1378.1230417310387,1400.0648193359375,24360
2021-10-05,1404.0202226572208,1505.067409847292,1404.0202226572208,1504.5751953125,182320
2021-10-06,1503.3581407716676,1617.4164561870423,1503.3581407716676,1565.97119140625,159460
2021-10-07,1561.5239546224168,1592.611247994523,1534.8751127218852,1578.94677734375,95960
2021-10-08,1595.5285198984056,1609.846218338324,1567.3405510948162,1589.9356689453125,214680
2021-10-11,1601.7027993068084,1601.7027993068084,1548.1009022880307,1576.118896484375,8860
2021-10-12,1565.9981934354732,1588.3695961988371,1548.1010712247821,1584.3248291015625,13820
2021-10-13,1588.369564793269,1588.369564793269,1557.0496015438243,1567.734130859375,8000
2021-10-14,1573.138916886272,1583.8951033710011,1548.1008637467976,1577.2821044921875,46040
2021-10-15,1528.4816680153988,1528.4816680153988,1485.3335384145282,1528.2388916015625,27180
2021-10-18,1506.102932687556,1550.9593886999455,1506.0040440999471,1527.40283203125,43640
2021-10-19,1527.40283203125,1527.40283203125,1527.40283203125,1527.40283203125,0
2021-10-20,1520.4887096338805,1595.9148032817477,1519.490714110509,1552.209228515625,40700
2021-10-21,1532.9772715934141,1613.887893118464,1532.9772715934141,1594.9527587890625,49020
2021-10-22,1595.914717600942,1618.3923896798285,1578.031468524469,1598.77392578125,14960
2021-10-25,1596.8048246349254,1600.4102520167194,1573.4460453712277,1598.77392578125,5300
2021-10-26,1604.9958126382082,1613.896993494687,1528.4818322790907,1542.6607666015625,35740
2021-10-27,1555.3649898226142,1582.4280845449466,1531.26888190625,1544.108154296875,10080
2021-10-28,1555.6526706941597,1559.0423211730956,1528.4816872766519,1537.6346435546875,8880
2021-10-29,1539.2619369802733,1554.54675352589,1521.2977995655763,1528.7783203125,21100
2021-11-01,1545.555712592938,1550.9593536721598,1515.1748562770356,1521.80126953125,11260
2021-11-02,1501.4007225503526,1528.4818195752446,1501.4007225503526,1507.2899169921875,35480
2021-11-03,1509.5107302390545,1532.9774004594567,1506.99318679407,1525.955322265625,18120
2021-11-04,1528.4907662275027,1530.2799802207453,1514.9951625569659,1523.078125,5780
2021-11-05,1528.472673341227,1528.472673341227,1506.9031083922534,1518.474609375,18120
2021-11-08,1527.4029172908524,1535.6746572572767,1498.3077200578919,1522.6466064453125,26080
2021-11-09,1558.880754442785,1564.4101746684066,1484.425651372972,1513.4847412109375,23040
2021-11-10,1523.077916912063,1546.4636935229446,1511.4165280757613,1528.139892578125,37060
2021-11-11,1528.44551416225,1536.5734745086277,1519.4904458277242,1522.1607666015625,30440
2021-11-12,1519.589590854885,1562.6478346356978,1516.0740520492232,1527.519775390625,17660
2021-11-15,1527.528599279831,1549.889492884994,1519.5895249928642,1541.4378662109375,19360
2021-11-16,1546.4637677587887,1553.647622643793,1528.481630924384,1532.06005859375,14460
2021-11-17,1532.0691648807674,1555.4549442389437,1519.4906680715692,1535.9892578125,15760
2021-11-18,1528.4907461227863,1541.0692430073655,1528.4817462733495,1536.6007080078125,11600
2021-11-19,1541.8783838332415,1568.9414785029862,1541.8783838332415,1561.87451171875,42680
2021-11-22,1595.9148034042034,1595.9148034042034,1530.2799974050445,1532.779541015625,15720
2021-11-23,1554.546762218541,1554.546762218541,1513.1968464774911,1526.8453369140625,17900
2021-11-24,1528.3919497880158,1577.9147218449664,1509.6005922928382,1551.9215087890625,39980
2021-11-25,1531.1792367679466,1572.538159193857,1531.1792367679466,1549.161376953125,12200
2021-11-26,1546.4639365215712,1552.7486852506986,1521.288942206104,1529.1561279296875,53980
2021-11-29,1545.5646655050223,1572.0343183217985,1513.1968191070114,1551.0133056640625,12980
2021-11-30,1532.0781698244998,1562.6478046684158,1506.0040695164537,1518.0521240234375,355880
2021-12-01,1520.839408041679,1534.6766771919495,1520.839408041679,1527.16015625,17040
2021-12-02,1528.3828259618415,1528.3828259618415,1434.0754910036367,1451.958740234375,118660
2021-12-03,1452.057731877989,1506.0041491613817,1416.0934536890604,1442.8328857421875,49540
2021-12-06,1438.5711537714747,1461.0488280491538,1425.084549204867,1458.3695068359375,3180
2021-12-07,1456.5533616618388,1474.9850554359548,1449.405504807245,1460.6263427734375,10020
2021-12-08,1450.259638335457,1506.004274154923,1450.259638335457,1503.019287109375,27640
2021-12-09,1507.7931683072516,1512.2977023484514,1479.0307493241394,1499.404541015625,9900
2021-12-10,1528.4817902171771,1528.4817902171771,1465.6341934803356,1489.5145263671875,10640
2021-12-13,1492.5176302368454,1495.2059514049422,1465.544420051842,1466.0838623046875,18140
2021-12-14,1465.6340549159997,1501.5084401985403,1465.5441661818088,1494.189697265625,4560
2021-12-15,1470.9387819350732,1510.4994826717132,1471.8468886186863,1489.33447265625,29400
2021-12-16,1489.8201086359577,1528.4727048467214,1471.3974173402871,1504.8531494140625,15340
2021-12-17,1506.9031904446028,1526.6835425864772,1492.5174797959671,1514.4287109375,19880
2021-12-20,1510.2657321298725,1526.6744321498823,1497.4084602672863,1522.637451171875,4960
2021-12-21,1511.8842206680636,1515.8852023891127,1506.0040265415776,1509.2587890625,1000
2021-12-22,1501.5084104546095,1505.914055885237,1498.820089805453,1499.0628662109375,5700
2021-12-23,1495.3495803762532,1498.811119799865,1492.9669252715512,1497.00390625,1240
2021-12-24,1496.0240838458756,1500.4746193698436,1479.9300474062181,1492.508544921875,7640
2021-12-27,1493.4255186410162,1493.4255186410162,1438.481110701729,1441.744873046875,170960
2021-12-28,1446.5732529109112,1476.333672221029,1446.5732529109112,1473.80712890625,23300
2021-12-29,1473.636344923667,1479.840205056323,1461.0488471634892,1470.0399169921875,30620
2021-12-30,1473.6361693944702,1480.8290244006666,1461.0486731336266,1466.533203125,59880
2021-12-31,1420.885451356164,1494.3155453747686,1420.885451356164,1487.3294677734375,41400
2022-01-03,1474.5352554493138,1506.0039956570736,1461.048652503131,1491.753173828125,12300
2022-01-04,1490.710189865893,1523.986143888302,1479.039800259807,1511.659423828125,14800
2022-01-05,1498.865255308393,1506.004111669124,1498.865255308393,1501.6883544921875,16720
2022-01-06,1497.9121238670402,1506.0040861208238,1488.1118365199388,1505.2757568359375,5600
2022-01-07,1456.5531992230424,1513.1969347483828,1456.5531992230424,1504.32275390625,40360
2022-01-10,1514.0959675707547,1514.0959675707547,1487.131761346673,1489.145751953125,11340
2022-01-11,1489.8203653660826,1491.6185794461865,1474.5355456851994,1482.2408447265625,17620
2022-01-12,1497.0128150411927,1500.6092422244747,1483.5262131038846,1497.72314453125,28800
2022-01-13,1503.3068135781425,1509.600562199582,1492.985083399664,1496.266845703125,14740
2022-01-14,1501.2656873100286,1508.7013186401698,1497.0129294015987,1505.3836669921875,17040
2022-01-17,1506.8942078808623,1512.297849285583,1501.6883436588064,1507.3797607421875,48200
2022-01-18,1508.7014294138216,1522.1430341234013,1507.802322483301,1510.9761962890625,23480
2022-01-19,1508.7013994734043,1519.5086821244738,1492.526474894671,1493.4705810546875,12440
2022-01-20,1516.79350417455,1516.79350417455,1497.0131502374782,1502.36279296875,24540
2022-01-21,1510.4097994846725,1554.555929136242,1502.3627263644605,1538.2191162109375,71880
2022-01-24,1527.582757724431,1546.4640042884175,1510.4997251189195,1529.039306640625,52800
2022-01-25,1529.3808974980075,1529.3808974980075,1513.2059725064562,1516.982177734375,1960
2022-01-26,1515.0041241111844,1528.4727278926052,1501.5085207817808,1504.9251708984375,1840
2022-01-27,1501.4995676943008,1572.5380147510755,1501.4995676943008,1532.1322021484375,43820
2022-01-28,1532.9684297045512,1532.9684297045512,1513.1970756251208,1527.115234375,20780
2022-01-31,1542.9665008427392,1546.45504039346,1522.2780399891358,1528.472900390625,22200
2022-02-01,1528.4817814993562,1559.0424172796993,1528.4727816497123,1555.4639892578125,32600
2022-02-02,1530.079059897034,1534.5023193359375,1505.7151549504601,1534.5023193359375,17280
2022-02-03,1534.5925040845182,1543.6195188144272,1534.5925040845182,1538.3658447265625,21020
2022-02-04,1543.6104958209867,1543.6195316512358,1525.637678490221,1537.093017578125,22340
2022-02-07,1540.9024038813043,1548.1330516142002,1534.592529296875,1534.592529296875,34240
2022-02-08,1547.2302605015348,1548.1239261072676,1525.565426048771,1530.494140625,78960
2022-02-09,1532.7871618690058,1555.3546995879253,1526.6668191933018,1550.5252685546875,15480
2022-02-10,1534.6557559811597,1551.5634483584251,1534.6377945125603,1539.9276123046875,33440
2022-02-11,1551.7436920027412,1595.9760601866471,1535.5041027849504,1578.138671875,102600
2022-02-14,1579.727604571633,1615.835664104699,1579.727604571633,1601.4466552734375,27480
2022-02-15,1615.8266875286374,1623.0573355307345,1597.9802608190816,1616.0704345703125,15340
2022-02-16,1615.826619800802,1617.6410585982678,1602.3132050377505,1610.374267578125,6580
2022-02-17,1599.5960611307632,1615.8356519683416,1589.0524593413566,1606.7003173828125,3180
2022-02-18,1593.2771928474729,1606.7003598249305,1588.7546494900141,1589.9461669921875,1480
2022-02-21,1570.7996910277984,1584.231892020365,1552.6554152602653,1560.30126953125,11820
2022-02-22,1554.5511402457419,1593.2680176484785,1548.1329463269917,1586.3172607421875,70840
2022-02-23,1597.781649066483,1615.8356789994375,1579.9352228468688,1612.4957275390625,26720
2022-02-24,1588.9531413795428,1621.251826144045,1588.7455376741204,1589.8287353515625,33040
2022-02-25,1579.718387733252,1602.2949581848663,1579.718387733252,1593.2679443359375,9140
2022-02-28,1593.2592208427393,1623.9601097768675,1575.3135093853425,1614.3372802734375,73460
2022-03-01,1614.8877608452603,1615.8356414719476,1592.3654031041988,1615.041259765625,3340
2022-03-02,1615.8357993778498,1620.349307197341,1586.949349333106,1616.1878662109375,14340
2022-03-03,1614.9329088305728,1631.1815350792874,1593.4666417067726,1624.97998046875,17140
2022-03-04,1624.8536510921488,1624.8897944136352,1597.8809260815128,1624.5106201171875,6800
2022-03-07,1624.8626539386491,1629.3580896503245,1597.9801775843764,1616.2779541015625,4339
2022-03-08,1623.9599789137626,1623.9599789137626,1580.7205555466533,1607.8828125,4233
2022-03-09,1619.446411753122,1620.3491132089487,1597.880860750256,1606.519775390625,24429
2022-03-10,1606.6011220628102,1624.7544366348784,1597.7817104707349,1604.3172607421875,2901
2022-03-11,1596.8789337527987,1604.317185205372,1588.754620353265,1590.3433837890625,1136
2022-03-14,1593.2679865382913,1593.2679865382913,1575.304206464492,1579.89892578125,11985
2022-03-15,1584.241031865981,1584.241031865981,1571.6032116687595,1577.9130859375,14549
2022-03-16,1615.8357130481008,1615.8357130481008,1561.6736221079411,1569.59033203125,2522
2022-03-17,1554.5240493023584,1588.754527426406,1552.8269661948857,1557.9091796875,19880
2022-03-18,1550.931573462954,1561.673744379088,1550.931573462954,1552.646728515625,15155
2022-03-21,1578.8067244946342,1578.8067244946342,1552.6464547655758,1553.639404296875,5945
2022-03-22,1558.9565266486866,1561.673667104585,1548.1331439794008,1550.371826171875,5768
2022-03-23,1550.371826171875,1550.371826171875,1550.371826171875,1550.371826171875,0
2022-03-24,1561.6555379496633,1568.8771500172275,1534.592564357356,1557.6024169921875,14564
2022-03-25,1566.1780469860223,1568.895187282318,1545.470127728943,1554.2894287109375,11005
2022-03-28,1552.646518239664,1570.6734400312657,1545.4249065269212,1570.11376953125,14212
2022-03-29,1570.7095197710223,1588.7545124923527,1570.113705974785,1585.37841796875,52634
2022-03-30,1597.7815224966464,1597.7815224966464,1563.1539090514664,1589.3773193359375,5348
2022-03-31,1588.7456168618157,1597.7816677644478,1552.64659240387,1597.348388671875,13751
2022-04-01,1602.1146030588473,1602.1146030588473,1561.7728173153191,1596.93310546875,16298
2022-04-04,1593.2681338634638,1597.7816413248333,1535.5854864685498,1586.0013427734375,790
2022-04-05,1595.0645717319037,1595.0645717319037,1552.6466355448752,1567.9654541015625,16892
2022-04-06,1550.9312917801913,1574.3112806588601,1550.9312917801913,1570.6192626953125,4108
2022-04-07,1575.2049151739632,1575.2049151739632,1557.1599229117223,1562.3775634765625,10673
2022-04-08,1570.2402035837615,1588.7546199303256,1553.5582977053816,1574.3294677734375,6375
2022-04-11,1588.7546383546246,1602.2951608406015,1570.7006083733222,1587.5269775390625,40199
2022-04-12,1595.8860268541048,1595.8860268541048,1571.1519833595603,1572.063720703125,4636
2022-04-13,1534.5924553433483,1592.3653477798036,1534.5924553433483,1570.529052734375,5386
2022-04-14,1579.7185701261365,1586.9492178694159,1558.0627702176403,1563.2261962890625,23371
2022-04-15,1574.9071617653337,1579.7275567129066,1561.6735274933305,1577.208984375,4019
2022-04-18,1619.4372856092998,1619.4372856092998,1557.1599244603829,1590.0904541015625,6828
2022-04-19,1596.8789435597116,1596.8789435597116,1559.8681822900971,1566.584228515625,12235
2022-04-20,1566.5932058327348,1579.727556162621,1543.619497736047,1562.4227294921875,51682
2022-04-21,1557.1601905960313,1561.6736983948604,1534.5926516018858,1535.8203125,8832
2022-04-22,1536.3978754238183,1543.6104512291947,1534.592472514977,1535.0438232421875,5621
2022-04-25,1545.4250757545658,1575.2142273316106,1545.4250757545658,1564.1380615234375,33937
2022-04-26,1548.133001699047,1570.7005381669633,1539.1059871118807,1559.9764404296875,12182
2022-04-27,1567.08974903407,1579.7275695907965,1552.7638811392744,1560.55419921875,12460
2022-04-28,1567.9922976889225,1567.9922976889225,1533.6986810644105,1548.620361328125,16761
2022-04-29,1548.620361328125,1548.620361328125,1548.620361328125,1548.620361328125,0
2022-05-02,1548.620361328125,1548.620361328125,1548.620361328125,1548.620361328125,0
2022-05-03,1548.620361328125,1548.620361328125,1548.620361328125,1548.620361328125,0
2022-05-04,1548.620361328125,1548.620361328125,1548.620361328125,1548.620361328125,0
2022-05-05,1548.620361328125,1548.620361328125,1548.620361328125,1548.620361328125,0
2022-05-06,1568.8860477614976,1568.8860477614976,1456.0574049670056,1553.03466796875,3910
2022-05-09,1543.529226138003,1543.619474244086,1508.4141178139578,1523.9857177734375,11320
2022-05-10,1542.6084432049279,1542.6084432049279,1502.0951981172177,1519.4000244140625,54551
2022-05-11,1520.1402634480596,1520.1402634480596,1499.8475517156598,1519.1923828125,66443
2022-05-12,1531.8752802902147,1533.5994708636479,1499.4863487980015,1514.54345703125,515
2022-05-13,1527.3708473665758,1527.3708473665758,1513.8303256700638,1516.276611328125,10044
2022-05-16,1520.9617625048459,1520.9617625048459,1490.360159955935,1493.60986328125,3290
2022-05-17,1515.626708984845,1515.626708984845,1475.014179289735,1487.913818359375,28425
2022-05-18,1489.4574862365755,1489.4574862365755,1471.3944202698622,1478.76953125,14796
2022-05-19,1475.1136032747715,1481.3332301210553,1457.8629900338233,1462.3043212890625,27515
2022-05-20,1484.9441475817514,1484.9441475817514,1458.7658009070578,1467.26025390625,5939
2022-05-23,1480.2859234039286,1480.2859234039286,1429.2201505694886,1439.5289306640625,22793
2022-05-24,1457.8448749453403,1457.8448749453403,1428.0737966139486,1432.2081298828125,6613
2022-05-25,1428.073631937485,1475.9168067116232,1426.3675130478457,1456.04833984375,41902
2022-05-26,1444.4398292568005,1478.5348842812455,1421.854218944239,1466.6011962890625,12727
2022-05-27,1484.4924993199943,1506.5996484907753,1466.8898214624448,1472.6038818359375,21754
2022-05-30,1466.880720981726,1475.0050334809873,1428.0826329216961,1454.30615234375,22469
2022-05-31,1469.589055650288,1480.4305098457617,1451.5440608731615,1457.70947265625,22929
2022-06-01,1468.6050398507289,1515.4462322331983,1447.2290206104908,1490.305908203125,77637
2022-06-02,1513.8303855818485,1551.175141491074,1502.997967795932,1508.4412841796875,229020
2022-06-03,1524.6628854713476,1524.6628854713476,1467.8017248635595,1485.115478515625,44926
2022-06-06,1486.7583350468421,1506.5996954346465,1486.7402633868198,1490.0712890625,5665
2022-06-07,1507.4213072342434,1516.5385706501356,1489.5929520138027,1505.155517578125,32648
2022-06-08,1498.4936435145767,1502.9981155378907,1493.9710998289545,1495.1356201171875,5245
2022-06-09,1507.42116562377,1510.2195180657366,1498.4843992762242,1499.3328857421875,28271
2022-06-10,1506.5998171628776,1507.4213064089195,1502.9890110442589,1502.998046875,666
2022-06-13,1504.8032946166084,1506.6086974895736,1471.4935895717886,1483.6619873046875,21341
2022-06-14,1484.032137585496,1488.5546806337932,1466.8898459853935,1471.3311767578125,14785
2022-06-15,1480.5296640110096,1498.475373269879,1480.4123084146233,1489.7642822265625,155270
2022-06-16,1497.5817726000098,1501.183542731325,1487.6520562054345,1487.7603759765625,80107
2022-06-17,1487.642962987964,1528.273564319668,1487.642962987964,1525.5023193359375,132761
2022-06-20,1543.6103802303794,1545.4248188857532,1516.5383736729352,1517.95556640625,35507
2022-06-21,1529.1763430768958,1562.5762986222592,1518.3439250621836,1561.62841796875,134791
2022-06-22,1561.6734485474296,1575.1237216746838,1548.2231754201753,1556.46484375,23354
2022-06-23,1561.2221598413605,1568.8860863465604,1543.6194815430624,1561.547119140625,174744
2022-06-24,1560.7708892580197,1594.1708446672428,1516.5385158782378,1528.6888427734375,93341
2022-06-27,1534.5836534861976,1633.8898633321214,1534.5836534861976,1616.71142578125,79878
2022-06-28,1638.4033688837392,1638.4033688837392,1579.7277661413461,1597.3214111328125,48478
2022-06-29,1605.725467936488,1605.725467936488,1561.6735907783511,1566.268310546875,7697
2022-06-30,1588.5740643902293,1588.7545606039876,1557.2051888328494,1570.4658203125,14206
2022-07-01,1586.9491845149134,1606.8086168581033,1561.7728272894033,1576.85693359375,3959
2022-07-04,1576.5681582087027,1597.7816433034088,1563.5782704956289,1568.750732421875,3982
2022-07-05,1578.815833661365,1578.815833661365,1569.7978548002968,1570.7186279296875,391
2022-07-06,1575.2050774113272,1579.7276207295458,1561.6735907783511,1566.268310546875,5737
2022-07-07,1553.5582133712949,1566.150854376414,1553.5582133712949,1558.5230712890625,2633
2022-07-08,1558.5230712890625,1558.5230712890625,1558.5230712890625,1558.5230712890625,0
2022-07-11,1558.5230712890625,1558.5230712890625,1558.5230712890625,1558.5230712890625,0
2022-07-12,1558.5230712890625,1558.5230712890625,1558.5230712890625,1558.5230712890625,0
2022-07-13,1560.770949876294,1588.7546973870894,1554.45203914805,1570.4207763671875,15236
2022-07-14,1587.8520432325652,1602.2952681852207,1575.2142213989916,1598.0435791015625,16260
2022-07-15,1605.9059173508151,1605.9059173508151,1576.125804629776,1581.171875,20568
2022-07-18,1579.7367260985782,1579.7367260985782,1561.673659521843,1570.0958251953125,8996
2022-07-19,1562.5762387645698,1574.3113578309703,1549.938418231523,1554.081787109375,23140
2022-07-20,1568.8049177294013,1568.8049177294013,1534.5925097383881,1547.8802490234375,33706
2022-07-21,1557.1600195345814,1558.9563866257308,1534.5924830195875,1535.0076904296875,1416
2022-07-22,1534.5925747860083,1543.6105541012182,1521.0520520673083,1525.5384521484375,41843
2022-07-25,1521.0520141783154,1557.1600738620737,1512.936736579835,1546.8963623046875,9891
2022-07-26,1541.8050958363608,1549.938445006791,1519.246594610617,1538.3116455078125,46046
2022-07-27,1543.610560228934,1550.841208204868,1530.0971449483602,1535.684814453125,55873
2022-07-28,1538.2033813908247,1545.5152416229093,1525.5655601822145,1534.4752197265625,68536
2022-07-29,1530.981610778477,1552.6464448932668,1525.5654022497797,1530.873291015625,45967
2022-08-01,1525.7459198806641,1548.1329595241798,1525.7459198806641,1530.205322265625,7851
2022-08-02,1530.9815805145847,1540.4509094229609,1526.4680734965582,1530.9364013671875,6077
2022-08-03,1530.9365153169433,1561.673544474721,1530.9365153169433,1538.040771484375,31440
2022-08-04,1543.6015000522802,1588.7546469095414,1521.9547356190267,1534.8363037109375,82468
2022-08-05,1534.5924344212503,1539.060762432494,1509.3167943249002,1522.5052490234375,67527
2022-08-08,1522.5052490234375,1522.5052490234375,1522.5052490234375,1522.5052490234375,0
2022-08-09,1522.5052490234375,1522.5052490234375,1522.5052490234375,1522.5052490234375,0
2022-08-10,1523.7601809228295,1532.7871962126565,1516.5385686909676,1516.8544921875,39339
2022-08-11,1525.475319157699,1530.0790748664735,1511.3299466839758,1514.751220703125,33253
2022-08-12,1524.6627337435311,1530.0789423891565,1516.538420775093,1525.24951171875,28237
2022-08-15,1525.5654791074433,1541.6786782534887,1525.5654791074433,1534.6737060546875,61527
2022-08-16,1525.6647945088264,1534.5925254240183,1521.052003140865,1522.91162109375,21913
2022-08-17,1530.069993119543,1539.1060438699656,1521.061049860213,1525.628662109375,20558
2022-08-18,1534.58356495255,1534.5926007832934,1521.9638151958213,1530.701904296875,15692
2022-08-19,1534.4930773440074,1534.5471821269653,1525.5382398957865,1528.8602294921875,18260
2022-08-22,1522.053910104096,1533.8702410866692,1521.051924729962,1531.4058837890625,12158
2022-08-23,1530.972694294723,1561.6645450165702,1530.972694294723,1552.447998046875,55123
2022-08-24,1548.1329878757388,1554.4518980303337,1545.4248835237697,1552.3125,42345
2022-08-25,1551.7438083676905,1552.646509826892,1529.1762718876485,1534.7188720703125,53614
2022-08-26,1532.7872436304194,1539.1061545287782,1525.5656311751525,1527.8314208984375,63894
2022-08-29,1515.455387048585,1535.4953171278805,1515.455387048585,1531.920654296875,5059
2022-08-30,1535.4862278638311,1539.106069723023,1525.565547115489,1528.0389404296875,12159
2022-08-31,1527.3799578651954,1537.3006384310531,1519.2466086197664,1523.8143310546875,10484
2022-09-01,1534.574321342929,1547.2302127090438,1526.4680803331348,1539.8551025390625,33558
2022-09-02,1539.0969855781477,1539.0969855781477,1530.0790066200614,1530.62060546875,16879
2022-09-05,1526.4772864692986,1534.5835283834933,1521.9728147580208,1525.5745849609375,56512
2022-09-06,1525.5655373679667,1526.468238869368,1512.0250148469493,1515.744140625,10292
2022-09-07,1533.689813147235,1533.689813147235,1512.0249776466267,1516.46630859375,24654
2022-09-08,1515.635748312547,1521.0519570617284,1512.0249424797596,1516.2496337890625,52791
2022-09-09,1515.6358045027407,1519.246610469394,1512.7472038066392,1514.8685302734375,24460
2022-09-12,1516.5293790602032,1521.051922077194,1512.0158718730304,1517.2606201171875,6178
2022-09-13,1515.6357852473002,1518.343889687885,1513.8303822869102,1514.2998046875,5903
2022-09-14,1515.6357245545607,1534.0508560517248,1512.0249187783736,1525.2314453125,12888
2022-09-15,1522.8573935847692,1527.3709009753584,1512.0249758473553,1513.6768798828125,24237
2022-09-16,1524.662706773675,1524.662706773675,1489.45735119986,1508.052978515625,31794
2022-09-19,1508.4142271125256,1516.5385407235447,1502.998018038513,1514.1553955078125,15284
2022-09-20,1472.948324132187,1491.0677341285527,1463.8750094939894,1469.9208984375,15394
2022-09-21,1472.9392811777932,1486.5356437732805,1445.7465559868185,1470.83642578125,8585
2022-09-22,1472.9301568083135,1472.9392299015267,1453.9043229304916,1464.3916015625,6791
2022-09-23,1468.4070749802402,1472.0327714616728,1443.0271996102113,1460.6571044921875,8774
2022-09-26,1459.3338886119943,1468.407203703964,1445.7465987085322,1457.430419921875,7781
2022-09-27,1454.8106955986327,1463.8749366927052,1445.7464545045602,1446.07275390625,46196
2022-09-28,1450.278569445831,1451.1849935517346,1404.9573641506486,1414.266357421875,17818
2022-09-29,1414.26658388594,1418.5539528897975,1395.0413609284137,1396.6185302734375,74332
2022-09-30,1395.8931560870476,1459.3428450000952,1391.3610354504015,1418.381591796875,68747
2022-10-03,1414.030824952248,1431.234738562928,1411.31155235252,1422.0980224609375,12164
2022-10-04,1423.0767462135223,1427.6179397498577,1404.957337531606,1406.6795654296875,36986
2022-10-05,1408.5831849384128,1463.8750602802684,1408.5831849384128,1449.6260986328125,37317
2022-10-06,1450.2787149988824,1477.462367811344,1441.2144730301395,1463.9656982421875,42003
2022-10-07,1463.8750443090044,1469.3135893652607,1452.1912234021158,1454.294189453125,4283
2022-10-10,1452.998068037116,1463.8751590018353,1452.998068037116,1458.1466064453125,4706
2022-10-11,1460.2401131361714,1466.1409427218914,1432.1500398767162,1437.86962890625,15458
2022-10-12,1438.4952457362592,1466.594396724176,1438.4952457362592,1454.14013671875,33925
2022-10-13,1454.8107846610833,1458.4364813206748,1450.2877369300415,1452.4813232421875,2687
2022-10-14,1464.7815494018612,1470.220094758551,1454.810882914596,1460.485107421875,12635
2022-10-17,1455.717264422946,1465.6879306176238,1450.278719225849,1460.3309326171875,23040
2022-10-18,1465.6879122846603,1476.5650025428026,1459.7961550615,1472.0782470703125,33699
2022-10-19,1472.93931222338,1520.0733702145283,1472.93931222338,1513.2933349609375,64524
2022-10-20,1522.7925042211577,1522.7925042211577,1503.7575979183932,1504.537109375,9218
2022-10-21,1510.1025836134042,1540.014579567331,1507.3742381609602,1525.9559326171875,53117
2022-10-24,1540.014600287048,1566.3009001153732,1536.3889037590031,1550.1937255859375,78111
2022-10-25,1545.462151377841,1554.5173192134735,1540.9209578209359,1548.9337158203125,26644
2022-10-26,1543.6401109241303,1543.6401109241303,1520.0730863298688,1522.7923583984375,45244
2022-10-27,1523.6990303616253,1540.0146654279604,1518.2604853395137,1522.5750732421875,33565
2022-10-28,1522.575084153584,1522.7926171042288,1518.26049621999,1518.3692626953125,29325
2022-10-31,1518.2603652664966,1531.856726746495,1517.3993066317526,1525.36669921875,12302
2022-11-01,1522.7926007133483,1536.3889632197174,1518.3511001651048,1522.9013671875,92775
2022-11-02,1519.1669665749241,1531.8478323426855,1518.2605423705238,1527.2794189453125,96106
2022-11-03,1528.2312036947444,1534.5671000112884,1519.1669616799475,1527.74169921875,9928
2022-11-04,1524.4331362814883,1527.3245759881518,1521.886031503921,1524.9678955078125,6464
2022-11-07,1525.5118164741966,1530.0439371410837,1522.7925440740644,1527.3065185546875,16064
2022-11-08,1527.3246726963928,1531.8567933868865,1522.8831722902135,1526.49072265625,18265
2022-11-09,1526.49072265625,1526.49072265625,1526.49072265625,1526.49072265625,0
2022-11-10,1527.324785611163,1531.7662863457015,1520.073391970279,1523.9981689453125,13599
2022-11-11,1523.9980608780052,1531.8567980121418,1520.0732841812792,1522.991943359375,50110
2022-11-14,1519.1668612825756,1525.5118302736128,1518.287656420641,1522.7471923828125,8312
2022-11-15,1521.8861989589993,1522.7926231394395,1513.728381335038,1514.625732421875,3406
2022-11-16,1514.6348152262935,1519.166936157551,1513.728391040042,1514.2178955078125,8109
2022-11-17,1521.8859948794736,1521.8859948794736,1514.6346024083387,1517.7889404296875,7182
2022-11-18,1516.4475954192526,1518.224151337237,1512.3686867645088,1512.6859130859375,3443
2022-11-21,1511.9155167788776,1513.728365120339,1508.2898200959546,1509.6676025390625,5361
2022-11-22,1512.8220595979483,1512.8220595979483,1508.289938388847,1509.88525390625,25125
2022-11-23,1510.1025990469104,1518.2604162086284,1509.1871018247418,1514.8341064453125,26862
2022-11-24,1515.541074967307,1518.2603472310043,1512.8218027036096,1513.682861328125,23268
2022-11-25,1521.8862347445813,1521.8862347445813,1513.6830514597154,1518.25146484375,21514
2022-11-28,1512.8218991641156,1512.8218991641156,1485.6291747932805,1493.8414306640625,29138
2022-11-29,1495.5998332672339,1506.467849870511,1495.5998332672339,1503.7667236328125,25409
2022-11-30,1505.5706491852623,1518.2605884318568,1503.7668738155812,1513.900634765625,49322
2022-12-01,1513.728466403018,1522.7836356226956,1513.728466403018,1517.8345947265625,7716
2022-12-02,1518.2603669317632,1522.7924874300668,1507.383277735834,1508.9332275390625,20473
2022-12-05,1510.1026739186325,1511.0090980926532,1505.5705530485286,1509.34130859375,4997
2022-12-06,1505.57057435087,1510.1026952850991,1498.3191808561037,1504.346923828125,28475
2022-12-07,1508.2897571611718,1512.8218778257187,1502.860285456843,1511.2265625,25250
2022-12-08,1511.906555000725,1513.7284765698325,1500.2318063962507,1504.247314453125,28309
2022-12-09,1505.5704537995648,1520.979663742125,1504.247109999925,1514.1090087890625,69750
2022-12-12,1513.7283550134812,1517.354051672196,1513.7283550134812,1517.0458984375,6068
2022-12-13,1518.26035759684,1522.7924780672786,1518.26035759684,1522.7652587890625,16254
2022-12-14,1522.7926336047303,1522.7926336047303,1514.634815924705,1517.390380859375,6368
2022-12-15,1519.166815333931,1519.166815333931,1492.4000846873612,1494.2310791015625,91823
2022-12-16,1495.5998743669863,1522.792599355477,1495.5998743669863,1497.575927734375,11203
2022-12-19,1500.13194200215,1500.13194200215,1484.7227317217653,1485.3028564453125,33623
2022-12-20,1485.6292104836916,1485.6292104836916,1459.3429096270552,1461.8900146484375,32716
2022-12-21,1462.0621004767377,1469.3134934115262,1438.495073438675,1441.6221923828125,45925
2022-12-22,1483.8979062927974,1483.8979062927974,1419.5417905346776,1422.596435546875,15336
2022-12-23,1423.0859542380626,1425.8052267620844,1395.8932289978447,1399.5733642578125,64119
2022-12-26,1404.9575139903973,1410.8492713071312,1394.9868477620785,1408.8370361328125,26714
2022-12-27,1404.957351919397,1413.1151688015098,1394.9866868412594,1398.8389892578125,9064
2022-12-28,1398.8390578750764,1398.8390578750764,1373.232575850148,1379.976318359375,44512
2022-12-29,1380.4839925947956,1382.296840910744,1371.419751015053,1375.0091552734375,17283
2022-12-30,1374.1390472871756,1428.5244977075122,1368.6914291516066,1402.201904296875,23853
2023-01-02,1404.866903043169,1424.8988559237964,1399.5189780829146,1420.439208984375,66673
2023-01-03,1421.182304423419,1421.182304423419,1404.9572916356813,1409.7794189453125,21816
2023-01-04,1409.7796918635263,1414.0218059663207,1404.9575636203826,1407.9034423828125,12438
2023-01-05,1409.2629516454617,1412.2088301422284,1400.4253161551621,1408.3656005859375,8951
2023-01-06,1405.8638609229224,1409.888331050364,1378.6802094335999,1385.315185546875,14464
2023-01-09,1386.8288864908925,1389.5481588173452,1344.9612100153963,1361.79345703125,32305
2023-01-10,1361.793464188029,1375.82489176267,1361.793464188029,1370.712646484375,46343
2023-01-11,1370.649329072468,1390.7628282686996,1370.649329072468,1377.58349609375,57489
2023-01-12,1365.0748082158123,1386.8289884264227,1359.6362631631596,1367.168701171875,23852
2023-01-13,1364.1592851131977,1367.1686752812655,1355.1041166238108,1362.1016845703125,104613
2023-01-16,1359.6362562806771,1359.6362562806771,1342.4141970344551,1348.1065673828125,28923
2023-01-17,1346.0397200588004,1348.7589922205352,1278.0579160154266,1299.6851806640625,75536
2023-01-18,1300.7187605576157,1314.3151239083923,1287.1223972068392,1293.3404541015625,57609
2023-01-19,1296.1863735077811,1313.4084302187237,1260.8358360484779,1278.7286376953125,54394
2023-01-20,1278.04897412248,1278.04897412248,1257.210291835633,1259.6575927734375,75540
2023-01-23,1259.9295793252368,1268.993820903116,1255.3974585362969,1264.8604736328125,56043
2023-01-24,1264.461649474241,1268.9937700816756,1260.8359529882935,1263.1383056640625,10320
2023-01-25,1264.407036068006,1296.1863144835372,1264.407036068006,1287.04052734375,69567
2023-01-26,1287.1855121470703,1314.5323647219939,1264.461510601996,1303.3017578125,317322
2023-01-27,1305.2507406216753,1332.4434643846269,1304.3443164962434,1314.44189453125,152183
2023-01-30,1306.3838356725532,1350.5629408888763,1306.3838356725532,1331.3739013671875,74908
2023-01-31,1332.4436179416355,1383.6565869305487,1331.5371937117432,1376.287353515625,264865
2023-02-01,1377.764792597952,1391.3520825889448,1360.5608788781885,1369.3531494140625,184574
2023-02-02,1322.9660556297235,1339.398328777782,1297.1725836170044,1326.944091796875,68075
2023-02-03,1327.537041452323,1334.8362141888306,1322.0626618999422,1331.7979736328125,23857
2023-02-06,1337.527573065602,1386.833514402723,1322.974893784581,1372.107421875,47028
2023-02-07,1386.8428006128156,1412.3899048346307,1379.5436279780115,1394.351806640625,67850
2023-02-08,1391.4046888727582,1421.5137739434474,1391.395555997463,1400.565185546875,77111
2023-02-09,1413.302277434368,1413.302277434368,1373.1568286240956,1392.581787109375,14982
2023-02-10,1391.4048216598528,1393.138397483458,1350.3469744633326,1360.501953125,34820
2023-02-13,1350.3469183509765,1368.5948496800436,1346.697332085163,1350.1370849609375,12513
2023-02-14,1350.3468810202548,1360.3832429737838,1322.974984783358,1334.5076904296875,27925
2023-02-15,1336.6609860250735,1368.5948662372766,1323.4312356514465,1361.1041259765625,61460
2023-02-16,1368.5949703675717,1368.5949703675717,1345.8033199479642,1350.4473876953125,20667
2023-02-17,1341.3141041071851,1350.4472021983759,1336.761254374597,1339.4072265625,16106
2023-02-20,1341.222903207307,1350.3377356597973,1332.098937879366,1340.0367431640625,39827
2023-02-21,1333.9238086698974,1349.4254177551927,1332.108148373965,1336.606201171875,2495
2023-02-22,1336.6518970106176,1336.6610298868152,1318.4130977381897,1327.929443359375,15188
2023-02-23,1332.0987804675708,1332.0987804675708,1315.6756448179706,1322.390869140625,12920
2023-02-24,1313.8601827460097,1327.5369983064115,1313.8601827460097,1318.4951171875,8787
2023-02-27,1314.7634801292943,1315.6576109631267,1307.9205057358386,1314.216064453125,2744
2023-02-28,1313.8509427845854,1321.1409818139418,1308.3765638563164,1313.4859619140625,55356
2023-03-01,1306.551803361484,1315.6666355935276,1304.7270103400294,1314.325439453125,94261
2023-03-02,1313.8509605818797,1349.425291222513,1312.0261675810716,1341.20458984375,128337
2023-03-03,1341.2045685434853,1382.2806761595734,1340.2647734326283,1373.403076171875,69677
2023-03-06,1362.6642943584045,1386.84280376617,1354.9271891681653,1359.6077880859375,37581
2023-03-07,1359.4708254747325,1370.4195838007035,1345.7848775672687,1352.1807861328125,10964
2023-03-08,1357.646178059551,1357.646178059551,1341.2230388088306,1346.606201171875,15609
2023-03-09,1345.7849888936728,1368.5949039596674,1345.7849888936728,1362.983642578125,61136
2023-03-10,1364.0328478741974,1381.5235299053666,1359.4708651053872,1364.4525146484375,21224
2023-03-13,1364.0328992306547,1386.8336810575042,1364.0328992306547,1377.655029296875,27132
2023-03-14,1362.2537049544922,1383.6493593667215,1362.2537049544922,1381.0946044921875,10201
2023-03-15,1368.6040883508858,1391.4048713989657,1368.6040883508858,1389.580078125,15183
2023-03-16,1391.4047505678948,1391.4047505678948,1370.4196297396577,1373.293701171875,6805
2023-03-17,1377.718718404322,1377.718718404322,1359.461655484087,1362.7645263671875,6102
2023-03-20,1359.4709053800793,1364.0328882840395,1354.9089224761194,1355.2647705078125,4278
2023-03-21,1342.1444430047757,1368.5948097850999,1342.1444430047757,1367.9561767578125,4423
2023-03-22,1368.5948004612696,1368.5948004612696,1359.4708351248612,1362.00732421875,11375
2023-03-23,1362.00732421875,1362.00732421875,1362.00732421875,1362.00732421875,0
2023-03-24,1362.2081209934681,1368.5857643042052,1359.4709311991076,1364.0146484375,14698
2023-03-27,1364.032975245997,1386.8428912200104,1360.383388690155,1379.343017578125,54186
2023-03-28,1385.930419881581,1417.22566746178,1373.156867624608,1382.052734375,47453
2023-03-29,1377.7188193141103,1413.302285508316,1376.350224460487,1379.972412109375,38181
2023-03-30,1377.718831307897,1386.7515796957525,1368.412430772855,1371.3958740234375,22157
2023-03-31,1382.6458690373436,1412.7275590601373,1369.5073353502805,1380.7298583984375,48573
2023-04-03,1382.2807734906944,1385.9303596913298,1379.5435838402177,1380.1640625,2755
2023-04-04,1384.242393853354,1384.242393853354,1364.9451853018888,1368.613037109375,7304
2023-04-05,1376.806344679659,1376.806344679659,1368.594776023518,1373.94140625,14134
2023-04-06,1373.15687850394,1388.220555230741,1373.15687850394,1386.35009765625,37600
2023-04-07,1386.8427354101784,1386.8427354101784,1373.1567873633676,1374.625732421875,9547
2023-04-10,1388.6676559957796,1388.6676559957796,1368.5949303506368,1376.0765380859375,9942
2023-04-11,1377.718816321025,1378.5399955067219,1375.894023186825,1377.2808837890625,8346
2023-04-12,1375.8940275394739,1376.8064241094603,1366.3138635546168,1369.27001953125,29580
2023-04-13,1376.8063842543409,1383.1931600593643,1369.5072119057427,1371.167724609375,11920
2023-04-14,1371.167724609375,1371.167724609375,1371.167724609375,1371.167724609375,0
2023-04-17,1374.9816487235744,1377.7188384688768,1367.6824760694346,1368.65869140625,30978
2023-04-18,1368.8229512604603,1376.806421231151,1368.5948521184405,1370.4561767578125,17685
2023-04-19,1374.981612749432,1381.3683886547049,1368.5948368441593,1380.173095703125,12157
2023-04-20,1380.173089822263,1383.1931758767664,1373.1568137826737,1378.667724609375,5363
2023-04-21,1378.667724609375,1378.667724609375,1378.667724609375,1378.667724609375,0
2023-04-24,1378.667724609375,1378.667724609375,1378.667724609375,1378.667724609375,0
2023-04-25,1378.667724609375,1378.667724609375,1378.667724609375,1378.667724609375,0
2023-04-26,1382.2806566807064,1405.0905685071207,1376.806277842367,1386.787841796875,31926
2023-04-27,1391.4047338044845,1437.0245611423366,1383.1931648836712,1431.9698486328125,64243
2023-04-28,1441.5866683793845,1534.5599067989076,1420.6015459915834,1450.5828857421875,278250
2023-05-01,1450.5828857421875,1450.5828857421875,1450.5828857421875,1450.5828857421875,0
2023-05-02,1450.7103811395855,1468.958310462096,1432.4624518170751,1452.7998046875,20165
2023-05-03,1458.0097095122096,1464.3873525854976,1447.973347306556,1459.2779541015625,37702
2023-05-04,1458.9221870528806,1459.834583667673,1437.7089657589597,1441.732666015625,23985
2023-05-05,1442.4988694422061,1447.0608519515108,1432.4625079217353,1436.5408935546875,8105
2023-05-08,1441.5865057348374,1444.3236953026883,1423.3385752824977,1423.6304931640625,13585
2023-05-09,1424.2510905910437,1428.813073584609,1414.2147280052004,1414.889892578125,13213
2023-05-10,1414.2146492314532,1414.2146492314532,1401.4410975609755,1402.8096923828125,21999
2023-05-11,1405.0908269108954,1423.33875972792,1403.2660336291929,1417.8643798828125,15264
2023-05-12,1423.3385588702224,1423.3385588702224,1404.1782321162002,1410.1270751953125,18624
2023-05-15,1405.099907184866,1409.6527573421456,1398.7039980618183,1407.1893310546875,19844
2023-05-16,1414.2146579205591,1414.2146579205591,1385.0179682086507,1390.6656494140625,61527
2023-05-17,1392.3170906883315,1395.9666767713938,1382.2807289599098,1384.0234375,10449
2023-05-18,1382.280837691584,1399.6163729497625,1377.7188547289056,1379.625732421875,26841
2023-05-19,1375.8940490330344,1387.299006336027,1375.8940490330344,1386.03076171875,26821
2023-05-22,1375.8939065255697,1391.3955139761038,1375.8939065255697,1386.48681640625,26042
2023-05-23,1385.9304507033555,1387.7552439235046,1381.3684676529822,1384.9632568359375,13695
2023-05-24,1386.8426902796743,1388.6674832932001,1380.4650476075235,1382.7734375,13541
2023-05-25,1383.1931806736657,1384.0873114794497,1379.5435944449753,1382.2899169921875,17165
2023-05-26,1374.087562042635,1384.105659012074,1372.2445030680021,1372.96533203125,29890
2023-05-29,1374.0692684714288,1445.8292827555529,1373.1568718788183,1395.136474609375,65576
2023-05-30,1395.9666937532543,1427.900572368525,1387.7551249664705,1411.7420654296875,86320
2023-05-31,1427.9004511830126,1449.7979660893336,1400.5285575501114,1404.971923828125,195463
2023-06-01,1405.0905338355226,1409.6525160882354,1386.8882691978067,1399.17822265625,9577
2023-06-02,1393.220362864393,1400.5286679505964,1386.9613360588007,1389.5069580078125,15869
2023-06-05,1389.5798485378418,1428.8128974460014,1389.5798485378418,1418.019287109375,38956
2023-06-06,1426.0759007639829,1441.5866431267389,1418.046766049117,1422.444580078125,44815
2023-06-07,1427.8914834951968,1449.7981338104732,1418.776650771105,1441.3858642578125,81956
2023-06-08,1446.148427432962,1459.9255920688483,1433.3748766543745,1443.6119384765625,185664
2023-06-09,1450.710459322947,1499.0674746337118,1405.0906335580744,1413.749267578125,296290
2023-06-12,1414.2145409522118,1423.3385057325488,1400.5285937817066,1405.090576171875,64782
2023-06-13,1409.6525352120257,1423.3384821558318,1401.4409670457421,1407.1982421875,79370
2023-06-14,1412.1619494802526,1412.7550295925266,1398.7040985645144,1399.8902587890625,9915
2023-06-15,1396.8791220298538,1409.6526737662468,1389.5799496090576,1403.9501953125,26615
2023-06-16,1393.2296213079474,1414.214743305382,1393.2296213079474,1406.003173828125,21817
2023-06-19,1400.6199760432812,1409.6527245145066,1359.4709123149612,1365.8668212890625,68832
2023-06-20,1359.4708471222962,1384.1055537480022,1350.346881705368,1372.3538818359375,24625
2023-06-21,1373.1568653229483,1391.4047970880374,1363.1205028521492,1367.3175048828125,21966
2023-06-22,1368.594807752927,1372.2443939069346,1352.6278683291428,1363.1478271484375,18241
2023-06-23,1359.470864125837,1395.0543296969158,1354.908881360314,1385.492431640625,39633
2023-06-26,1395.966815452405,1407.7276211386234,1391.404832395371,1400.574462890625,36452
2023-06-27,1404.1782362426097,1404.1782362426097,1373.156754740174,1381.9522705078125,37177
2023-06-28,1381.9522705078125,1381.9522705078125,1381.9522705078125,1381.9522705078125,0
2023-06-29,1381.9522705078125,1381.9522705078125,1381.9522705078125,1381.9522705078125,0
2023-06-30,1381.9522705078125,1381.9522705078125,1381.9522705078125,1381.9522705078125,0
2023-07-03,1485.6004850717875,1485.6004850717875,1423.4297734926263,1442.6448974609375,96367
2023-07-04,1449.3420191871137,1449.7982174934364,1406.094397472417,1410.5560302734375,54355
2023-07-05,1410.5649669394559,1421.5137247682226,1397.10711877493,1398.685546875,31994
2023-07-06,1400.528718414131,1419.415282639526,1388.6675631441742,1414.2420654296875,110380
2023-07-07,1414.214691868832,1418.7584089940747,1400.5287432378434,1405.3096923828125,68900
2023-07-10,1409.6526064771442,1418.6853541920118,1403.858910920003,1404.7987060546875,46768
2023-07-11,1405.1090356656114,1441.5866340668804,1404.1783733094487,1432.0064697265625,104687
2023-07-12,1433.37490993704,1450.7013106639035,1423.3476812531403,1432.0428466796875,119691
2023-07-13,1453.4476380580675,1453.4476380580675,1409.6526056495381,1414.6251220703125,111813
2023-07-14,1418.7766580858624,1424.7072357563177,1412.6636456530834,1414.1417236328125,29974
2023-07-17,1414.2146576114044,1418.7766403778928,1405.0906920784275,1408.293212890625,34144
2023-07-18,1403.2659414135737,1414.2147003842908,1403.2659414135737,1405.2093505859375,19235
2023-07-19,1406.0032007761158,1414.07788864154,1395.1001056451785,1396.7059326171875,30301
2023-07-20,1400.5286065404537,1413.293024474306,1396.970237968401,1409.0230712890625,20661
2023-07-21,1406.0031207937925,1416.9518796838156,1405.090724219624,1410.8388671875,54472
2023-07-24,1410.8388801880249,1417.4080910319585,1405.1545559222857,1406.6053466796875,23895
2023-07-25,1406.9154087074894,1425.0721214064517,1400.52863318158,1407.9007568359375,49259
2023-07-26,1413.3023848379635,1414.2147814711707,1403.2660218726842,1406.176513671875,35155
2023-07-27,1406.176513671875,1406.176513671875,1406.176513671875,1406.176513671875,0
2023-07-28,1406.176513671875,1406.176513671875,1406.176513671875,1406.176513671875,0
2023-07-31,1441.5592314835292,1492.680839786792,1426.9882844905517,1466.75048828125,155297
2023-08-01,1468.9584198698649,1513.6658500398173,1468.9584198698649,1495.6551513671875,145010
2023-08-02,1506.3665385766,1531.9136391702673,1496.3301776290878,1513.0179443359375,90194
2023-08-03,1513.2095771083425,1530.8188738978374,1505.4542069513204,1513.8209228515625,67400
2023-08-04,1510.016169751727,1510.9285662289183,1495.4178261166649,1496.33935546875,47855
2023-08-07,1505.4450618262185,1583.9202921219442,1504.6330155923786,1556.2108154296875,112702
2023-08-08,1552.1235150044424,1577.5337383115384,1532.8263044322641,1534.9521484375,67416
2023-08-09,1473.5204244770857,1487.2063726920433,1432.4808455834118,1464.697509765625,286947
2023-08-10,1447.0424979114957,1500.1987237767687,1447.0424979114957,1467.4163818359375,97988
2023-08-11,1468.0551729930503,1510.9286777094787,1468.0551729930503,1492.872314453125,265194
2023-08-14,1492.872314453125,1492.872314453125,1492.872314453125,1492.872314453125,0
2023-08-15,1495.390434107259,1509.1037799504754,1482.6534148698088,1495.308349609375,18248
2023-08-16,1505.3539162870802,1505.3539162870802,1480.819560359926,1482.2064208984375,185757
2023-08-17,1479.5696655236075,1487.2064204175615,1475.8105960816627,1485.034912109375,26441
2023-08-18,1485.3815660644857,1495.417927997354,1478.0823937496725,1478.80322265625,9117
2023-08-21,1478.0824020113207,1495.4179363558978,1459.834471122292,1462.781494140625,10684
2023-08-22,1468.9583572617378,1496.3302521175467,1459.8343923098016,1484.6151123046875,35474
2023-08-23,1490.8561042913127,1496.330484111232,1478.091684254658,1493.5567626953125,16538
2023-08-24,1493.556498073271,1519.14013087272,1488.1186507227665,1510.7642822265625,205855
2023-08-25,1505.454261242417,1523.7021916817191,1503.6294681984868,1515.499755859375,211022
2023-08-28,1516.4669277905305,1521.0471764214622,1510.0163330050605,1514.660400390625,26574
2023-08-29,1519.1402241131977,1523.7022067681924,1488.1187420592346,1496.7408447265625,38488
2023-08-30,1487.5075029388042,1500.8924011037757,1468.9585202292271,1477.6536865234375,31051
2023-08-31,1464.4146618221853,1489.3230196771162,1423.4754349428288,1455.8289794921875,62940
2023-09-01,1458.009628108836,1478.1644359002069,1450.7104560031596,1473.7210693359375,13405
2023-09-04,1480.1078695171743,1486.7410100986472,1473.5203933127314,1478.53857421875,14260
2023-09-05,1484.4691671687551,1486.2939602445617,1471.7047485136095,1475.7010498046875,12891
2023-09-06,1478.0824617415415,1491.7684104613706,1469.2595467046056,1482.2977294921875,18020
2023-09-07,1491.768379217326,1491.768379217326,1473.5204479730771,1475.509521484375,14740
2023-09-08,1468.9585371236026,1482.6444862272385,1465.3727694527727,1469.6976318359375,61148
2023-09-11,1473.5297006901806,1479.907344268613,1462.5718081766872,1471.531494140625,23942
2023-09-12,1478.0824361598009,1478.0824361598009,1449.8255412556819,1452.0426025390625,18178
2023-09-13,1432.4625894021988,1460.746882568739,1432.4625894021988,1448.3109130859375,64826
2023-09-14,1450.7105361884517,1458.0097086975761,1446.1485533702491,1449.35107421875,7739
2023-09-15,1459.8344764083656,1467.1336487904075,1446.1485281920372,1450.528076171875,63234
2023-09-18,1429.1316701988374,1429.1316701988374,1410.855319533038,1420.3370361328125,19044
2023-09-19,1419.9706379944134,1447.362352022339,1419.9706379944134,1427.180419921875,54532
2023-09-20,1427.4093050386766,1433.7121462955847,1416.727431153923,1419.2283935546875,7801
2023-09-21,1424.55114979849,1430.0478101835647,1405.3220084977584,1423.332763671875,21557
2023-09-22,1428.6737212368166,1428.6737212368166,1417.22234482421,1425.3665771484375,15562
2023-09-25,1424.5511700984118,1429.1133803902608,1415.3900693260748,1423.8182373046875,19437
2023-09-26,1424.4596561976832,1424.5512448442435,1414.0159784032733,1416.104736328125,13241
2023-09-27,1414.473875237802,1433.7121857170728,1413.5577652149798,1425.018310546875,68164
2023-09-28,1425.018310546875,1425.018310546875,1425.018310546875,1425.018310546875,0
2023-09-29,1425.018310546875,1425.018310546875,1425.018310546875,1425.018310546875,0
2023-10-02,1429.131636116418,1435.5444062784786,1423.451798704813,1429.1041259765625,44102
2023-10-03,1429.1317529678242,1430.0478630658806,1419.9706519872614,1422.297607421875,13629
2023-10-04,1419.979826062594,1426.3834267197844,1406.2930830072887,1410.0308837890625,12865
2023-10-05,1410.855418903004,1419.0545596512968,1400.7323574608347,1402.41796875,21477
2023-10-06,1405.3129098906059,1405.3129098906059,1393.4950670959604,1400.4117431640625,9473
2023-10-09,1401.6667521623826,1406.2289624343784,1392.4873113356712,1396.4998779296875,17837
2023-10-10,1401.6484271419076,1402.564537225007,1388.4747596737461,1400.5765380859375,35779
2023-10-11,1401.6484316057492,1425.458123794939,1401.6484316057492,1411.8355712890625,39136
2023-10-12,1410.8094655951159,1421.8027861062465,1410.0124543312525,1416.9656982421875,26725
2023-10-13,1419.9614190790567,1452.034441138542,1418.1291989640554,1447.5089111328125,57044
2023-10-16,1452.0344888554303,1465.7761401695195,1443.0108268584806,1452.20849609375,18172
2023-10-17,1452.061979781989,1452.4833546311615,1433.7122681309022,1436.5888671875,20091
2023-10-18,1436.5888899394952,1449.2861623672015,1429.1317403873795,1438.8699951171875,17530
2023-10-19,1447.4355757398855,1456.5050878316501,1436.9369900852712,1445.5576171875,51787
2023-10-20,1447.4539582588075,1449.286178459135,1441.0411875576608,1446.464599609375,61421
2023-10-23,1449.011180523407,1463.027708625391,1443.9360070337045,1451.842041015625,41929
2023-10-24,1443.7895445414122,1461.1956367662135,1443.7895445414122,1453.9766845703125,36955
2023-10-25,1461.012415044946,1484.0983445617462,1415.380917821793,1423.8824462890625,231956
2023-10-26,1426.3834229521246,1432.7961936397708,1415.390101773303,1415.985595703125,99196
2023-10-27,1419.9614385465095,1424.441230208686,1408.0611776828125,1411.5606689453125,105772
2023-10-30,1414.0158234491694,1421.8027586609076,1407.1449982623417,1419.0635986328125,29104
2023-10-31,1424.4596057711622,1447.4539467362565,1419.9798139974414,1440.802978515625,64841
2023-11-01,1441.041236139113,1456.6151083669356,1418.1384828629032,1455.469970703125,34322
2023-11-02,1442.9101519342846,1483.1823179378284,1440.5831963911273,1481.35009765625,103005
2023-11-03,1481.3501134937408,1504.2528672583317,1474.9373424396554,1500.918212890625,67325
2023-11-06,1506.4881020183407,1517.9944990327288,1488.6789746096465,1512.690185546875,51750
2023-11-07,1511.581634012149,1530.8199457177582,1501.5044231187346,1502.9244384765625,63635
2023-11-08,1502.8784942655939,1534.4842900913561,1502.4204392536262,1511.2242431640625,266746
2023-11-09,1511.2242431640625,1511.2242431640625,1511.2242431640625,1511.2242431640625,0
2023-11-10,1502.4206518706746,1538.1489478602823,1502.4206518706746,1521.640625,188577
2023-11-13,1529.9037622497647,1552.8065131816472,1520.7426618770116,1534.1636962890625,47077
2023-11-14,1546.4031049404346,1546.4031049404346,1521.6589608154638,1538.781005859375,29949
2023-11-15,1538.1488075549426,1543.6454679750316,1529.9038169248088,1536.2799072265625,20767
2023-11-16,1539.064828501185,1598.6119796039095,1539.064828501185,1573.1990966796875,131302
2023-11-17,1575.7093840121292,1597.5585876977234,1574.7932739051455,1575.764404296875,72914
2023-11-20,1585.7866784456612,1593.1155596863111,1561.9678144135485,1575.498779296875,22177
2023-11-21,1571.3577520595786,1591.2831455050216,1571.1287245487115,1586.299560546875,15455
2023-11-22,1584.8704000696214,1635.2564532510255,1584.8704000696214,1613.966064453125,130817
2023-11-23,1616.9342411474329,1662.7397437295133,1616.9342411474329,1657.6461181640625,114284
2023-11-24,1662.739827705979,1694.803681132816,1662.739827705979,1687.72216796875,58882
2023-11-27,1688.391028102581,1688.391028102581,1639.8371895299078,1645.9842529296875,126599
2023-11-28,1630.6759794721627,1656.3087222005283,1606.8571168506592,1611.9140625,174108
2023-11-29,1625.1426373662355,1644.8206644233464,1595.9553829970191,1603.238525390625,140032
2023-11-30,1603.1926183818923,1612.3537190583602,1557.3871149995525,1564.4686279296875,98408
2023-12-01,1566.5482898351777,1586.7027122775014,1552.8066381699566,1574.5367431640625,147038
2023-12-04,1576.6254366505475,1671.9008843040378,1571.128776209,1640.9180908203125,193105
2023-12-05,1648.998104060406,1667.3111351696673,1626.0953526151225,1656.2078857421875,164964
2023-12-06,1657.2340551740654,1738.7770267943,1655.4110049616963,1727.2706298828125,223318
2023-12-07,1739.6931290826242,1856.7720479044845,1722.2870366905388,1843.8182373046875,308198
2023-12-08,1850.5423984168372,1934.8245274536434,1850.5423984168372,1893.97509765625,234413
2023-12-11,1923.8311712506586,2009.0294088346166,1878.025667173262,1986.8779296875,210055
2023-12-12,2014.5262018174737,2056.6672683402585,1961.391813593093,2007.957763671875,146576
2023-12-13,2007.9667180156341,2033.7642963199378,1857.358092686945,1934.1373291015625,154550
2023-12-14,1934.009181180892,1960.4663320014206,1904.5927891394317,1936.9315185546875,149425
2023-12-15,1935.7406256701486,1989.791121133726,1931.1600752071336,1947.201171875,114925
2023-12-18,1947.210377016227,1978.7978356856936,1912.8379078295038,1930.1798095703125,163998
2023-12-19,1923.8312843120025,1928.4118349889359,1850.542473481069,1882.3131103515625,115847
2023-12-20,1881.6901477180602,1932.9923133812595,1868.8646063022602,1930.0516357421875,450878
2023-12-21,1930.243892311631,1932.9738823918458,1868.8828585162075,1902.7789306640625,90460
2023-12-22,1907.341191109003,1918.334512095222,1859.703466835387,1872.8404541015625,22338
2023-12-25,1872.8404541015625,1872.8404541015625,1872.8404541015625,1872.8404541015625,0
2023-12-26,1871.5854876209946,1871.5854876209946,1773.6808023873612,1786.1490478515625,103817
2023-12-27,1777.2444506441782,1831.3041174034615,1763.5211390328498,1826.045654296875,50965
2023-12-28,1831.3039724554212,1962.9947908848692,1814.813991712951,1938.516357421875,205840
2023-12-29,1900.9284107530425,1939.405034006839,1882.6062092036154,1920.2584228515625,66614
2024-01-01,1927.4865466050114,1976.0495536216276,1921.9990558637805,1967.163330078125,39544
2024-01-02,1978.797848687886,1978.797848687886,1905.5090394772235,1924.0052490234375,35404
2024-01-03,1923.8221641874961,1958.6435202835464,1897.2641396198433,1921.880126953125,58585
2024-01-04,1926.5886483712072,1949.8852648400675,1910.0894970545785,1936.10693359375,13890
2024-01-05,1942.1444579542904,1981.5463666838846,1914.670321946056,1948.923583984375,83318
2024-01-08,1968.7114406704286,1981.7293294443475,1928.411766198725,1938.864501953125,32292
2024-01-09,1942.1533728259667,1957.7272442118353,1920.1667308694464,1928.778076171875,18595
2024-01-10,1932.983106340379,1940.3211570563706,1912.306439128904,1921.1837158203125,19416
2024-01-11,1921.9989313384986,2065.269287109375,1921.9989313384986,2065.269287109375,199802
2024-01-12,2107.052978260657,2180.3326074582137,2070.4085786387323,2124.697265625,218567
2024-01-15,2143.6974725784203,2156.0924681372335,2089.646980748452,2110.08544921875,56869
2024-01-16,2102.472900691764,2141.9573396196224,2061.247941854671,2124.7802734375,140873
2024-01-17,2129.9469508237485,2162.019976454747,2125.375570074158,2151.36572265625,263200
2024-01-18,2151.099834979645,2170.2647863423917,2093.3115393804833,2152.107421875,122409
2024-01-19,2152.8587650197605,2273.6112926628766,2152.8587650197605,2176.1005859375,57516
2024-01-22,2171.181116332839,2250.8827016159435,2151.951972691959,2224.910888671875,69258
2024-01-23,2249.0504287674394,2310.4298091044734,2199.58965048403,2292.712158203125,135541
2024-01-24,2299.4363220985297,2326.9196247530936,2271.03690935548,2287.71923828125,116599
2024-01-25,2290.2750509609596,2353.486642367482,2290.2750509609596,2322.02734375,425967
2024-01-26,2315.9264152543756,2317.6577649947526,2239.8892742472103,2246.64111328125,81092
2024-01-29,2243.1048536485387,2278.3659240820944,2139.1171824413714,2155.753662109375,73283
2024-01-30,2144.613390411105,2188.586667959047,2070.408484548952,2099.79736328125,65349
2024-01-31,2139.116999360621,2139.116999360621,2061.2476439235106,2070.161376953125,79230
2024-02-01,2074.9894248788887,2155.60711555851,2061.2477730584988,2132.83251953125,56687
2024-02-02,2138.123905691522,2138.123905691522,2049.764071448566,2060.661865234375,18465
2024-02-06,2057.127497096274,2144.5577077719067,2057.127497096274,2132.205810546875,59478
2024-02-07,2130.7606977864207,2158.373147433761,2117.018964930921,2145.349365234375,19979
2024-02-08,2145.349365234375,2145.349365234375,2145.349365234375,2145.349365234375,0
2024-02-09,2116.9544448565744,2116.9544448565744,2024.9129472541147,2093.125,54378
2024-02-12,2062.6591431540487,2089.3327507782037,1960.4838692253818,1976.14013671875,57967
2024-02-13,1992.698305811927,2124.3544921875,1932.8713358914765,2124.3544921875,157198
2024-02-14,2130.760536449432,2199.2393165054814,2086.12962603724,2137.0009765625,51186
2024-02-15,2135.3627789025795,2139.964853857111,2070.9337295391397,2086.68212890625,40205
2024-02-16,2025.9255186921703,2094.864511365575,2008.2533711651738,2023.30224609375,58581
2024-02-19,2024.9127744504563,2075.5355938117177,1998.8742010471112,2026.7628173828125,29462
2024-02-20,2029.514907815374,2042.4007167538844,1978.8920869855122,1985.6572265625,28333
2024-02-21,2007.4250546707583,2047.9233134536623,1980.7330204729353,2027.1771240234375,43763
2024-02-22,2051.6048429618195,2075.535630721805,2024.9128104602976,2038.4244384765625,26828
2024-02-23,2043.3211117613055,2098.5460066737733,2025.8332283723573,2086.304443359375,26928
2024-02-26,2093.9438955652504,2133.337698190985,2070.9335230865113,2090.86962890625,42650
2024-02-27,2116.9541828681017,2149.159489905134,2080.146801520487,2132.481689453125,33713
2024-02-28,2134.4423619551394,2190.1274688539256,2115.5185758288867,2142.091064453125,24845
2024-02-29,2157.4524482723455,2181.374021677519,2149.214780154735,2161.640380859375,21453
2024-03-01,2162.9751262251775,2323.762359443668,2162.9751262251775,2266.107666015625,75621
2024-03-04,2291.8333007233623,2364.1780080521585,2290.9128857431524,2329.110107421875,50510
2024-03-05,2346.1377515324425,2346.1377515324425,2275.3579304348236,2287.44287109375,25427
2024-03-06,2296.4259989883844,2296.435212125958,2232.0061680983763,2238.145263671875,20006
2024-03-07,2249.4940284279737,2255.0165178594666,2190.587474492053,2245.085205078125,47940
2024-03-08,2244.799875261392,2289.071923128157,2218.1999737590904,2243.603515625,20889
2024-03-11,2254.096090322323,2280.788122424956,2241.210281721052,2252.522216796875,12437
2024-03-12,2264.2206877057283,2278.026911411251,2208.9957928836375,2238.60546875,11718
2024-03-13,2240.2900739691386,2254.55650623969,2153.7710653606346,2169.970458984375,13587
2024-03-14,2185.0651340688228,2269.74331112625,2181.3834741967607,2236.709716796875,24170
2024-03-15,2255.0164016007757,2287.2309216236436,2232.0060301558697,2251.408447265625,31787
2024-03-18,2263.3004536876797,2277.1066784966733,2236.608419056959,2251.03125,22053
2024-03-19,2214.5183415587535,2300.116930820999,2214.5183415587535,2295.119140625,272507
2024-03-20,2297.355429111388,2324.0474593374415,2279.13117042871,2311.48388671875,22464
2024-03-21,2333.2517537855665,2335.0925835715907,2291.833083600024,2295.84619140625,28723
2024-03-22,2305.6394522443325,2305.6394522443325,2282.629078469439,2296.435302734375,18777
2024-03-26,2278.0268677560553,2310.2413891182623,2278.0268677560553,2300.595458984375,12016
2024-03-27,2310.241237577062,2347.057831004585,2291.8329408633003,2311.308837890625,89586
2024-03-28,2301.046527450819,2343.3764008964968,2296.435239684509,2325.971435546875,26190
2024-03-29,2310.260173603887,2347.058348877271,2302.878427016052,2335.083740234375,7181
2024-04-01,2347.048867661746,2356.2622301359784,2310.241483453635,2317.15380859375,13982
2024-04-02,2305.6396304583454,2314.843780679736,2291.8334051262595,2296.886474609375,10678
2024-04-03,2287.6914387774796,2323.955699200117,2287.6914387774796,2292.514404296875,29379
2024-04-04,2293.6740680243074,2337.853985867472,2293.6740680243074,2316.666015625,21422
2024-04-08,2314.843602562684,2369.148084690397,2314.843602562684,2361.656005859375,40901
2024-04-09,2365.4664141924904,2455.6670790138382,2365.4664141924904,2413.06103515625,92293
2024-04-15,2413.327794581543,2439.0994109996523,2347.518131228156,2388.798828125,197366
2024-04-16,2397.68104452411,2448.303868880665,2360.956576375176,2421.897216796875,70757
2024-04-17,2429.8953970816997,2439.09954631307,2393.0788001562196,2409.084716796875,33964
2024-04-18,2448.303606676923,2497.085595832516,2391.2378835137765,2398.61962890625,95779
2024-04-19,2402.283060978177,2419.7709453301254,2389.397251455689,2413.49365234375,18778
2024-04-22,2439.099338673019,2554.151194270803,2439.099338673019,2536.3779296875,91115
2024-04-23,2577.161894412925,2622.262227565151,2547.018304397917,2558.03564453125,44448
2024-04-24,2558.7535689212145,2590.9680922709417,2537.188309494945,2577.87060546875,34587
2024-04-25,2594.6497639712275,2613.9784780696295,2573.4802199586916,2603.946044921875,37138
2024-04-26,2604.7743281766893,2613.9784777462182,2583.604784166773,2594.13427734375,14129
2024-04-29,2577.1617266032495,2577.1893660156006,2518.255172852318,2547.984619140625,69802
2024-04-30,2544.9472592546176,2562.27874414278,2498.098229610475,2510.1923828125,35873
2024-05-02,2512.7326750859083,2512.7326750859083,2463.9506854230685,2481.061279296875,54115
2024-05-03,2485.120383438,2559.67399494114,2462.9016652528508,2552.3291015625,56078
2024-05-06,2575.3212262763373,2575.3212262763373,2531.141305310911,2536.1298828125,50516
2024-05-07,2549.5493597817817,2549.5493597817817,2494.3244639020318,2502.792236328125,42816
2024-05-08,2494.379611217986,2517.334704464518,2474.8576475074537,2490.97412109375,54854
2024-05-09,2494.3244767756064,2521.936924857993,2466.7120286932195,2508.958984375,98715
2024-05-10,2508.9588210794336,2508.9588210794336,2462.1097937664235,2468.156982421875,134850
2024-05-13,2471.3049882734545,2521.937024904211,2467.733886040924,2502.240234375,98220
2024-05-14,2503.5285361888627,2607.535420229062,2503.5285361888627,2570.05615234375,136006
2024-05-15,2577.1617958568586,2625.9437869927206,2577.1617958568586,2602.942626953125,175529
2024-05-16,2604.7740772519787,2621.8017523152866,2572.5595568619365,2581.45068359375,29028
2024-05-17,2586.3659890527792,2604.7742879072475,2531.141092489375,2584.56201171875,16588
2024-05-20,2572.559602859506,2601.0924642865702,2563.355454012066,2587.4794921875,29733
2024-05-21,2590.9682755638364,2590.9682755638364,2567.957900114779,2577.4013671875,22338
2024-05-22,2577.1617143881763,2600.1720868380708,2531.1409694883873,2561.551513671875,79797
2024-05-23,2567.957690853565,2604.7742885718953,2549.5493919943997,2564.6533203125,50958
2024-05-24,2567.957507668159,2627.784474692686,2541.2654762264474,2610.361083984375,381487
2024-05-27,2610.2967750659836,2621.231196713949,2590.0476463454434,2612.229736328125,73692
2024-05-28,2612.229736328125,2612.229736328125,2612.229736328125,2612.229736328125,0
2024-05-29,2623.1551752043556,2623.1828146203197,2554.1516879197848,2579.776123046875,120351
2024-05-30,2581.7637698935296,2581.7637698935296,2531.1409508760094,2535.2275390625,91012
2024-05-31,2534.822516902524,2567.037036906732,2531.1408574734714,2554.8046875,45410
2024-06-03,2558.753545568416,2576.2414295129483,2533.5342659747835,2536.700439453125,31048
2024-06-04,2544.9471232678998,2544.9471232678998,2406.9770237207513,2459.90087890625,132508
2024-06-05,2444.7141106483996,2471.3140114271655,2443.692351234668,2454.81103515625,28398
2024-06-06,2465.791478750978,2465.791478750978,2406.8849260671172,2431.920166015625,40995
2024-06-07,2407.833126259549,2466.712043099137,2337.853951295451,2422.127197265625,53161
2024-06-10,2439.099438144933,2440.019853027252,2385.7153749704403,2389.866455078125,14660
2024-06-11,2419.6696405686835,2419.6696405686835,2310.241602348474,2333.61083984375,70237
2024-06-12,2336.7955553818756,2393.9992538981305,2328.6497932957595,2344.683349609375,76570
2024-06-13,2383.874575289814,2485.856590479867,2373.750011456537,2471.3876953125,88016
2024-06-14,2480.5182191141353,2558.753487620518,2471.3877749793946,2503.14208984375,47861
2024-06-20,2521.007086162712,2531.1408627507326,2489.722194087539,2495.92578125,25160
2024-06-21,2467.632449864968,2512.7327818468343,2448.303736158454,2453.33837890625,25389
2024-06-24,2453.918346802226,2471.4062305580646,2429.89542712704,2439.237548828125,41375
2024-06-25,2448.303573492451,2448.303573492451,2430.815690824648,2440.029052734375,21222
2024-06-26,2439.0997093363303,2485.1112454308172,2439.0904961980564,2453.1083984375,26345
2024-06-27,2480.518535615355,2503.528911641472,2462.110234794462,2486.5380859375,35956
2024-06-28,2502.5897276473706,2503.5285688375384,2484.199855622249,2496.478271484375,23024
2024-07-01,2503.3446991077935,2503.5103108846424,2457.5079883161634,2476.69873046875,58700
2024-07-02,2485.0743684374056,2508.1308085184005,2457.507984860231,2463.84033203125,29662
2024-07-03,2466.7121252826696,2517.3349487492915,2460.2692204778264,2497.564453125,28116
2024-07-04,2498.9358980006373,2534.8228692857947,2483.2796301136796,2504.26513671875,38707
2024-07-05,2486.040701018988,2503.5285845137532,2463.4905354599487,2477.315185546875,40646
2024-07-08,2484.1997225282234,2507.6242359181933,2467.632254945597,2484.9453125,21206
2024-07-09,2485.1203403683053,2494.3244897770765,2449.030906490221,2458.2626953125,23024
2024-07-10,2463.0303361139527,2467.586345044674,2443.701622713955,2458.36376953125,11593
2024-07-11,2448.395812184255,2474.9957134185415,2429.8953824562846,2449.150390625,15556
2024-07-12,2451.9853301538787,2485.101840772722,2402.2829248129215,2456.127197265625,56699
2024-07-15,2466.712105353897,2502.0193222718876,2461.1896155657914,2482.966552734375,38906
2024-07-16,2482.966552734375,2482.966552734375,2482.966552734375,2482.966552734375,0
2024-07-17,2482.966552734375,2482.966552734375,2482.966552734375,2482.966552734375,0
2024-07-18,2483.2794391514876,2485.1202689803617,2464.871140862744,2484.32861328125,26427
2024-07-19,2485.027994484936,2504.4488379453283,2462.1189674566854,2498.51220703125,169525
2024-07-22,2494.3245726666055,2521.937021810516,2425.2934498068284,2432.803955078125,93182
2024-07-23,2439.108709482008,2493.403975697115,2439.0994963445387,2475.962158203125,46298
2024-07-24,2480.518188474237,2485.1202630354137,2464.8711349662362,2476.78125,42244
2024-07-25,2476.7445226512964,2485.120388660314,2446.4905998063095,2454.01953125,18839
2024-07-26,2449.316192974772,2462.109870266844,2439.0994976475276,2443.33349609375,9162
2024-07-29,2474.167330829467,2485.1201780261313,2439.090220851376,2444.4931640625,56776
2024-07-30,2480.4629859710494,2480.4629859710494,2443.7016671758115,2447.281982421875,19712
2024-07-31,2444.6223088252586,2455.6672891362164,2439.1458843632154,2442.035888671875,5762
2024-08-01,2439.09965571191,2457.4526761718726,2395.8401523841894,2411.791015625,15437
2024-08-02,2437.2587842026464,2439.0996141000805,2393.0788666642297,2409.802734375,23928
2024-08-05,2407.8055762053386,2433.5771955225214,2342.6862166806723,2382.85302734375,19941
2024-08-06,2382.9544307155757,2411.3951642801635,2374.6706957304696,2385.126708984375,66075
2024-08-07,2383.874630201,2416.0891522307434,2383.874630201,2392.038818359375,23595
2024-08-08,2405.8540392424075,2631.245361328125,2402.2829372198476,2631.245361328125,207087
2024-08-09,2894.37353515625,2894.37353515625,2894.37353515625,2894.37353515625,284199
2024-08-12,3175.431492839785,3175.431492839785,2894.3734923283755,3006.8115234375,1315983
2024-08-13,2991.3483862511976,3152.4209916647237,2972.9400884896518,3125.544921875,502556
2024-08-15,3130.791135399475,3198.432414237157,3088.037910243325,3138.7802734375,273246
2024-08-16,3143.216849739574,3155.1822433110574,3111.002328585582,3116.6904296875,94910
2024-08-19,3128.490092914771,3129.4105077699974,3001.472842893518,3026.581787109375,122558
2024-08-20,3018.9701368228343,3032.767147421615,2997.7913806228225,3002.982421875,67102
2024-08-21,3000.552609539237,3035.528376153498,2998.7117797174337,3008.541748046875,68609
2024-08-22,3018.9607614114475,3023.5628357428677,2987.6666559577925,3000.65380859375,50224
2024-08-23,3018.960895293994,3018.960895293994,2980.303469195717,2984.80419921875,46486
2024-08-26,2995.950787357667,3018.9611620685555,2986.746637473312,2992.103515625,48112
2024-08-27,3014.358932315477,3057.6184345502334,3000.5527081980013,3038.952392578125,97195
2024-08-28,3055.777462040189,3129.4106538965793,3051.1753875491645,3120.095947265625,156778
2024-08-29,3129.4108804325456,3143.217104905042,3089.8330369447226,3100.252197265625,119628
2024-08-30,3092.594206002653,3127.5699738086355,3089.9801466707827,3122.277587890625,114677
2024-09-02,3129.410773981167,3238.940151070508,3127.5699441141196,3170.0654296875,217784
2024-09-03,3212.24818514668,3244.462708493423,3166.2274375084753,3231.328369140625,125759
2024-09-04,3249.985045110858,3359.0542118754115,3249.985045110858,3351.6171875,334827
2024-09-05,373.38163137616476,378.39279159939946,364.0752110250384,367.2169189453125,1563741
2024-09-06,367.14329293417876,373.79074046961995,366.6319637801456,371.4334411621094,794106
2024-09-09,374.3020531956668,378.08598427147587,371.3362936725377,373.1566467285156,893421
2024-09-10,373.27938488653075,376.3259842207704,372.25672657391726,375.2286376953125,657423
2024-09-11,376.3474273214585,380.2336298560337,364.0752191397386,366.7546691894531,1560015
2024-09-12,366.75364044412476,366.75364044412476,353.84842192920786,358.23162841796875,4446369
2024-09-13,364.0752345212356,367.9614372199956,357.63232986917797,361.7056884765625,3485592
2024-09-16,397.8748779296875,397.8748779296875,397.8748779296875,397.8748779296875,255911
2024-09-17,397.8748779296875,397.8748779296875,397.8748779296875,397.8748779296875,0
2024-09-18,437.6623229980469,437.6623229980469,426.6703102228052,437.6623229980469,4945891
2024-09-19,463.00429357287976,463.00429357287976,418.0603985668824,429.26287841796875,2072068
2024-09-20,432.410293407627,440.4462310744436,429.45421769281336,431.864990234375,631811
2024-09-23,431.93195386844314,435.28026358835353,400.6013414892814,406.04473876953125,888241
2024-09-24,407.5371137750158,414.23373301545035,399.8838346430906,403.7487487792969,443302
2024-09-25,406.5709051626075,408.4938010156255,404.188831215695,405.49945068359375,382851
2024-09-26,409.25910789784007,410.282741033533,399.8838522269561,401.35711669921875,304902
2024-09-27,404.6384525396855,404.6384525396855,389.83892222626724,391.11126708984375,481370
2024-09-30,377.8806738623052,421.3130290191357,362.5741149210472,407.0970764160156,2769594
2024-10-01,411.3637706840698,434.31403310613143,410.397534810546,428.6793212890625,3192218
2024-10-02,425.72323334616794,437.6623302668226,414.2337385533794,418.5578308105469,2005270
2024-10-03,416.1566338502167,416.1566338502167,396.1528717701038,398.0183410644531,1886976
2024-10-04,396.0476170847742,403.7104721183115,385.53393427412215,396.67901611328125,1600113
2024-10-07,403.7104980861249,407.5371378784105,397.0138784496252,402.60076904296875,870244
2024-10-08,403.7009374701638,407.8241396672871,394.3830785645922,395.1770935058594,1147782
2024-10-09,395.1770935058594,395.1770935058594,395.1770935058594,395.1770935058594,0
2024-10-10,392.75673160605874,394.97618970143145,387.44728055056595,387.8490905761719,791563
2024-10-11,388.40393811473547,391.2739179530217,381.7073184920676,386.42364501953125,514255
2024-10-14,385.5530825666244,396.04764338667906,382.6639800275962,387.75341796875,1060109
2024-10-15,387.9255894064884,410.4070970539668,387.4472594565421,406.8387451171875,2196787
2024-10-16,411.36377435091435,417.5820639631956,403.7104948281066,407.7667236328125,1427670
2024-10-17,408.0154675333718,410.40711740167995,401.7971778757706,405.87255859375,699836
2024-10-18,406.5517767906562,410.4071151897928,401.0031608040634,407.8623962402344,426439
2024-10-21,409.45047455706765,417.0941785130751,406.5804945952191,412.5404968261719,1077125
2024-10-22,413.3727785892237,421.40871649265995,413.3727785892237,415.70703125,1067590
2024-10-23,416.9123839701416,418.24215528052724,408.0154583385104,408.8477478027344,907891
2024-10-24,409.45043872021984,413.27707833442753,404.66713920246025,407.03009033203125,904214
2024-10-25,408.4746888510702,420.45206129284986,407.05882157021074,413.2962341308594,1276919
2024-10-28,418.0316880440283,418.0316880440283,406.5613449007798,407.6136474609375,754994
2024-10-29,408.48423077813214,409.42176805783424,399.89344294217716,400.8596496582031,797395
2024-10-30,402.75383832693433,406.59960080980477,392.23057889321393,395.674560546875,1397006
2024-10-31,396.0571939369673,396.8990593102464,386.1366355619592,388.8535461425781,1087343
2024-11-01,387.8586326636708,396.4398734976107,386.4619173251485,395.1005554199219,624219
2024-11-04,397.01387664695443,403.70092031122806,394.9092130927759,396.4781494140625,657449
2024-11-05,399.30984547103395,399.30984547103395,393.9525440706266,395.990234375,776854
2024-11-06,397.2530420038887,397.2530420038887,393.95255351696824,394.34478759765625,495935
2024-11-07,393.21592359839497,394.6700361586593,388.69091169137295,392.09661865234375,1509958
2024-11-08,392.7089135894012,402.6103500146273,391.28349959134954,395.5406188964844,1525310
2024-11-11,397.75049789827045,398.44887017370104,391.32174185035916,392.6419372558594,2727170
2024-11-12,397.0234686307928,425.23536216885935,397.01389268858634,407.6519470214844,7398930
2024-11-13,411.36378090218324,446.7410765699512,411.354204960245,436.4761047363281,9077492
2024-11-14,440.06355086379375,455.37010915470836,432.9459989229231,439.1355895996094,3976555
2024-11-15,442.93354020023315,447.71683977043006,430.50653725924354,442.0916748046875,2111831
2024-11-18,444.3494368872352,451.73485308179596,443.89022958782596,446.40625,2226950
2024-11-19,447.62118355968636,448.6639393989828,441.0202357614647,442.6369934082031,922761
2024-11-20,443.41189685618275,451.54350661514184,435.2802870972236,437.95892333984375,1658157
2024-11-21,438.1502725681756,441.2115961942285,433.366972649309,435.4046630859375,1865456
2024-11-22,436.2369204050359,454.39433606716204,435.28026049186695,443.08660888671875,4489439
2024-11-25,441.02023600598267,444.4642176575997,435.328097637689,436.8492126464844,1013519
2024-11-26,436.23695231996186,437.18403636090545,411.3637927578588,414.673828125,2176513
2024-11-27,425.7136686140088,439.10690762658436,422.84368882559977,435.31854248046875,2158014
2024-11-28,443.7945192699394,443.7945192699394,432.88860231039007,438.09283447265625,1068039
2024-11-29,440.05398528987297,445.32519076787474,438.15024139997126,442.1873474121094,1930387
2024-12-02,445.79393838512306,451.5434737384543,442.2638610111909,444.4546203613281,2007062
2024-12-03,445.8226807563711,468.66772612848786,441.4985880853045,463.16693115234375,4858513
2024-12-04,469.62435202367544,487.89656245662815,468.82076118890484,486.54766845703125,3502023
2024-12-05,491.72320714615927,535.2034129190649,487.8965674018312,534.5145874023438,5925536
2024-12-06,540.4937004548693,562.5160303977209,540.4937004548693,548.0609130859375,4051347
2024-12-09,552.949465389599,602.6957840751686,545.305761533949,600.7728881835938,5325957
2024-12-10,618.671987557187,656.2687110764459,600.8780778497527,633.9307250976562,6708612
2024-12-11,644.7887938151322,679.7068813140229,643.8321338836557,669.7958984375,4214831
2024-12-12,686.8818631581172,722.2782822902207,674.4452834630538,712.8264770507812,5725075
2024-12-13,717.4949707282738,784.1072084818779,713.1900009039041,782.9209594726562,6802579
2024-12-16,837.0774743480439,861.2139867236231,824.6408947291587,860.7356567382812,6207977
2024-12-17,860.0373034575433,860.8983207769162,774.6649780273438,774.6649780273438,6419869
2024-12-18,698.3617993201528,727.0615992922139,697.1947021484375,697.1947021484375,7130116
2024-12-19,646.7021076902433,649.5720874580994,627.4732666015625,627.4732666015625,9647952
2024-12-20,621.8290093436539,684.0119102780192,584.997598790222,664.8595581054688,9060684
2024-12-23,679.238134890297,703.0494148647548,671.5752794110451,687.3601684570312,5544623
2024-12-24,689.7518096090572,693.5784493294958,650.5287524745617,664.1994018554688,4564226
2024-12-26,663.9220504533474,663.9220504533474,639.0488900617235,643.8895874023438,2056960
2024-12-27,642.8754865073238,675.4019248127538,636.1788668562058,659.9518432617188,2935687
2024-12-30,660.191016333028,693.1001423774366,660.0953736927968,687.6663208007812,3315720
2024-12-31,696.448449163662,697.4051091213043,676.4447151409112,688.4220581054688,2148575
2025-01-01,688.4220581054688,688.4220581054688,688.4220581054688,688.4220581054688,0
2025-01-02,699.3184474183521,700.246379574509,679.2381637220053,682.5673217773438,1358749
2025-01-03,679.2285762251867,688.699533249635,670.6186365265576,682.739501953125,1722926
2025-01-06,686.0208022984303,690.6893073589581,670.6186010092373,672.6275634765625,1653191
2025-01-07,670.6185881938873,673.9668978353689,654.3553699352623,670.2359008789062,2241351
2025-01-08,674.4452434652225,680.1852029840754,650.5287454700018,655.7425537109375,1328845
2025-01-09,650.5287242681594,653.3987039340483,637.1354858273443,640.4359741210938,1069588
2025-01-10,637.1354939606695,649.5720726716135,627.568894952251,642.2536010742188,1205186
2025-01-13,642.8755053118645,672.5319646342867,642.8755053118645,665.7683715820312,1472957
2025-01-14,674.34963561001,682.0698301779491,670.6186383743675,676.004638671875,1281730
2025-01-15,676.3585390295829,685.5903302803539,657.3209839527111,661.4920654296875,1456257
2025-01-16,660.0953975007658,663.4915288099289,648.6154775442308,652.8822021484375,857090
2025-01-17,653.3987086697563,667.7486071032063,647.6587492963763,656.0964965820312,1004794
2025-01-20,660.104958525537,664.7256425527903,647.6588029115455,650.3948364257812,959269
2025-01-21,650.3948392162836,650.3948392162836,627.1384374657176,630.9459838867188,1329158
2025-01-22,621.8385031061227,627.5688864925372,567.8541926361196,569.1934814453125,5738558
2025-01-23,572.0825968441569,576.7702535187332,543.3828010158547,569.4517822265625,4531840
2025-01-24,575.8901167548297,575.8901167548297,554.862750514908,559.2538452148438,1459676
2025-01-27,554.8627277910191,561.5401950372582,511.81303339344004,513.2097778320312,4279903
2025-01-28,492.67986814295523,509.89974702950514,489.82904021205746,497.9414978027344,3436172
2025-01-29,499.37651397338885,529.8844150187855,495.5498740195698,523.5513305664062,4535021
2025-01-30,531.9029431517338,575.9093017578125,530.9462831820365,575.9093017578125,4944209
2025-01-31,595.0424829197891,600.2084699538265,555.8194253639831,566.773193359375,3758098
2025-02-03,567.3089176963505,568.2560016901185,535.7391398246772,544.4734497070312,2115536
2025-02-04,546.2528243977863,556.7760837119293,545.7840703707203,548.1757202148438,1633615
2025-02-06,551.0360829476622,551.9927428138908,520.996939792131,532.7447509765625,1370887
2025-02-07,531.7116114013619,544.3203830778884,521.3796951749558,531.051513671875,1668894
2025-02-10,535.7295616858476,551.0361205911576,523.2929825752833,548.548828125,2476172
2025-02-11,553.8869538650495,571.0207661039019,545.2961662810355,562.1238403320312,3274892
2025-02-12,562.0377317824733,573.0393214258748,551.9928021080631,558.3546142578125,2809392
2025-02-13,563.3866001434516,568.2560251073885,555.341115445857,556.8430786132812,1338668
2025-02-14,558.6702413835244,562.5160329465969,551.4666225488377,554.3270263671875,881683
2025-02-17,553.9061052512477,553.9061052512477,539.6040274704959,544.9517822265625,737260
2025-02-18,548.2618029281996,549.5533289156909,540.5128805628127,545.6405639648438,625060
2025-02-19,548.1661866871375,556.776126792171,544.3873679630607,547.9557495117188,811227
2025-02-20,550.0316444883701,553.3321329611925,541.4791022843949,543.0575561523438,743959
2025-02-21,544.3395095032869,546.7311593692943,535.6530208407789,537.6524658203125,542005
2025-02-24,535.7391891080282,542.4262333299777,530.0852956707455,539.996337890625,1061300
2025-02-25,546.2528108847805,559.6460496805545,541.5843058333483,543.6028442382812,1510911
2025-02-26,547.1999004764621,547.1999004764621,535.7295573323881,536.3992309570312,453720
2025-02-27,535.7295763934011,542.0435087592244,532.9552391596935,534.2467651367188,578219
2025-02-28,535.825235625661,540.5128929202178,523.2930131457684,524.785400390625,1148022
2025-03-03,524.7853916677341,528.0763043055235,516.5963846467079,518.5097045898438,285900
2025-03-04,518.5097087565856,531.9029484661653,510.8564289225401,529.9035034179688,706879
2025-03-05,529.9896244460722,535.4425979640189,524.2496646145262,525.3402709960938,420698
2025-03-06,525.2063279275949,547.1999314796666,518.5097080815235,543.2776489257812,1961057
2025-03-07,545.0474004063952,550.0794408072925,540.5128418367309,542.7322998046875,787293
2025-03-10,544.8178143904524,545.2961443416293,535.5955989181896,537.8054809570312,380693
2025-03-11,535.7296026259352,540.436353499836,532.8596226118677,538.1786499023438,592684
2025-03-12,538.1786234901765,551.9927956155263,530.9462765452637,545.7266845703125,1271674
2025-03-13,549.122772362598,558.0196975887536,548.1661124804332,552.5858764648438,1470551
2025-03-14,555.3123778511172,583.5625744409552,553.4277857608075,579.41064453125,4561666
2025-03-17,592.172507942327,637.3555386115463,586.442124194928,621.809814453125,8396879
2025-03-18,617.906690212254,620.8723127260216,597.9124737346125,603.5089111328125,3014766
2025-03-19,597.9124840017521,623.7901246313697,595.0425040785437,614.5296630859375,3408685
2025-03-20,618.0022878265778,675.9758537001755,618.0022878265778,669.748046875,10409367
2025-03-21,684.0118765167665,691.4738125826076,656.2687374692333,663.1949462890625,3682478
2025-03-24,663.1949617997651,663.922032734191,643.8321729540498,646.6160278320312,1876280
2025-03-25,640.9621501392785,653.3987291718316,636.2266718296748,647.2091674804688,1787154
2025-03-26,660.0954146678338,662.4774887783825,645.841156995136,657.464599609375,2189819
2025-03-27,660.0953424560746,664.8690660975416,652.9299690231,654.5084228515625,1424153
2025-03-28,654.5084228515625,654.5084228515625,654.5084228515625,654.5084228515625,0
2025-03-31,654.5084228515625,654.5084228515625,654.5084228515625,654.5084228515625,0
2025-04-03,655.3120594653255,666.3136487848165,653.7814269159607,662.2191162109375,1584396
2025-04-04,665.1369919863961,671.3743752477824,643.8321558991439,645.4489135742188,2020902
2025-04-07,631.3955498503311,631.4147017335755,581.6492338015171,626.621826171875,4261854
2025-04-08,635.2222277611069,668.5905325893876,635.2222277611069,658.2777099609375,5673027
2025-04-09,660.095333132135,671.1925646520249,648.6249902364672,662.8409423828125,5597172
2025-04-10,687.8288931606425,688.795129003432,669.9010959509072,676.0237426757812,4466599
2025-04-11,664.9934650537247,672.5319501907812,659.1387107844214,662.0469360351562,1966092
2025-04-14,668.198243276201,668.6096584353575,640.9621626887955,648.46240234375,2313168
2025-04-15,648.6154145718369,649.6677171097303,639.6227881229984,644.7218017578125,1951482
2025-04-16,647.5631229077625,650.5191693608733,623.742267554703,628.5159912109375,2495499
2025-04-17,630.419736219264,643.7269084221613,621.3506188505968,636.8676147460938,4004655
2025-04-18,640.8569636535834,645.7454821045343,630.4389225287231,634.07421875,2760032
2025-04-21,634.3611567716642,635.4613390133777,620.8722755283134,624.8902587890625,1620787
2025-04-22,624.8902864176796,634.1698995423432,621.8289629222385,623.3213500976562,1061401
2025-04-23,624.5841384905484,629.1474250320678,612.2623539461903,613.2477416992188,1295570
2025-04-24,588.5467757966805,609.3827986824689,583.5625565474484,598.6395263671875,1408369
2025-04-25,598.8786967958272,604.6090804788697,574.9526224174062,589.6373291015625,2289529
2025-04-28,593.1292087610447,598.869168845829,570.1693684219075,575.1918334960938,1028453
2025-04-29,574.0055005423362,602.6861448901469,566.3426456065284,597.1661987304688,3138310
2025-04-30,593.1291957954254,593.1291957954254,570.1789319004981,579.6307373046875,2542951
2025-05-02,592.172494399369,598.7734712470135,588.3458546940419,591.52197265625,1637965
2025-05-05,593.129139688011,595.3772671034544,585.5045882904575,592.4498901367188,796635
2025-05-06,593.1387590139493,604.5134601028847,587.3987991777702,590.2400512695312,1828212
2025-05-07,546.367641535832,583.6678047064272,546.367641535832,573.0680541992188,2401885
2025-05-08,581.6492210511541,584.5192007602881,515.7640581996592,520.8247680664062,3779285
2025-05-09,526.1630076956822,555.8194681294387,524.2496876676979,553.1790771484375,3234417
2025-05-12,608.4931030273438,608.4931030273438,608.4931030273438,608.4931030273438,765716
2025-05-13,619.915651166745,631.3955706327957,604.886502245413,624.6607055664062,3601076
2025-05-14,623.8379033532059,628.908247583224,617.0552172961862,619.3033447265625,1539918
2025-05-15,621.80983209178,626.1339538651171,615.1323641486177,621.7428588867188,1091242
2025-05-16,621.8289220070919,622.7855818871029,612.2623232069828,613.2955322265625,617002
2025-05-19,621.8002424764089,621.8002424764089,590.7853431068137,596.1043701171875,1567108
2025-05-20,597.9029295283655,597.9029295283655,588.1545617035732,590.7471313476562,978648
2025-05-21,593.1099724036028,598.8403557297255,591.321023103157,593.7509765625,688107
2025-05-22,594.975514660625,607.4312458726993,589.589514480313,591.9237670898438,2421306
2025-05-23,590.259198037789,593.8944942245494,584.9879922915359,588.1449584960938,919309
2025-05-26,590.2113984924766,591.2063038718027,584.6244784026799,586.4708251953125,341477
2025-05-27,587.8675830269456,589.3025730587444,584.5288488953432,585.3515625,415370
2025-05-28,585.3515625,585.3515625,585.3515625,585.3515625,0
2025-05-29,585.4758420334509,601.643417236407,585.4758420334509,592.2298583984375,1380204
2025-05-30,592.650862843433,601.7391327336874,592.650862843433,596.324462890625,973869
2025-06-02,597.912481032042,602.6957808802983,591.4262984106589,593.0813598632812,634153
2025-06-03,592.1724831105196,597.8072239827693,589.7808333402833,595.1094360351562,664493
2025-06-04,597.8072504273207,601.7391088099458,595.0712169827123,597.9028930664062,642077
2025-06-05,599.108301445798,601.2320585351531,594.4206442741382,595.922607421875,544616
2025-06-06,595.922607421875,595.922607421875,595.922607421875,595.922607421875,0
2025-06-09,595.922607421875,595.922607421875,595.922607421875,595.922607421875,0
2025-06-10,596.4774952010787,598.4386364744432,593.177006604987,594.8894653320312,439663
2025-06-11,600.7824372331785,614.175676279778,600.7824372331785,612.587646484375,2619238
2025-06-12,615.6202653473623,631.1085925648099,611.3057195493187,612.7215576171875,3106599
2025-06-13,605.0395683025675,617.0456384265328,598.964742874824,603.8341674804688,1481708
2025-06-16,603.8341674804688,603.8341674804688,603.8341674804688,603.8341674804688,0
2025-06-17,604.6186440524306,613.6399400714122,604.6186440524306,609.0670776367188,738590
2025-06-18,606.7903064334387,608.9140635139127,595.3294804268262,596.5827026367188,850187
2025-06-19,602.6957674504678,606.522407243804,588.3458682254566,591.9237670898438,881808
2025-06-20,593.1291912753433,596.9558312190552,590.3070326388774,593.8562622070312,497898
2025-06-23,588.3746164315581,589.3025485864375,570.217170278103,573.54638671875,1095671
2025-06-24,611.1621423109551,611.1621423109551,598.0176448735554,603.5280151367188,1602974
2025-06-25,603.508923800519,606.4458769399371,599.8258062409608,600.8685913085938,990571
2025-06-26,602.6862397090242,605.0778897711339,593.1483672884797,596.0757446289062,1071468
2025-06-27,601.7103897275966,604.7047400870915,597.0036390523397,601.9017333984375,819215
2025-06-30,602.6957795401134,605.0874294589233,593.1291798648735,599.7205810546875,714965
2025-07-01,603.1741261997353,617.0361201700158,601.7391362087764,608.9523315429688,2168456
2025-07-02,610.3490404523783,626.6122593986015,609.4019564561274,619.0451049804688,3142129
2025-07-03,624.7945548270214,627.5688918818438,615.1323132317463,620.9966430664062,1629166
2025-07-04,620.9966954396145,621.7811636274132,614.175705133529,615.8594360351562,527167
2025-07-07,615.1323473761925,618.958987173245,608.531370370321,613.6495361328125,1353447
2025-07-08,614.1756770493272,617.0456568486231,607.105946130155,609.4593505859375,1188494
2025-07-09,610.3490373952927,615.1323370614001,607.5747002329952,610.5977783203125,540656
2025-07-10,613.9747522911365,613.9747522911365,607.4790524202622,608.502685546875,366177
2025-07-11,611.2769658540859,611.2769658540859,607.5842725474695,608.6940307617188,413989
2025-07-14,610.339434422603,612.2623301455982,602.7053071783635,607.8999633789062,826735
2025-07-15,608.4356712506849,612.2623106925131,602.6957120879425,603.126220703125,565408
2025-07-16,603.1740777386544,609.7463266980178,599.825768028765,601.7582397460938,676480
2025-07-17,601.2607295720468,605.6613416274396,599.7205211916478,601.1459350585938,737656
2025-07-18,604.7047182148622,604.7047182148622,591.2158365618812,593.234375,1047286
2025-07-21,596.0852687730268,596.0852687730268,590.7375140073042,591.2540893554688,435536
2025-07-22,591.7037578927403,607.459919318673,591.7037578927403,600.6580810546875,1602816
2025-07-23,604.5899723788953,609.488066942246,601.7391442435564,606.8764038085938,1656614
2025-07-24,608.42613708862,611.1526529120752,593.1483060951792,597.3097534179688,1007023
2025-07-25,599.7301279341212,600.7728545498537,592.1724912009648,595.3103637695312,641180
2025-07-28,595.9991559901574,600.3041258167316,591.6941861635833,592.1246948242188,866017
2025-07-29,594.9946826603951,594.9946826603951,583.562584290175,584.3566284179688,997327
2025-07-30,585.3802311222672,588.3458535320835,581.1709040987654,582.0319213867188,559071
2025-07-31,592.6412571555342,600.323264504346,587.6761897290991,594.3823852539062,1772241
2025-08-01,595.1094388746125,608.4357044511669,592.1724859359626,604.7908325195312,2162513
2025-08-04,610.3394797243309,614.8931904851644,599.9023452319959,601.7103881835938,1343137
2025-08-05,601.7390707272215,601.7390707272215,596.5826599072583,597.5584716796875,516493
2025-08-06,597.5584958090603,598.8691152399118,594.5641455616696,596.3626708984375,592980
2025-08-07,597.8837225419201,602.360942353367,595.9991305255104,597.682861328125,1021471
2025-08-08,597.6828731287899,600.7824419903067,579.7359233218564,591.722900390625,1202574
2025-08-11,605.565749860963,645.6498252219336,597.9220461837733,637.183349609375,8890516
2025-08-12,640.9717188221708,642.8754627101358,618.9589648414552,621.2070922851562,4417944
2025-08-13,620.7287397891254,620.8435343035358,611.305663326972,613.2955322265625,1217077
2025-08-15,615.132310367993,616.0889702597005,606.5223713426244,607.8043212890625,884328
2025-08-18,607.804362194737,615.1131998829599,606.5224121620228,611.2865600585938,827918
2025-08-19,611.286536558991,613.2190082807709,605.5657289262527,606.5989379882812,800168
2025-08-20,606.5224448525754,609.3924248755371,603.7481074744219,604.50390625,531069
2025-08-21,604.6090669668221,607.4694707735395,597.4341175961714,600.7154541015625,866841
2025-08-22,602.6479638011824,610.3490649330967,601.7391251456393,603.3367309570312,911163
2025-08-25,603.6523835541408,609.3445215112733,599.710949524471,602.9540405273438,775901
2025-08-26,599.9309885196924,607.4790493033496,599.9309885196924,601.1937866210938,672418
2025-08-27,605.2787385869274,605.5561489413168,593.1291460147762,594.3536987304688,1340947
2025-08-28,595.5208416898918,597.9124916565178,593.7988653918993,595.3773193359375,436998
2025-08-29,597.912431768926,605.374367239425,595.9034693541369,599.0795288085938,944910
2025-09-01,599.8258107505452,604.8482756730975,597.434160787425,603.059326171875,637181
2025-09-02,605.5656855845216,620.3939132726102,602.6957060319884,610.0428466796875,2486721
2025-09-03,611.9562184564841,619.9156360996113,608.1487306108835,617.61962890625,2199885
2025-09-04,620.8723180603814,630.4389177223287,618.9589981279919,623.9144897460938,3474878
2025-09-05,626.2295332665182,626.6122205739678,620.7766186696147,623.4456787109375,1370855
2025-09-08,626.6027048330062,640.0055203641812,624.2302067905617,636.91552734375,3248501
2025-09-09,640.9526339253732,670.5230276789626,634.9352634530943,657.5507202148438,7524771
2025-09-10,666.7537457181581,673.4886108058563,660.0953713864216,664.2281494140625,4221532
2025-09-11,665.8353378797717,666.7919978479897,647.7066198040612,651.619384765625,2043435
2025-09-12,649.3807425036667,652.4420659279336,642.0240253777694,644.5496215820312,1102278
2025-09-15,644.7888300233242,652.432533962672,637.2790724954781,648.0319213867188,1436338
2025-09-16,650.4331512950248,657.0340701995799,648.1467199027562,654.8720092773438,1572979
2025-09-17,656.7374225191123,659.1386481268034,649.3328844935672,651.4183959960938,3262951
2025-09-18,662.0608127976882,668.9778660657238,657.1200604633771,664.5311889648438,3441416
2025-09-19,668.9778950971303,671.3790935983793,658.108239489939,659.7288208007812,1423491
2025-09-22,664.0371240466264,666.507500252157,657.6635413739737,664.3335571289062,1502808
2025-09-23,664.3335571289062,664.3335571289062,664.3335571289062,664.3335571289062,0
2025-09-24,673.9087537264423,681.7052756912069,673.4245696285609,679.4720458984375,1654068
2025-09-25,681.4285642783105,705.0453854779535,674.9067950685945,698.029541015625,5636500
2025-09-26,704.6500991287319,735.6780490285104,703.5631577008722,725.3617553710938,6901388
2025-09-29,732.2195243011846,735.678051069139,718.3854172293674,729.0673217773438,3097388
2025-09-30,729.0673263513462,743.0891845195849,719.3735722476832,732.259033203125,4236190
2025-10-01,738.1484038807605,772.7336704615191,736.1721029332887,767.7632446289062,4847975
2025-10-02,769.7395594963266,785.5796408264865,768.7810824691906,779.0281982421875,2850259
2025-10-03,780.6388552386793,785.5796074870253,766.8146400977137,769.5023803710938,1683404
2025-10-06,766.8047513154067,772.6249719568233,740.6187643181667,761.7355346679688,2896640
2025-10-07,761.7355346679688,761.7355346679688,761.7355346679688,761.7355346679688,0
2025-10-08,748.0299140544727,748.0299140544727,729.255054917042,731.3104248046875,1818741
2025-10-09,732.2294021179288,748.0299187572265,726.7846832839367,734.3341674804688,1413885
2025-10-10,731.1720493958171,735.1938289813054,721.596869083418,723.434814453125,1420587
2025-10-13,716.4090850334735,718.3853859577038,692.2092898661807,694.7389526367188,3106012
2025-10-14,705.7765631371021,743.0891335347092,705.5394166805615,736.4487915039062,2527244
2025-10-15,751.0042466839328,767.2988382480771,748.0299041259425,750.7374267578125,13207476
2025-10-16,754.9469861219781,755.9351366273734,741.1128790464445,743.2374267578125,1670216
2025-10-17,744.581276026014,746.0042151262343,730.2234206367702,732.1602172851562,1071487
2025-10-20,736.1720855442971,746.0535900482474,733.2076341931121,742.170166015625,1204309
2025-10-21,746.0535914216837,750.9943436827544,742.2096716877105,745.5397338867188,886832
2025-10-22,746.2018492129206,749.9963132311863,737.1503571613379,738.4251098632812,796108
2025-10-23,733.2076447518292,740.0061247734034,727.2886331186317,730.6680908203125,803188
2025-10-24,730.2333407631442,732.7136082102298,721.5475194327279,729.8875122070312,689677
2025-10-27,729.2550239498297,729.2550239498297,716.4090682433963,718.5731201171875,711072
2025-10-28,716.4091109429536,722.8221980241082,703.5928279355302,706.6461791992188,557219
2025-10-29,709.363548625895,710.4801634434646,688.2467786347331,692.2586669921875,1345182
2025-10-30,692.752753095234,701.576929389433,676.9917413319006,683.2862548828125,1266461
2025-10-31,691.7053437997413,699.11647248331,685.7764408528864,691.8140258789062,1365348
2025-11-03,699.6105423651974,709.492047200864,693.7804303873863,699.7587890625,950185
2025-11-04,699.7587622272275,701.5769252725902,681.8238075135182,685.3218383789062,896416
2025-11-05,685.3218394246974,698.6223661560258,676.9917383924028,681.1024780273438,1258873
2025-11-06,682.8119731681385,686.7744661934495,672.4857887184799,676.507568359375,556077
2025-11-07,677.3771329278691,700.5986684841126,673.0292468266141,691.2211303710938,2252474
2025-11-10,697.6342135824217,705.549308290112,694.4721200987016,696.122314453125,947886
2025-11-11,696.122331077585,696.122331077585,675.8949199521302,676.675537109375,996876
2025-11-12,676.3889722915403,683.8001005489348,671.0529358214498,673.365234375,721202
2025-11-13,677.8811463736725,693.6816635035686,676.8831047007757,689.5709838867188,1847448
2025-11-14,692.693493486423,703.3161112538681,685.9938042145362,693.3358154296875,1802313
2025-11-17,693.928673068165,698.622387837939,683.8001306702316,685.5985717773438,746081
2025-11-18,685.8850845948667,687.2685193299077,678.859349470404,680.7862548828125,496499
2025-11-19,684.7882829264514,688.7408848481048,676.9818700064184,686.6065063476562,599121
2025-11-20,691.804114505915,706.4287895969492,691.804114505915,701.991943359375,2072308
2025-11-21,699.5117343885886,709.2449922896708,697.6342243908151,700.4801025390625,1572319
2025-11-24,701.9821415177635,701.9821415177635,689.2349759031731,689.9365844726562,766261
2025-11-25,691.4088983269021,693.6717411987843,687.0215078123609,688.4740600585938,374409
2025-11-26,690.6974196095183,694.9168415591123,677.871245374406,692.6342163085938,898908
2025-11-27,692.6342278439621,700.104643362067,690.9148555892118,697.9998779296875,959147
2025-11-28,700.4998851659016,700.598676087127,693.5828319464235,696.0927124023438,748271
2025-12-01,696.7448815835731,706.2311624094993,692.6835975724583,704.6500854492188,1204800
2025-12-02,706.5275986554325,714.4328025564723,700.5789134200858,701.9425659179688,1770013
2025-12-03,704.541384517523,706.5275765855233,698.6223729314196,699.13623046875,900233
2025-12-04,701.4781348176847,701.5868168919206,692.6934628749808,694.7685546875,494834
2025-12-05,701.586855952775,702.3773642914645,692.9504302209536,696.1817016601562,677459
2025-12-08,695.6579314818266,700.8951169149736,693.6816305401169,696.240966796875,599626
2025-12-09,698.6224044293,716.3103225275963,698.6224044293,705.79638671875,1342838
2025-12-10,708.5039062793204,710.084922949597,695.6579498195838,699.0571899414062,530132
2025-12-11,706.2706727689999,706.2706727689999,695.6579461383309,696.5374145507812,425382
2025-12-12,697.525529262369,708.5038661868618,695.3614773841332,698.9978637695312,997837
2025-12-15,699.0176924503041,707.5157626817694,697.1401823631122,698.7014770507812,1183292
2025-12-16,703.5730318135174,705.3022951508109,696.6460873096521,697.574951171875,540181
2025-12-17,699.6105316798668,702.4267363902516,692.7033695551378,695.5689697265625,625653
2025-12-18,697.6342297851362,698.622380252254,693.6816279166652,694.8970336914062,269651
2025-12-19,693.68165820657,705.6382552560175,693.68165820657,698.3555908203125,1029507
2025-12-22,700.5986720942789,704.5512739114539,695.6579198228101,698.2962646484375,658525
2025-12-23,701.5769414622239,701.5868326168156,694.6697793374949,695.5689697265625,364547
2025-12-24,697.6342441521224,698.5927211752447,689.7290402523817,692.327880859375,664202
2025-12-26,692.3278632137714,702.3180499125847,692.3278632137714,695.0748901367188,924821
2025-12-29,700.302270763154,718.3854128340055,695.6579513550755,707.150146484375,2723120
2025-12-30,709.4722830688677,715.4209684321653,707.3280133519268,709.3240966796875,1092670
2025-12-31,709.4920264414908,715.3221382487156,705.0552405500016,707.4070434570312,871230
2026-01-01,707.4070434570312,707.4070434570312,707.4070434570312,707.4070434570312,0
2026-01-02,709.9762284418721,735.0851659033233,708.5335673412761,721.5277099609375,4317301
2026-01-05,726.2707938752853,733.563348975392,721.8438991869297,725.3123168945312,1602394
2026-01-06,729.1957541762031,730.7372664840985,717.3972352501089,720.2134399414062,1060539
2026-01-07,721.448649027082,729.7194638080467,720.3617076122428,724.3735961914062,877904
2026-01-08,727.2787404864494,746.053599276181,727.2787404864494,732.1898193359375,3594139
2026-01-09,735.1839622816368,745.9449355592487,729.2550593600107,732.1404418945312,1742714
2026-01-12,731.2313671607815,731.2313671607815,720.3716028578549,722.3380126953125,954762
2026-01-13,725.3024497300256,726.2906002064971,713.9387192506042,724.5712280273438,953429
2026-01-14,731.1127836887307,734.1958083686361,720.3617016160641,724.8973388671875,1169490
2026-01-15,724.3044332432198,731.0831312722769,709.5019578916217,715.2233276367188,715952
2026-01-16,721.3498421830385,731.2313468704774,719.3735412455508,727.7926025390625,1698138
2026-01-19,730.342017386113,731.2313769693575,725.3024739128492,726.1918334960938,1203789
2026-01-20,728.2668745755391,730.2431754563411,723.4249132928074,725.994140625,721038
2026-01-21,725.7965066380438,741.1029474821103,724.8083561865284,729.0079956054688,2425822
2026-01-22,729.2550795251008,733.9389033127936,725.2036865413963,726.5178833007812,809917
2026-01-23,730.2432011554839,730.2432011554839,721.3498468788948,723.8992919921875,856234
2026-01-26,725.3024540283608,729.7491311988344,711.4683472757763,715.7865600585938,2199916
2026-01-27,715.4209448556251,718.7806805998803,706.5275905687457,715.29248046875,1468897
2026-01-28,716.418962914516,719.0770900208339,705.7765633348998,707.0908203125,1032579
2026-01-29,707.5256436622212,711.4584633218753,689.7290436454731,692.1500244140625,1654749
2026-01-30,693.010009765625,725.0,693.010009765625,710.0700073242188,2057541
2026-02-02,712.0,716.8099975585938,704.0,709.0,1077277
2026-02-03,709.9000244140625,715.9000244140625,707.5,708.4099731445312,573478
2026-02-04,710.989990234375,711.0,704.989990234375,705.9000244140625,802890
2026-02-06,705.9500122070312,707.5,689.8800048828125,700.6400146484375,1506943
2026-02-09,702.010009765625,706.0,685.0,692.0800170898438,1212487
2026-02-10,693.0,697.0,690.5,691.72998046875,341826
2026-02-11,691.72998046875,696.25,688.989990234375,690.6400146484375,300908
2026-02-12,692.0,692.989990234375,679.0,687.3900146484375,529084
2026-02-13,689.9000244140625,692.5,683.1099853515625,687.25,326489
2026-02-16,688.0,690.0,664.0,671.5900268554688,820909
2026-02-17,671.9500122070312,684.5,671.5,676.02001953125,497763
2026-02-18,679.0,683.0,669.5,676.9600219726562,2246022
2026-02-19,677.0,678.9000244140625,652.25,661.2000122070312,435673
2026-02-20,661.1799926757812,671.0,650.0,664.6300048828125,744051
2026-02-23,664.5,665.97998046875,630.2100219726562,634.530029296875,1189203
2026-02-24,635.0,635.0,611.0,614.5,1219325
2026-02-25,620.0,620.0,604.0,605.4099731445312,595185
2026-02-26,606.6599731445312,622.0,595.5599975585938,612.9400024414062,1947713
2026-02-27,610.0,613.0,600.5800170898438,605.0700073242188,1260405
2026-03-02,550.0,576.9000244140625,544.5599975585938,545.8800048828125,2737751
2026-03-03,547.0,590.0,546.0,585.5900268554688,2225279
2026-03-04,590.0,601.0,576.0999755859375,590.72998046875,1379920
2026-03-05,592.02001953125,620.0,592.02001953125,617.6500244140625,1768794
2026-03-06,618.0,628.0,610.0,617.0499877929688,759660
2026-03-09,607.0,624.0,565.0,616.989990234375,1473433
2026-03-10,665.0,665.0,620.0,630.3599853515625,1566127
2026-03-11,630.3599853515625,640.0,615.0,620.2100219726562,721961
2026-03-12,620.2100219726562,624.0,608.0,608.75,652152
2026-03-13,606.0999755859375,616.9000244140625,604.5,613.6199951171875,538257
2026-03-16,611.4000244140625,613.0,595.0,598.760009765625,398691
2026-03-17,600.5,607.0,590.8499755859375,600.6199951171875,393211
2026-03-18,603.0,625.0,600.0,618.4500122070312,919164
2026-03-19,615.0,631.0,605.5,617.0700073242188,2039169
2026-03-20,617.0700073242188,617.0700073242188,617.0700073242188,617.0700073242188,0
2026-03-23,617.0700073242188,617.0700073242188,617.0700073242188,617.0700073242188,0
2026-03-24,624.0,629.0,619.0,619.4299926757812,703100
2026-03-25,624.0,650.0,622.010009765625,642.1400146484375,1070283
2026-03-26,640.0999755859375,642.0999755859375,626.0,627.1400146484375,971060
2026-03-27,634.8900146484375,634.8900146484375,602.25,617.9199829101562,1173469
2026-03-30,613.0,620.0,603.030029296875,613.8599853515625,490813
2026-03-31,614.0,635.0,612.0,628.010009765625,655021
2026-04-01,634.0,658.9000244140625,632.5,642.1400146484375,1702430
2026-04-02,634.989990234375,635.0,625.0,632.0999755859375,667315
2026-04-03,625.0,638.7999877929688,622.0499877929688,623.0800170898438,617372
2026-04-06,625.0499877929688,637.0,614.0,634.0,725467
2026-04-07,629.47998046875,635.0,621.0,631.6400146484375,658192
2026-04-08,680.0,692.0,659.0,688.5999755859375,3769585
2026-04-09,685.0,685.0,662.0,667.7000122070312,1987220
2026-04-10,671.0,675.0,666.010009765625,668.2100219726562,640785
2026-04-13,650.260009765625,654.0,641.0999755859375,646.1500244140625,700538
2026-04-14,652.0999755859375,660.0,652.0999755859375,656.6699829101562,492682
2026-04-15,685.0,685.0,658.239990234375,660.6500244140625,1063196
2026-04-16,668.0,670.010009765625,662.030029296875,664.9400024414062,519838
2026-04-17,667.0,680.0,664.9400024414062,675.8499755859375,1544391
2026-04-20,668.9400024414062,678.489990234375,662.260009765625,669.6900024414062,1100514
2026-04-21,673.989990234375,675.9500122070312,667.5,671.9400024414062,883054
2026-04-22,668.0,677.0,665.5,666.02001953125,768074
2026-04-23,664.0999755859375,669.0,650.0599975585938,651.8599853515625,463833
2026-04-24,642.0,661.5900268554688,641.010009765625,655.2100219726562,527934
2026-04-27,655.0,660.0,647.0,651.1300048828125,368134
2026-04-28,651.1300048828125,651.1300048828125,651.1300048828125,651.1300048828125,0
2026-04-29,651.1300048828125,651.1300048828125,651.1300048828125,651.1300048828125,0
2026-04-30,638.0,638.0,622.0,631.9299926757812,443266
2026-05-04,635.0,648.0,626.5599975585938,632.739990234375,431744
2026-05-05,621.5599975585938,641.0,621.5599975585938,637.030029296875,444032
2026-05-06,644.739990234375,655.0,640.0,650.5499877929688,862795
2026-05-07,658.0,673.0,652.0,662.6300048828125,1361411
2026-05-08,660.0,660.97998046875,649.9400024414062,650.8099975585938,765774
2026-05-11,648.0,652.0,645.0,646.989990234375,244952
2026-05-12,645.1099853515625,658.9500122070312,645.0,646.47998046875,715330
2026-05-13,647.0,652.7000122070312,645.0,647.1799926757812,616950
2026-05-14,650.0,652.489990234375,644.9500122070312,645.8800048828125,449664
2026-05-15,648.9500122070312,649.8900146484375,640.2000122070312,642.7899780273438,228085
2026-05-18,640.0,640.7999877929688,628.0,630.989990234375,577933
2026-05-19,633.1500244140625,638.989990234375,625.1099853515625,628.8800048828125,588895
2026-05-20,632.0,638.25,628.9099731445312,636.239990234375,390849
2026-05-21,644.0,654.0,643.0,647.4299926757812,571882
2026-05-22,654.0,654.0,642.0,643.5599975585938,389360
2026-05-25,654.8800048828125,662.0,649.9000244140625,658.52001953125,1451188
2026-05-26,658.52001953125,658.52001953125,658.52001953125,658.52001953125,0
2026-05-27,658.52001953125,658.52001953125,658.52001953125,658.52001953125,0
2026-05-28,658.52001953125,658.52001953125,658.52001953125,658.52001953125,0
2026-05-29,661.0,671.0999755859375,655.0,669.469970703125,1331545
2026-06-01,670.0,671.9000244140625,655.0,658.1099853515625,880309
2026-06-02,658.5,661.989990234375,653.1099853515625,656.0599975585938,380652
2026-06-03,656.0599975585938,656.0599975585938,656.0599975585938,656.0599975585938,0
2026-06-04,654.7999877929688,657.9000244140625,652.0,655.8099975585938,235321
2026-06-05,658.8800048828125,658.8800048828125,647.0599975585938,649.6699829101562,606551
2026-06-08,644.0,649.9000244140625,642.0,647.6599731445312,304728
2026-06-09,654.0,657.0,650.7999877929688,651.7999877929688,374384
2026-06-10,650.0,655.4500122070312,649.5,650.27001953125,640928
2026-06-11,648.0,665.0,645.2000122070312,657.4199829101562,934459
2026-06-12,665.25,667.9500122070312,659.25,661.8200073242188,1084036
2026-06-15,675.0,675.0,664.0,666.8699951171875,801493
2026-06-16,669.97998046875,674.0,666.02001953125,669.0,1120896
2026-06-17,671.0,673.0,668.0,669.969970703125,767066
2026-06-18,670.0,673.5,660.0,665.030029296875,925301
2026-06-19,665.030029296875,669.0,655.0,658.469970703125,796763
2026-06-22,661.0,665.0,655.9000244140625,658.6699829101562,445865
2026-06-23,662.0,662.0,655.0,656.719970703125,476705
2026-06-24,659.72998046875,664.9000244140625,657.489990234375,662.7999877929688,407381
2026-06-25,662.7999877929688,662.7999877929688,662.7999877929688,662.7999877929688,0
2026-06-26,662.7999877929688,662.7999877929688,662.7999877929688,662.7999877929688,0
2026-06-29,662.77001953125,664.5,657.25,659.469970703125,448811
2026-06-30,660.5,680.0,659.4000244140625,674.2899780273438,2289973
2026-07-01,675.0,677.0,671.010009765625,673.75,773978
2026-07-02,674.0,680.0,671.9000244140625,677.3800048828125,6993077
2026-07-03,680.0,696.0,678.5,689.760009765625,3683127
2026-07-06,692.5,705.0,692.5,704.0999755859375,2123033
2026-07-07,706.0,708.0,691.2000122070312,692.9299926757812,1147250
2026-07-08,690.0,690.97998046875,672.0,675.8699951171875,1393516
2026-07-09,670.0,680.0,665.0,675.6500244140625,644709
2026-07-10,675.6500244140625,685.4299926757812,675.6500244140625,678.6199951171875,669982
2026-07-13,675.0,677.0,668.5,669.9099731445312,750224
2026-07-14,665.0,667.9000244140625,651.010009765625,653.9500122070312,792139
2026-07-15,657.969970703125,661.9000244140625,652.5,654.8400268554688,568446
2026-07-16,654.0,664.75,650.0,661.469970703125,772702
2026-07-17,661.469970703125,662.8900146484375,651.5,653.010009765625,415831
2026-07-20,650.0,651.9000244140625,645.530029296875,650.1199951171875,391943
2026-07-21,652.0999755859375,658.0,650.0,650.27001953125,251675
2026-07-22,645.0,654.0,644.0,645.6300048828125,471175
2026-07-23,646.0,649.9600219726562,635.0,636.989990234375,388191
2026-07-24,634.4000244140625,642.0,630.0499877929688,633.02001953125,461780
2026-07-27,650.8800048828125,656.5599975585938,645.0,654.3699951171875,694132
2026-07-28,658.9000244140625,658.9000244140625,650.0,650.8499755859375,298075
2026-07-29,648.989990234375,652.989990234375,645.1099853515625,650.280029296875,408138
2026-07-30,648.0,657.0,645.010009765625,646.8200073242188,418289
2026-07-31,648.0,652.5,645.0999755859375,646.4000244140625,378517
2026-08-03,655.989990234375,657.8699951171875,650.3300170898438,651.47998046875,416731
2026-08-04,652.5,653.0,648.5,649.77001953125,285134
2026-08-05,655.5,662.0,654.0,657.489990234375,662474
2026-08-06,658.1099853515625,678.8499755859375,658.0,677.1199951171875,1550329
2026-08-07,676.9000244140625,699.7999877929688,669.4000244140625,681.530029296875,5112385
2026-08-10,681.530029296875,683.25,672.2000122070312,673.3300170898438,854349
2026-08-11,673.0,673.010009765625,666.7000122070312,667.72998046875,764563
2026-08-12,668.0,682.0,668.0,680.0499877929688,1149651
2026-08-13,684.219970703125,687.989990234375,676.0,678.1799926757812,1014972
2026-08-14,678.1799926757812,678.1799926757812,678.1799926757812,678.1799926757812,0
2026-08-17,681.0,684.7999877929688,674.5,679.5599975585938,561976
2026-08-18,679.5599975585938,679.5599975585938,679.5599975585938,679.5599975585938,0
2026-08-19,667.3200073242188,675.0,658.989990234375,660.719970703125,724869
2026-08-20,678.989990234375,678.989990234375,666.0,667.3200073242188,697687
2026-08-21,667.97998046875,677.989990234375,665.0,675.0599975585938,500451
2026-08-24,677.989990234375,679.0,670.2100219726562,671.8599853515625,434866
2026-08-25,675.0,675.8800048828125,666.0,668.0599975585938,246600
2026-08-26,668.0599975585938,668.0599975585938,668.0599975585938,668.0599975585938,0
2026-08-27,669.0,678.489990234375,661.0,664.2999877929688,531597
2026-08-28,667.0,667.0,662.0,664.7000122070312,312049
2026-08-31,668.0,668.8699951171875,660.1900024414062,663.260009765625,371066
2026-09-01,666.97998046875,666.97998046875,661.1900024414062,663.6699829101562,188313
2026-09-02,661.3099975585938,663.2000122070312,658.0999755859375,659.9099731445312,335447
2026-09-03,660.0,663.8699951171875,657.0,659.0800170898438,338972
2026-09-04,660.0,666.0,658.0,664.489990234375,194252
