Date,Open,High,Low,Close,Volume
2018-01-02,176.13325029759054,179.99930903816085,176.00439226107548,179.8406982421875,18151900
2018-01-03,180.29673267405926,183.17148201579,179.75151741932805,183.06243896484375,16886600
2018-01-04,183.29043309694796,184.58904220774693,182.49740922520243,182.72540283203125,13880900
2018-01-05,183.97442366501062,185.27301761188517,183.3201653765827,185.2234649658203,13574500
2018-01-08,185.57039096893325,187.25558917125224,184.70796929869047,186.6409912109375,17994700
2018-01-09,187.05733464377002,187.15647017887486,185.47127196380572,186.23455810546875,12393100
2018-01-10,185.31265942183705,186.25438649267394,184.01406560430883,186.20481872558594,10529900
2018-01-11,186.75994247751348,186.75994247751348,185.74883262776623,186.13543701171875,9588600
2018-01-12,176.50996931999322,179.900196098337,175.8557110489199,177.80856323242188,77551300
2018-01-16,179.920024921805,180.16784864759262,176.49013790148217,176.83709716796875,36183800
2018-01-17,177.69952368356135,177.7590140851603,174.26965169674097,176.05398559570312,27992400
2018-01-18,176.57935691632113,179.4045381703737,175.5384942960032,178.2348175048828,23304900
2018-01-19,179.27566551601325,180.78242267833858,178.60157720574531,179.71182250976562,26826500
2018-01-22,179.22612252990405,183.77616253090503,178.8395181205241,183.75633239746094,21059500
2018-01-23,184.43042955325888,187.89996189858664,183.93478207535492,187.7017059326172,25678800
2018-01-24,188.2369925841679,189.000293911204,184.89633352933782,184.9260711669922,24334500
2018-01-25,186.3138559363235,186.9780216418481,184.97561702255004,185.8479461669922,17377700
2018-01-26,186.1155950445878,188.34600830078125,185.18377553073591,188.34600830078125,17759200
2018-01-29,187.10691408254664,187.19612699413045,184.0140788066284,184.36102294921875,20453200
2018-01-30,185.98672099630113,186.54184365059888,180.2570384022226,185.49107360839844,20858600
2018-01-31,186.73018878931038,188.17748579191672,183.60761635090384,185.26307678222656,43275100
2018-02-01,186.58154732869892,193.6197479250521,186.25441816144698,191.40914916992188,54211300
2018-02-02,190.36828520540675,192.51940866694005,188.32621992490803,188.6236114501953,26677500
2018-02-05,185.30275408797968,188.95072729752363,179.03777799305453,179.68211364746094,33128200
2018-02-06,177.0155357600023,184.15285594249758,176.1927591862232,183.6968536376953,37758500
2018-02-07,182.54693767366223,183.4688497349977,178.3835023950745,178.6114959716797,27601900
2018-02-08,179.43428361007963,180.25706018855595,169.98724446493733,170.0863800048828,38478300
2018-02-09,173.2386807305524,175.3600510823487,165.7246640309483,174.57693481445312,39887600
2018-02-12,175.5186795322309,176.00441949783342,170.34411873901024,174.8743438720703,32092100
2018-02-13,174.09119972723084,174.43815898111436,171.59314755272283,171.6427001953125,21809400
2018-02-14,171.94009298227024,178.24472899006133,171.70219189296904,177.95726013183594,28929700
2018-02-15,178.92874049961085,178.92874049961085,175.30059731132724,178.39344787597656,20922100
2018-02-16,177.43187074454818,178.31412255649565,174.7652851764264,175.81605529785156,20645300
2018-02-20,174.23992785809648,176.40094371590183,173.5856695223354,174.4778289794922,21204900
2018-02-21,175.1717314731892,179.69203387545096,174.8644173430519,176.3612823486328,23200800
2018-02-22,177.144400765712,178.64126578893575,175.86563696287894,177.431884765625,18464200
2018-02-23,178.3339385336285,181.79356302621224,177.94733414484938,181.69442749023438,19007300
2018-02-26,182.97320054028455,184.0438007659705,181.6250389737865,183.3201446533203,17599700
2018-02-27,182.84436405083918,183.09218780670258,179.88040161132812,179.88040161132812,15849800
2018-02-28,180.71306495711616,181.28801781951887,176.58927450496145,176.76771545410156,18783000
2018-03-01,177.45169956950028,178.55203754433077,172.89175197746962,174.40843200683594,23201600
2018-03-02,171.7814903672907,175.56824422955643,171.48411399147727,175.08250427246094,20025900
2018-03-05,174.66615438360174,179.57306100184647,174.35885539174205,178.82958984375,16189300
2018-03-06,180.19757071409077,180.79235365497092,177.55081536649521,178.21498107910156,15086800
2018-03-07,177.1840423222596,182.21982184429373,176.51987660516284,182.11077880859375,19097300
2018-03-08,181.9620817426893,182.7947657933089,179.8704489869449,180.75270080566406,17225900
2018-03-09,182.3090219825425,183.89508451462225,181.61511867938526,183.61752319335938,18526300
2018-03-12,183.61755166276623,184.4799885187979,182.61634925054545,183.15164184570312,15301200
2018-03-13,183.9942326059095,184.3709294787594,179.53340590474082,180.2967071533203,18067500
2018-03-14,181.01045363600093,182.6460841601859,180.2669824657424,182.58660888671875,16821700
2018-03-15,181.64486252055227,182.3982411145937,180.60399996726105,182.25946044921875,15614300
2018-03-16,182.88399193246673,183.7166759744637,181.81339168163106,183.478759765625,24403400
2018-03-19,175.46912101549557,175.6277318443802,168.57962384915712,171.057861328125,88140100
2018-03-20,166.01212984616492,168.7183602271059,160.54017869460617,166.6862030029297,129851800
2018-03-21,163.36539601220227,171.89052273570618,161.87845372166515,167.91543579101562,106598800
2018-03-22,164.68380077248662,168.78776041038594,162.2947768075999,163.45458984375,73743000
2018-03-23,163.99985578873338,165.1497616790438,157.63574337133988,158.0025177001953,53609700
2018-03-26,159.42005028555604,159.69761164261664,147.72276764529062,158.66665649414062,126116600
2018-03-27,154.94932094848795,161.43239879930223,149.43772310039506,150.89492797851562,79117000
2018-03-28,150.32988400616549,154.52307283908806,149.48729231320922,151.6978759765625,60029200
2018-03-29,153.7993944412321,160.01481756842747,152.79819205869137,158.3990020751953,59434300
2018-04-02,156.4362394861042,157.81413873690323,152.76845152813178,154.0373077392578,36796000
2018-04-03,155.18720974605736,156.01989377884564,149.4971719367533,154.75103759765625,42543900
2018-04-04,150.70657971846416,154.20584990664906,149.1998070624136,153.74986267089844,49885600
2018-04-05,160.153587064976,160.16350969368824,155.28632591820733,157.95291137695312,41449600
2018-04-06,156.35692801425085,160.01480832701012,155.44493859326903,155.83154296875,41644800
2018-04-09,156.44613262929605,159.13253272389514,154.68161419461933,156.55516052246094,34915200
2018-04-10,156.5551801270742,164.53510627307665,155.64319072838225,163.60328674316406,57889300
2018-04-11,163.9205121817908,167.18186548698537,161.82887950474625,164.87216186523438,56144600
2018-04-12,165.52644011572886,165.99234999058584,161.68022567936902,162.44351196289062,38263000
2018-04-13,163.14732012381594,164.25756559646135,162.34437365692347,163.0878448486328,19990600
2018-04-16,164.27737812400954,164.3368533928185,161.96765938752435,163.39512634277344,18119400
2018-04-17,164.38645157374856,167.52885490688664,164.21793323895758,167.1918182373047,22743000
2018-04-18,165.42729703905403,166.65649302914,164.32695909975985,164.9118194580078,20969600
2018-04-19,164.75320365323768,166.86466655747395,163.76190878754315,166.6366729736328,22235000
2018-04-20,166.32933863350559,166.9637666653641,164.3665792733742,164.83248901367188,19119400
2018-04-23,165.8139220472192,166.9836429090635,163.65289104051004,164.3963623046875,23088100
2018-04-24,163.98991968960416,164.65410063060472,156.81295378466345,158.29989624023438,35079900
2018-04-25,158.7459759517135,159.65796550934834,154.8303638439022,158.29989624023438,41083600
2018-04-26,171.7121164622946,174.73556915565018,169.31318444234256,172.64393615722656,77556900
2018-04-27,175.2708433689428,175.55832735149198,171.09750044096126,172.07887268066406,29804700
2018-04-30,172.27714262752073,174.19034974565892,170.21526244329425,170.5027313232422,20750500
2018-05-01,170.50271803213053,172.5051379094044,168.7481218729266,172.34652709960938,26025900
2018-05-02,172.73312858287306,176.52978969481686,172.6835608149028,174.53729248046875,30424500
2018-05-03,173.60546479650847,174.58683697712183,170.62165773984208,172.505126953125,24026100
2018-05-04,171.57333136305473,175.43937560870106,171.55350122883178,175.07260131835938,17677800
2018-05-07,175.80613267663972,177.9374103716553,175.6276917533874,176.4207305908203,18697200
2018-05-08,176.69832200224107,177.48143834475272,175.5682463824124,177.36248779296875,15577200
2018-05-09,178.10593880910025,181.41685988352248,177.22368702277913,181.06991577148438,23282800
2018-05-10,181.55564566843228,184.50971521116793,180.91131006652415,183.91493225097656,21071400
2018-05-11,183.24085803164738,186.68065235167805,182.57667717507755,185.3622283935547,21207800
2018-05-14,186.07596681987758,186.22465500008715,184.5791018846244,185.01527404785156,15646700
2018-05-15,183.27059204206418,183.6770114244875,181.60520887096772,182.71546936035156,15429400
2018-05-16,182.1008720647095,182.71548519497708,181.0699320130361,181.605224609375,16975500
2018-05-17,181.08970874553435,182.45770027342684,180.63372165354136,182.16030883789062,14840700
2018-05-18,181.89269847722036,182.58660185086396,181.02035416409177,181.08973693847656,13130500
2018-05-21,182.17028434226341,183.68696446517723,181.53585615441685,182.88401794433594,13532900
2018-05-22,183.3201498461213,183.80588976928098,181.83320756709747,182.1999969482422,12731400
2018-05-23,180.91131875619556,185.28293288349343,180.59409712860074,185.27301025390625,16628100
2018-05-24,184.26187924634382,185.17386863229166,183.41927262976128,184.31143188476562,12354700
2018-05-25,184.4006874332807,184.70798644195935,182.84434713002395,183.3102569580078,10965100
2018-05-29,182.73530121077513,185.1838008637145,182.1107956992606,184.1231231689453,16398900
2018-05-30,184.91614781747936,186.36344505685395,183.63738402543723,186.03631591796875,13736900
2018-05-31,186.23456797963453,191.04235429390687,185.8479635737623,190.11053466796875,30782600
2018-06-01,191.38931057039616,192.8564227638772,190.39801568610582,192.30130004882812,17307200
2018-06-04,190.17003638777527,192.29140716325458,189.80326206416177,191.59750366210938,18939800
2018-06-05,192.60858329034377,193.30248662740433,190.94320015544014,191.2604217529297,15544300
2018-06-06,189.3670479502752,190.8539901778862,187.46376371404816,189.67434692382812,22558900
2018-06-07,189.0895362472881,189.3076223746621,185.14418606963906,186.54190063476562,21503200
2018-06-08,185.8975324185664,187.83055445910182,184.80710197213114,187.45387268066406,12677100
2018-06-11,187.16637372964308,190.92338959177852,187.1564662267254,189.8726043701172,12928900
2018-06-12,190.49714982806762,191.59748783396952,189.89245930003216,190.7251434326172,11562700
2018-06-13,191.06219078843887,192.80686442477753,190.2394141791202,190.7350616455078,15853800
2018-06-14,191.41904522967624,195.5626505211031,191.23069678443696,195.09674072265625,19120900
2018-06-15,194.08560543041142,195.3544767111733,192.9456224420354,194.1450958251953,21860900
2018-06-18,193.10425471126862,197.84264324995695,192.44008892561553,196.5836944580078,16826000
2018-06-19,194.5316945041622,196.23672274838665,192.10301017452244,195.77081298828125,19994000
2018-06-20,197.36682788332428,201.7780873250161,197.07934388123675,200.2415771484375,28230900
2018-06-21,200.99493669999057,201.61945729069967,198.34818128721037,199.74591064453125,19045700
2018-06-22,199.40888807845093,200.4794883982593,197.574986441324,199.9838409423828,17420200
2018-06-25,198.258967170796,198.258967170796,191.42894635680042,194.6407470703125,25275100
2018-06-26,195.87987812805744,197.3668204768252,194.52179383053024,197.26768493652344,17897600
2018-06-27,197.44609874387024,199.00243890134223,194.09553247417213,194.1351776123047,18734400
2018-06-28,193.48094208149342,195.62214281480124,191.5776575827622,194.5218048095703,18172400
2018-06-29,195.60230244860216,195.87986378997832,192.2715512261294,192.62841796875,15811600
2018-07-02,191.68668061146298,195.7311654210613,190.54669758251922,195.64195251464844,13961600
2018-07-03,192.85640992349778,193.6990014434691,190.8440826524459,191.05224609375,13489500
2018-07-05,193.04476250150682,196.92071382846268,192.34093650999642,196.7224578857422,19684200
2018-07-06,196.72245782568604,201.8672804615918,195.97898669624203,201.46084594726562,19740100
2018-07-09,203.14605121571313,204.00848804152199,200.3605150406485,202.9577178955078,18149400
2018-07-10,202.71980772155925,203.12624226213603,200.49930169285776,201.76815795898438,13190100
2018-07-11,200.4596337425031,202.71978465473845,199.99372398089722,200.77684020996094,12927400
2018-07-12,201.6591341671734,205.27736998517196,201.4212330482869,205.11875915527344,15454700
2018-07-13,206.00099888742707,206.61559690940115,204.65283716512621,205.51527404785156,11486800
2018-07-16,205.69369451127582,206.9030755155876,205.0394362382626,205.42604064941406,11078200
2018-07-17,203.11633026351996,208.62794292006046,203.0568549863636,208.1620330810547,15349900
2018-07-18,207.99350842443914,209.1533216715766,206.62551658762877,207.53750610351562,15334900
2018-07-19,206.95265289095713,208.16203395139533,205.95143530143656,206.278564453125,11350400
2018-07-20,207.03194944619355,209.65887492561032,206.68499017489245,208.11245727539062,16163900
2018-07-23,208.7468760040104,209.7778160156813,206.98237234156252,209.07400512695312,16732000
2018-07-24,213.23744169749008,214.3179494837015,210.74929700038717,212.80126953125,28468700
2018-07-25,213.84209453914443,216.7168431274336,212.40472024499985,215.60659790039062,58954200
2018-07-26,173.36756255605715,178.56195322047824,172.23748698747983,174.7256317138672,169803700
2018-07-27,178.304197771704,178.36367304186427,171.4940070710951,173.3675537109375,60073700
2018-07-30,173.77398788664595,173.77398788664595,165.11006556914384,169.57089233398438,65280800
2018-07-31,169.18427535037893,172.7232049140015,168.52010967442405,171.07765197753906,40356500
2018-08-01,172.41591285655338,173.55591105496342,169.41229055168418,170.15576171875,34042100
2018-08-02,169.19421556821757,175.25102834505836,168.78779613261557,174.83468627929688,32400000
2018-08-03,176.143193705186,177.2930994227068,174.61659108428015,176.23240661621094,24763400
2018-08-06,177.4120446075218,184.17266777499256,176.8271842627591,184.07354736328125,49716200
2018-08-07,184.87650089173556,186.6608347566333,182.1207022493779,182.2099151611328,33398600
2018-08-08,183.14171314563106,185.22343826289293,182.16032585447192,183.56796264648438,22205200
2018-08-09,184.23216899315278,184.9459025536132,180.8914947897321,181.49618530273438,19732100
2018-08-10,180.45529943923142,180.514789833268,177.8581118934252,178.6907958984375,21500400
2018-08-13,178.53221852730192,181.02036329471073,177.3426525399582,178.48265075683594,17423300
2018-08-14,179.13688962040038,180.40574575189405,177.06507199663935,179.5334014892578,19102000
2018-08-15,177.778829887056,179.29550992645753,173.25852740680355,177.96717834472656,33020200
2018-08-16,178.84942246561022,178.928727872026,172.49521858241766,173.17921447753906,31351800
2018-08-17,172.9809517112012,174.68598006708459,170.54235971933474,172.28704833984375,24893200
2018-08-20,172.52495477389732,173.0503549777457,169.42221207590367,170.9983673095703,21518000
2018-08-21,171.30568856027688,172.65385038129463,169.89805145870795,171.11734008789062,19578500
2018-08-22,170.71091915104788,172.72324679740274,170.63161373567903,172.1284637451172,16894100
2018-08-23,171.58323065334875,174.0218227633762,171.32549942463032,171.39488220214844,18053600
2018-08-24,172.18791159408283,173.29817210641073,171.41470282486748,173.129638671875,14631600
2018-08-27,174.4580021356349,177.11466531741482,174.25973104663964,175.9152069091797,17921900
2018-08-28,176.54962580560777,176.68840648504852,174.29938217199907,174.7256317138672,15910700
2018-08-29,174.7652861733291,175.25101097225345,173.22877612102658,174.36875915527344,18494100
2018-08-30,174.3687542245393,178.22489050107828,174.17049828409725,176.09361267089844,24216500
2018-08-31,175.60787797152864,176.07378776467226,173.45676994567535,174.2002410888672,18065200
2018-09-04,171.98967045259835,172.37627487047934,167.33058730414652,169.6700439453125,29809000
2018-09-05,168.0145588140527,169.64028165892103,165.2191002555826,165.7246551513672,31226700
2018-09-06,165.52641733879844,165.52641733879844,158.6071832066759,161.1151580810547,41514800
2018-09-07,158.91448146466843,163.19688265178635,158.7657932814878,161.62071228027344,24300600
2018-09-10,162.0866428691979,163.57358539547653,160.7484036711241,162.7508087158203,20197700
2018-09-11,162.51286338512952,165.73457131569054,162.29477733052263,164.49545288085938,20457100
2018-09-12,161.82890140863114,163.05811259821402,160.3915267490299,160.58978271484375,24078100
2018-09-13,160.5897809423815,161.89829752903972,159.45970531115873,159.95535278320312,25453800
2018-09-14,160.31219947956913,161.42244483751762,158.9442077878408,160.906982421875,21770400
2018-09-17,160.51046037567184,160.6492410497016,158.3791824975093,159.18212890625,21005300
2018-09-18,158.00247439429774,160.35183818281627,157.48699687338012,158.90455627441406,22465200
2018-09-19,158.68649405284017,162.01724561939005,158.09171104504333,161.6405487060547,19629000
2018-09-20,163.0680108438316,165.0010328711957,163.03827320694597,164.5747833251953,18936000
2018-09-21,165.18939936386894,165.79408992318628,161.39273767188777,161.51168823242188,45994800
2018-09-24,159.62820142342736,164.25754635300876,159.47951325288895,163.97007751464844,19222800
2018-09-25,160.57984731873293,164.1484994614074,159.74714820541337,163.47442626953125,27622800
2018-09-26,162.8697482596192,167.8262225515981,162.78053535259377,165.49667358398438,25252200
2018-09-27,166.09144511635068,170.2747103408988,165.75440851792655,167.37020874023438,27266900
2018-09-28,166.86465689793098,167.3206440392169,161.14488161871418,163.02835083007812,34265600
2018-10-01,161.61081559446748,164.436012271687,159.8562192856903,161.0259552001953,26407700
2018-10-02,160.17343728359683,160.8673407123467,157.28876539483633,157.94302368164062,36031000
2018-10-03,158.60716737566852,162.2353099596169,158.14125761142583,161.01600646972656,23109500
2018-10-04,160.05447377741564,160.05447377741564,155.98025132256063,157.46719360351562,25739600
2018-10-05,157.82405783719972,159.4993334078669,154.84025069375616,155.96041870117188,25744000
2018-10-08,154.18599788621452,156.9616265557203,153.04601483268362,155.88111877441406,24046000
2018-10-09,156.3173034494987,159.19205276080575,156.04964957710675,156.5254669189453,18844400
2018-10-10,155.45487196546546,156.31729367976462,149.99282743901162,150.06222534179688,30610000
2018-10-11,148.8231049644271,153.4623577358115,147.86154772210898,152.01507568359375,35338900
2018-10-12,155.36566533067307,155.5242761652078,149.98294059507097,152.40170288085938,25293500
2018-10-15,151.9853225608841,154.21573581046638,151.22202134686995,152.18357849121094,15433500
2018-10-16,154.04721516438818,158.07188500103024,153.6606107740999,157.39779663085938,19180100
2018-10-17,158.1710072394392,159.09291933521772,156.57502189165865,158.0322265625,17592000
2018-10-18,157.13015635672,157.27885967411262,151.94568802732547,153.5714111328125,21675100
2018-10-19,154.50322574740176,155.98026061313823,152.213336918493,152.708984375,19761300
2018-10-22,153.4128023118527,155.9703451195602,153.1154259251105,153.43263244628906,15424700
2018-10-23,149.90363240458046,153.42273271016217,149.53685809172077,153.04603576660156,19095000
2018-10-24,152.9369669569993,153.3037412080965,144.33253499208868,144.76869201660156,27744600
2018-10-25,146.4439851572699,150.884997012413,145.72034414609865,149.63595581054688,22105700
2018-10-26,144.55061747348904,147.70292773104728,142.54819770790712,144.10452270507812,31303300
2018-10-29,147.2073082503133,147.53443741709603,137.81974334238814,140.8531036376953,31336800
2018-10-30,138.72179810056574,145.36347030089044,138.5235421638017,144.94712829589844,50528300
2018-10-31,153.65070640888268,155.03851319057912,147.66329198875871,150.46864318847656,60101300
2018-11-01,150.20100726309514,151.42029575303908,148.04989914836352,150.4290008544922,25640800
2018-11-02,150.47855794739172,152.78827671223485,147.66328426550686,149.0411834716797,24708700
2018-11-05,148.79337907832831,148.88259199421714,146.15653086279244,147.38572692871094,15971200
2018-11-06,148.0102449729076,149.6557982024448,146.71165102252405,148.634765625,16667100
2018-11-07,150.25056724684592,151.67801912097306,148.52570876741538,150.21090698242188,21877400
2018-11-08,149.1799509184156,149.62603052637508,145.46259564215794,146.58274841308594,24145800
2018-11-09,145.47253139151496,146.4737338283187,142.81586823201502,143.6981201171875,17326900
2018-11-12,143.2222659943768,143.777388652633,139.2670094913224,140.31777954101562,18542100
2018-11-13,140.76384405552326,143.61877756399767,140.38714723816724,140.92245483398438,15141700
2018-11-14,142.44906103823376,144.3127001195929,140.31778324911562,142.96453857421875,22068400
2018-11-15,141.0910209250374,143.57916596072764,139.6040784064898,142.59779357910156,30320300
2018-11-16,139.84195575851916,140.53585904897696,136.57068010240974,138.3153533935547,37250600
2018-11-19,136.41205889906274,136.55083954655822,130.0677791193329,130.40481567382812,44362700
2018-11-20,125.92417487518362,132.99211150709772,125.74574151200677,131.27716064453125,41939500
2018-11-21,133.23003563116546,135.99575702053914,132.9623968845504,133.64639282226562,25469700
2018-11-23,132.48653604009556,133.32914262004758,130.11734221493376,130.583251953125,11886100
2018-11-26,131.84221340822126,135.80739275884446,131.6241273338603,135.1927947998047,24263600
2018-11-27,134.56830037434895,135.4208147055159,132.54606516779296,133.8248291015625,20750300
2018-11-28,135.09367119656213,135.5992261630699,130.70224193837456,135.56948852539062,29847500
2018-11-29,134.73677975533016,138.77135662285056,134.47904856729994,137.47274780273438,24238700
2018-11-30,137.0564370983846,139.7428531223414,136.16427767582408,139.385986328125,25732600
2018-12-03,141.75517813601164,142.4292514429106,139.53467199818564,139.86180114746094,24819200
2018-12-04,139.50490690908026,142.14175459277394,135.9659924922978,136.72927856445312,30307400
2018-12-06,132.65508433575613,138.483887779014,132.50638103240237,138.4145050048828,28218100
2018-12-07,138.03782651860317,139.64371955233614,135.470376140337,136.2237548828125,21195500
2018-12-10,138.3847750580367,141.80473946175877,137.79989956721752,140.6151885986328,26422200
2018-12-11,142.62750387132854,142.62750387132854,139.87170547544025,140.84317016601562,20300300
2018-12-12,141.83448939013158,145.90871241572717,141.26944398375352,143.24212646484375,23696900
2018-12-13,144.302803245045,144.580364601951,141.9435165853843,143.74766540527344,18148600
2018-12-14,142.09217482833407,144.73892979070197,141.2693984344513,142.805908203125,21785800
2018-12-17,141.83447667724295,143.6584556703444,137.21503879444398,138.96963500976562,24334000
2018-12-18,139.85188126324957,144.65965227927774,138.61276268293932,142.409423828125,24709100
2018-12-19,139.98076079733482,143.64854893654393,131.34657548193047,132.08013916015625,57404900
2018-12-20,129.56223074953317,134.3898468384208,128.8683273964364,132.2387237548828,40297900
2018-12-21,132.22882859152864,133.7256784733201,122.3456170426725,123.86229705810547,56901500
2018-12-24,122.02839931806469,128.6106043386835,121.94909391183293,122.98004150390625,22066000
2018-12-26,124.90319094980224,133.07146856519978,124.79414787647417,133.01197814941406,39723400
2018-12-27,131.2871037414817,133.8149088534254,128.54121253354535,133.3489990234375,31202500
2018-12-28,134.1618521112041,134.73680498535606,131.04918663800913,132.0404815673828,22627600
2018-12-31,133.27958855629578,133.4679369965346,128.81876176479938,129.94883728027344,24625300
2019-01-02,127.8671503737104,136.31297307313866,127.44088564861505,134.4989013671875,28146200
2019-01-03,133.51750212740563,135.97590905312902,129.9785723489049,130.5931854248047,22717900
2019-01-04,132.84339622494832,136.7986674912349,132.58566505038166,136.7490997314453,29002100
2019-01-07,136.36252664587698,137.66112056969328,134.72689607981036,136.8482666015625,20089300
2019-01-08,138.67222795755654,141.8939360341055,138.3252687296988,141.28924560546875,26263800
2019-01-09,141.70560054652648,143.44036659235024,140.04023240299622,142.97445678710938,22205900
2019-01-10,141.8344719917478,143.30158416591036,139.61396603483087,142.94471740722656,16125000
2019-01-11,141.9038669761201,144.09463548546228,141.32892921218115,142.5482177734375,12908000
2019-01-14,140.76385525654737,145.29407954885505,140.0402143204262,144.1243438720703,20520300
2019-01-15,144.73897174350674,149.36831739412628,144.7191567349876,147.65338134765625,24069000
2019-01-16,147.70294298969063,148.34727863691265,145.72035315090284,146.25564575195312,18025700
2019-01-17,145.6707790695301,147.70293659145,145.2246994003183,147.009033203125,15787900
2019-01-18,148.44638738186362,151.1030500258007,147.25683671851928,148.73385620117188,31029600
2019-01-22,147.90120084429688,150.21091985120773,145.09583437133543,146.285400390625,22378700
2019-01-23,146.98921881414896,147.50469644038512,141.81465779474877,143.0438690185547,20098400
2019-01-24,143.3809034439345,145.16523741000162,141.27936295387815,144.560546875,20955500
2019-01-25,146.196149787882,148.5256985691738,145.2643302753653,147.71282958984375,22237200
2019-01-28,146.7612015918361,147.6632835111283,144.93722274747904,146.18624877929688,15508500
2019-01-29,146.80085852361344,146.81078115325562,142.18142064639198,142.934814453125,17632100
2019-01-30,144.94714479455325,149.63596554324403,144.43166719952566,149.11058044433594,44613200
2019-01-31,164.15844480413764,170.18550460695715,163.56366180174726,165.23895263671875,77233600
2019-02-01,164.39634462521155,167.62797571991626,164.21791880145875,164.26748657226562,30806500
2019-02-04,164.25755728331245,167.82622487328953,162.19566213421007,167.7766571044922,20036000
2019-02-05,167.67753145426727,170.48289792287443,167.22154425674623,169.6700439453125,22557000
2019-02-06,169.7096855492788,170.96863432011753,167.79649363363717,169.00587463378906,13281200
2019-02-07,166.73577394594173,167.76672895660857,163.81145745826257,164.93162536621094,17517600
2019-02-08,163.03826346354623,165.91301244772862,162.78053225061998,165.8733673095703,12561400
2019-02-11,166.4383885857827,166.83491557591657,163.6429451536395,164.3467559814453,12811200
2019-02-12,165.40745053528556,166.87456260048933,163.06799420787289,163.60328674316406,16292300
2019-02-13,163.9403633711484,164.77304749739332,162.30471763106678,162.6417694091797,14205100
2019-02-14,161.76943313654814,163.43480147265234,160.83761341831595,162.52281188964844,12755200
2019-02-15,163.07794686835544,163.26629535221136,159.45972590551926,161.08544921875,15504400
2019-02-19,159.1028318222628,162.72105216534464,158.93431350398367,160.8772430419922,14345400
2019-02-20,160.8375832306131,162.29478781418132,159.8462884187141,161.14488220214844,11770700
2019-02-21,160.5203512781938,160.82766535586853,158.20072519817566,158.6468048095703,15607800
2019-02-22,159.18213427165955,160.99620572431036,158.91448041773808,160.48072814941406,15858500
2019-02-25,161.6504557921238,164.6243402932276,161.48192235955088,163.18695068359375,18737100
2019-02-26,162.90939636367105,164.79286570447985,162.37410378581643,162.70123291015625,13784100
2019-02-27,161.4819436294445,162.50297623256728,159.0136288490233,161.39273071289062,12697500
2019-02-28,160.95657583181028,162.07674410230544,159.45972572000395,160.04458618164062,11114200
2019-03-01,161.1845464371865,161.7099314903632,160.28246450589862,160.86732482910156,11097800
2019-03-04,162.4732153985315,166.0418828108191,162.40383262643738,165.9130096435547,18894700
2019-03-05,165.91301343665094,170.38376287008228,165.10015952891004,169.76914978027344,28187900
2019-03-06,171.39487465270062,172.0590555174548,169.77907432212362,171.00827026367188,21531700
2019-03-07,170.0070634938106,170.24497969856398,166.1509272067736,167.65769958496094,18306500
2019-03-08,164.75317000209301,168.14339593519315,164.52517646482,168.1235809326172,13184800
2019-03-11,170.10620324497287,172.78269632948613,170.0863731125954,170.57211303710938,18884000
2019-03-12,170.5919039065844,172.28702452497805,169.7294823446765,170.4233856201172,12155300
2019-03-13,170.8199616768411,172.51506765646533,170.62169057605306,171.86080932617188,11973300
2019-03-14,168.2822251086199,169.6601244827875,166.6961622656857,168.68865966796875,18037400
2019-03-15,165.7048615974504,166.12120364657443,161.095331167797,164.53512573242188,37135400
2019-03-18,162.14612531215909,162.4732393410278,157.89346142533574,159.07310485839844,37524200
2019-03-19,160.0742699027431,162.39391108315573,159.42002687202103,160.1634979248047,25611500
2019-03-20,160.0940980011946,164.6738747879194,159.83636681817808,163.9998016357422,20211500
2019-03-21,163.45461871032083,164.94156108992567,162.32454310685958,164.63426208496094,16223000
2019-03-22,164.20798715419053,165.96258328787198,162.6615695960818,162.90939331054688,16389200
2019-03-25,161.5810539585268,165.09023092895288,160.5897591489653,164.8424072265625,12631200
2019-03-26,165.8931924201928,167.97490244456756,164.90189761069288,166.22030639648438,15437900
2019-03-27,166.38886129251935,167.4693691440519,163.35548607827695,164.42608642578125,10620300
2019-03-28,163.13740670660943,165.26868466187196,161.90819560219353,164.10887145996094,10443000
2019-03-29,164.94156113552356,165.73460009672405,163.37531334679161,165.23895263671875,13455500
2019-04-01,166.36902359647164,167.42970126577598,165.82380838049292,167.2314453125,10381500
2019-04-02,168.65889357946216,173.37745129573844,168.07403328839868,172.6835479736328,23946500
2019-04-03,172.98096190340783,176.41084894957973,171.4444517667529,172.02931213378906,27391100
2019-04-04,174.48770141601562,176.4504607327183,174.00196155629448,174.48770141601562,17847700
2019-04-05,175.34024382982997,175.45919437554022,173.57574014731654,174.19033813476562,9594100
2019-04-08,173.68478779432664,173.97225666273442,172.7133078920715,173.40721130371094,7297400
2019-04-09,174.09118943102257,177.63011915787962,174.0218066599249,176.0341339111328,19751000
2019-04-10,176.6289005579915,177.2335909922433,175.0031776877674,176.2720489501953,11701500
2019-04-11,176.6884236862657,176.84701938823807,175.45921245872302,175.9647674560547,8071000
2019-04-12,176.4505239532309,178.06633977131287,176.40095617411896,177.54095458984375,12329800
2019-04-15,176.94615269559492,178.92874264176405,175.3303370491596,178.0861358642578,10834800
2019-04-16,177.4417698933258,178.6015829987426,176.74786655580616,177.31289672851562,11215200
2019-04-17,178.0365628932567,179.166638428535,176.80735182160203,177.22369384765625,9973700
2019-04-18,177.24355076043295,177.32285617632473,175.79625339084072,176.7280731201172,11655600
2019-04-22,176.69831676064928,180.0885435195673,176.69831676064928,179.8605499267578,13389900
2019-04-23,181.14920539426612,182.61631736740568,179.9001643470362,182.18014526367188,19954800
2019-04-24,182.88399264176886,183.5283282450124,180.06870376711515,180.99061584472656,37289900
2019-04-25,195.26528586530097,196.7522283729203,190.4475915355759,191.57766723632812,54148800
2019-04-26,190.82426145000804,191.22077334549448,187.4439423312348,189.82305908203125,22075000
2019-04-29,189.28773553341924,193.70891691505915,188.99034407372864,193.0843963623047,19641300
2019-04-30,192.4995314758393,195.67167167624225,190.60615485783273,191.71640014648438,23494700
2019-05-01,193.0844058456924,194.47221255780033,191.3298097607027,191.34963989257812,15996600
2019-05-02,191.31991371449158,192.31120860420398,188.0982053229263,190.85400390625,13209500
2019-05-03,192.68789436252177,194.45239795411985,192.02372863992778,193.76840209960938,14575400
2019-05-06,189.57524280183202,192.5887726532269,188.89124689822324,192.1922607421875,13994900
2019-05-07,190.8639180414059,191.22078481914016,186.21475755292488,188.1180419921875,16253000
2019-05-08,187.74135696836157,189.05978111608488,186.90867280957667,187.89004516601562,12505700
2019-05-09,185.57039222153955,188.1180272372568,184.63857264576686,187.0077667236328,12967000
2019-05-10,186.6112570636917,188.34602306561183,182.9831142523029,186.70046997070312,12578500
2019-05-13,181.90260027291666,183.81579202350136,179.26575240984758,179.95965576171875,16833300
2019-05-14,180.93114936380755,181.89270662678092,176.54962772139402,179.15672302246094,17628100
2019-05-15,178.84941753091877,185.6497009023566,178.45290563573982,184.64849853515625,16746900
2019-05-16,183.43911397532904,186.9383835658683,183.43911397532904,185.3622283935547,12953100
2019-05-17,183.23096358840667,185.9471173251348,182.67584081032177,183.6869659423828,10485400
2019-05-20,180.29674087244464,182.62627506537186,179.79117073781356,181.12942504882812,10352000
2019-05-21,182.96329689409416,184.08344978385523,182.28920853365662,183.21112060546875,7502800
2019-05-22,183.12188117363468,185.1143933696589,182.0116358561002,183.70675659179688,9213800
2019-05-23,180.83202720147187,182.299139526583,178.10596602508983,179.29551696777344,12768800
2019-05-24,180.74280498768937,182.03149141179736,179.25586260432482,179.48385620117188,8807700
2019-05-28,179.95969024016546,183.10210874633503,179.87047731910943,182.70558166503906,14843300
2019-05-29,181.90259768757196,182.9533677663223,179.77131989583935,180.60400390625,12797700
2019-05-30,181.48626801908497,181.88277991976952,179.31532981683242,181.4168701171875,8581500
2019-05-31,178.71064615567346,178.968377388357,175.61781085963088,175.92510986328125,15226500
2019-06-03,173.47660994406445,173.52617771495474,159.60838865233333,162.72105407714844,56059600
2019-06-04,162.2849144221923,166.8151247992806,159.43988742839213,166.0419158935547,46044300
2019-06-05,166.02204361818937,167.25125457665985,163.1968626031123,166.70603942871094,19758300
2019-06-06,166.83494741940248,168.2227543348642,165.7742545350446,166.86468505859375,12446400
2019-06-07,168.68864732746155,172.35643534550604,167.37022332653441,171.84097290039062,16917300
2019-06-10,173.22877409748656,176.31170166929564,172.28704702028858,173.2981719970703,14767900
2019-06-11,176.9263033452393,178.41324564337222,175.25101260252274,176.54962158203125,15266600
2019-06-12,176.8271870333414,177.70943887898022,171.37506514713394,173.51625061035156,17699800
2019-06-13,174.001995307064,176.48023259580583,173.0900057999222,175.92510986328125,12253600
2019-06-14,178.9386415209087,180.2570655866755,178.43308655435038,179.7515106201172,16773700
2019-06-17,183.3994149660741,187.85033332232712,182.80464726067976,187.36459350585938,29459900
2019-06-18,192.31122084075142,192.8366059556519,185.6497175479434,186.82936096191406,37571400
2019-06-19,185.37212889493662,186.46255923293725,182.94345964316256,185.8479461669922,21417100
2019-06-20,189.28773319298924,189.49591174998605,186.0065499264068,187.88009643554688,14635700
2019-06-21,187.10691055343167,190.3286189470669,187.10691055343167,189.47610473632812,22751200
2019-06-24,190.74495993412827,192.2913775343927,189.9023683575532,190.92340087890625,15509000
2019-06-25,191.2009454100532,191.45867661209593,186.49229512123998,187.19610595703125,16750300
2019-06-26,187.89002176271006,189.09940270619464,185.6794384524873,186.02639770507812,12808600
2019-06-27,188.22706919422956,197.14872276061521,186.63108389564889,187.85037231445312,11159000
2019-06-28,188.89126135585855,191.51818700096754,188.2865708133669,191.31993103027344,16378900
2019-07-01,193.51069959023982,193.5800823733003,190.2592381418205,191.31993103027344,14181800
2019-07-02,191.31991569323418,193.30250549316406,191.03244682766663,193.30250549316406,9050000
2019-07-03,192.46977772818707,195.68156279457432,192.46977772818707,195.48330688476562,10246100
2019-07-05,194.47222153436704,195.35448849502401,192.47972427873574,194.6903076171875,11164100
2019-07-08,193.49084747695187,194.96786714791654,191.9543374081715,194.05587768554688,9723900
2019-07-09,193.2727648400982,197.72368431682693,193.19345943422346,197.47586059570312,14698600
2019-07-10,198.25896407775548,201.19320340152802,197.93183497191214,200.96519470214844,20571700
2019-07-11,201.49056812604985,202.0258757687231,198.46713119900554,199.47824096679688,13678500
2019-07-12,197.9417703650457,203.5128583262566,197.42630787650432,203.0865936279297,15366300
2019-07-15,202.47198536964194,203.54258568756845,200.06314599877723,202.13494873046875,16030300
2019-07-16,202.11511952873352,203.68136730888554,201.33200320163752,202.0655517578125,12132700
2019-07-17,202.4025913475716,202.58103230029513,199.835141111631,200.04331970214844,12083700
2019-07-18,198.40767539491912,200.70748690695692,197.6443891848717,199.03219604492188,11937900
2019-07-19,200.41999361955826,200.56869692864873,196.34578614217662,196.6332550048828,12098300
2019-07-22,198.16978284388716,200.80663111774905,197.07935231681313,200.55880737304688,13589000
2019-07-23,201.07425175994294,202.46207368084626,199.21062765329847,200.5984344482422,14583700
2019-07-24,195.90958655892646,203.02707561349845,195.50315208062383,202.87838745117188,32532500
2019-07-25,204.90066134904515,206.8436060894871,196.53412962401214,198.9628143310547,39889900
2019-07-26,198.447326346332,201.11391201920256,194.5416220616041,198.0111541748047,24434000
2019-07-29,197.26768926146963,197.89220990195136,193.5999010792876,194.2343292236328,16530800
2019-07-30,193.68907677640038,196.9801825419337,191.81553034089967,195.32470703125,11903600
2019-07-31,195.23555405103096,197.0297956436111,191.00272001776483,192.5392303466797,14593500
2019-08-01,192.47971305224087,196.74228379607928,189.21835975548873,191.05224609375,17777000
2019-08-02,189.4364680327754,190.94322544251955,186.43284559132607,187.37457275390625,15297000
2019-08-05,183.082265195433,184.0537300029914,177.7788312071651,180.1480255126953,23086700
2019-08-06,182.09098505857727,184.1726955297404,181.49620199483832,182.90383911132812,18035700
2019-08-07,182.00172845167083,184.7476041135495,179.64244202468092,183.53822326660156,15833200
2019-08-08,184.9954313391032,188.68304921720795,182.44781156029177,188.50462341308594,14828900
2019-08-09,188.3460147390881,189.31747942194767,185.4910808332626,186.21473693847656,11058800
2019-08-12,185.22345975312427,185.95700830499604,182.85426552621433,183.75633239746094,10930900
2019-08-13,183.90502266119785,189.7140110194485,183.7563193598577,186.80950927734375,13577000
2019-08-14,184.18259698527254,184.37094543800103,177.74908758513192,178.14561462402344,18903700
2019-08-15,179.37481100961836,181.6052245579926,178.46282150717607,181.0005340576172,12925900
2019-08-16,182.15044362624923,183.4886978338874,180.7725442767816,182.1008758544922,12654600
2019-08-19,184.39075137486302,185.86778616090027,183.24086083354322,184.5493621826172,9691200
2019-08-20,183.83563821004856,184.38085343626173,180.80227820270235,182.2099151611328,10083400
2019-08-21,183.38953813213305,184.28169740239255,181.54572919776624,181.95216369628906,8398200
2019-08-22,181.83320623694664,182.5072945973384,178.34385927172,180.45530700683594,10821400
2019-08-23,179.2657648255648,181.53583860114406,175.12215943315425,176.20266723632812,17323400
2019-08-26,177.83828257947536,178.9287129191165,176.68839209744098,178.78993225097656,8773600
2019-08-27,180.3462920632788,182.4379251180127,179.43430247852694,179.72178649902344,14399600
2019-08-28,178.95846118228755,180.36609807872819,177.36247584090782,180.17774963378906,9386100
2019-08-29,182.17025611505056,184.46014476439868,181.87286463927418,183.95458984375,10128700
2019-08-30,185.15406416381285,185.17389429750483,181.86297289106756,184.05372619628906,10774500
2019-09-03,182.39826200894478,184.05372268054123,180.5247152487826,180.80227661132812,9779400
2019-09-04,183.04256545755877,186.1155851644519,182.2891869096944,185.51089477539062,11308000
2019-09-05,186.88882563279574,189.69419200509188,186.30396527407314,189.23818969726562,13876700
2019-09-06,188.5542183610433,188.5542183610433,184.72781926389777,185.85789489746094,15226800
2019-09-09,186.09578874444315,187.33490737878313,184.2321646040486,187.1168212890625,14722400
2019-09-10,185.80831088948224,186.46256912699883,182.94346935049393,184.5493621826172,15455900
2019-09-11,184.8368697758561,187.79092459936038,184.4601728408056,186.8491973876953,11761700
2019-09-12,188.2072527077104,189.26793039867314,185.6001422473146,185.8380584716797,11419800
2019-09-13,185.6992665141406,186.33369461463457,184.916135110212,185.56048583984375,11441100
2019-09-16,185.3027488986509,186.15526311999932,184.15285830726447,184.59893798828125,8444800
2019-09-17,185.03509691872384,186.68064996960592,183.92483642154767,186.44273376464844,9671100
2019-09-18,186.45264475670885,187.43403210381956,184.39074965303598,186.50221252441406,9681900
2019-09-19,187.01767496278183,189.43643662205002,186.512104949403,188.4847869873047,10392700
2019-09-20,189.00026741214742,191.4190291086454,186.4823701867275,188.276611328125,19934200
2019-09-23,187.69176244752776,188.44515621084508,183.5977250205933,185.19371032714844,13327600
2019-09-24,186.3436074918448,186.40308276455025,178.81968297541698,179.70193481445312,18546600
2019-09-25,179.87048585120894,181.8233383320851,176.32164771657008,181.208740234375,18068300
2019-09-26,179.75147981068054,179.82086257806017,176.12333737570924,178.54209899902344,16083300
2019-09-27,178.91880793458682,179.18644664593606,174.13085212743323,175.55831909179688,14656200
2019-09-30,176.3216065865108,177.11464547576873,175.31049675051665,176.52978515625,10740000
2019-10-01,177.5904776543643,178.27447356464504,173.35765926557306,174.27955627441406,17073000
2019-10-02,173.3179944761418,174.9932852559371,171.5832284232583,173.08009338378906,16151700
2019-10-03,174.0416354160809,178.27445332430023,172.1185210826058,177.81846618652344,16086300
2019-10-04,177.9869910873137,179.40453544439083,176.5496165982193,178.879150390625,10430200
2019-10-07,178.433051041195,179.6027715597834,176.5396744804726,178.11582946777344,9178300
2019-10-08,176.70822218642866,178.79985501576326,176.17292959961395,176.20266723632812,9466900
2019-10-09,177.60039741133014,179.14681503079768,176.3910164266779,178.28439331054688,7556900
2019-10-10,178.750298314045,180.02906204160385,177.61030013736234,178.4628143310547,8605000
2019-10-11,180.56435883307805,184.86659016737028,180.55445132948677,182.58660888671875,14930500
2019-10-14,182.59651401131947,183.0128560461247,180.98071364132852,181.6845245361328,7006000
2019-10-15,182.20000950385625,188.7227318991108,182.06122881995552,187.24569702148438,15039100
2019-10-16,186.68065964915132,188.048636302201,185.27300760428005,187.8999481201172,10516900
2019-10-17,188.6434073356574,189.17869988321854,187.12672747061578,188.7326202392578,9603000
2019-10-18,188.5740238344982,189.82306508409687,182.31895546076947,184.23216247558594,16874200
2019-10-21,185.4117852721347,188.2568118261365,185.12431641612076,188.1081085205078,8122600
2019-10-22,188.34602304935783,188.99035865677462,179.92001675504446,180.75270080566406,19537600
2019-10-23,180.4255657834059,184.75753445744107,180.41565828049383,184.52952575683594,12300400
2019-10-24,183.01287946535933,185.10451253646298,181.20873041700207,184.757568359375,11413500
2019-10-25,184.21232949714437,187.35473245387462,183.47876584007477,186.25439453125,8061200
2019-10-28,185.57042051014523,187.8801396694771,183.468879955715,187.7512664794922,13657900
2019-10-29,190.02131975799415,190.85400383481056,186.82934900423825,187.6620330810547,13574900
2019-10-30,187.90984563878274,188.7920974328394,184.36100833067871,186.6112518310547,28734600
2019-10-31,194.987701137253,196.3656004243641,186.61126237203993,189.98165893554688,42286500
2019-11-01,191.171192716398,192.4202186176917,188.25678382075571,191.93447875976562,21711800
2019-11-04,192.8564297987559,195.65187360892588,192.1228661122772,193.0249481201172,16371300
2019-11-05,193.66926543593132,194.0459623103527,191.91468448350878,192.62841796875,9942000
2019-11-06,192.3409449160828,192.67798154603338,189.6842818904118,189.88253784179688,10973000
2019-11-07,190.23939436044753,191.75607423951277,187.82063255630302,188.76235961914062,13473000
2019-11-08,188.34601167836288,190.6656378761717,188.04862021367907,189.17869567871094,10760800
2019-11-11,188.27663338286612,188.42533669366813,186.89873407480903,187.9594268798828,8631200
2019-11-12,188.3460255825402,193.3619752121112,188.08829436129892,192.77711486816406,17615500
2019-11-13,193.00508940899556,193.99638418266886,191.06216012313234,191.50823974609375,10860700
2019-11-14,191.25052657281392,192.3409570632365,189.7834142887585,191.46861267089844,9040500
2019-11-15,192.5689274374147,193.59988252690587,191.69659827625904,193.40162658691406,11524300
2019-11-18,192.86630610144013,196.90088303543436,191.36945645906076,195.68157958984375,16167200
2019-11-19,195.6816155610578,198.2589884614407,195.1463229476345,197.5849151611328,19056800
2019-11-20,196.8513422129747,197.85254461233583,193.72875421578917,195.7906494140625,12355400
2019-11-21,195.7014609765038,197.3569218443081,195.14633818561873,196.20701599121094,12131000
2019-11-22,196.65309172959883,197.56508124394298,195.89969790725704,197.08926391601562,9959800
2019-11-25,197.78314254494208,199.22051697839632,197.51548871392592,198.05078125,15272300
2019-11-26,198.25896274591634,198.4076509175924,196.31601825558465,197.23793029785156,11735500
2019-11-27,198.15985173165873,201.37165277087047,197.68403439746598,200.2415771484375,12736600
2019-11-29,199.8450747047195,202.02592064301706,199.45847026623022,199.8847198486328,7985200
2019-12-02,200.3704481627684,200.420000808283,196.3259630509845,197.9615936279297,11503400
2019-12-03,195.87988289948183,197.19829183665968,193.381815457433,197.08926391601562,11595300
2019-12-04,198.25895771362823,198.28869534720863,196.32593590111196,196.98019409179688,8456300
2019-12-05,198.12018966216903,199.5377340396137,196.4845592072776,197.62454223632812,9740400
2019-12-06,198.75463522235444,199.81532806729382,198.31846302914425,199.2998504638672,12270600
2019-12-09,198.90333009891077,201.37166002475382,198.46717301699957,199.5873260498047,11954800
2019-12-10,199.90454567511955,200.29115010527653,198.407680601825,199.1214141845703,9475700
2019-12-11,198.53653845768358,200.86608748899027,198.53653845768358,200.49929809570312,8036800
2019-12-12,200.58853487278247,201.88712880922554,192.41035171100938,195.0372772216797,23734800
2019-12-13,194.69030084143077,195.08682785364928,191.48842273830536,192.4202423095703,18798000
2019-12-16,193.57012700638194,197.3866026579484,193.1141247731725,196.19705200195312,14911500
2019-12-17,197.1091046508714,197.2677154895361,194.42270352856272,196.66302490234375,10175700
2019-12-18,198.34818884451172,202.52154694337764,198.34818884451172,200.73721313476562,23274400
2019-12-19,201.01478911967473,204.50415158534474,200.74713524741477,204.2662353515625,16514600
2019-12-20,205.67387116647618,205.90187989475402,201.6591236098735,204.504150390625,27306900
2019-12-23,204.90065520160314,206.7742019794803,203.88953015650694,204.3851776123047,13348900
2019-12-24,204.50413215983875,204.98985695947684,203.21544581969275,203.3343963623047,6046300
2019-12-26,203.78049468916097,206.0109081576368,203.52274834107865,205.9811553955078,9350700
2019-12-27,206.8534823140584,207.1112135144871,204.79158733275432,206.2884521484375,10284200
2019-12-30,206.05056445389897,206.09020959561857,202.12502988140977,202.63059997558594,10524300
2019-12-31,202.22415350706075,203.77057108431418,201.8276416093914,203.46327209472656,8953500
2020-01-02,204.95020479858297,207.9637344071887,204.4743875184786,207.95382690429688,12077100
2020-01-03,205.40623346697336,208.56845165508497,205.14848709907997,206.853515625,11188400
2020-01-06,204.9006640479928,210.927739185822,204.72223821666302,210.7493133544922,17058900
2020-01-07,210.9673906495363,212.71206425110722,209.9066978321433,211.20529174804688,14912400
2020-01-08,211.14583572320578,214.35763697955275,210.75923127692005,213.3465118408203,13475000
2020-01-09,215.6462796790009,216.4789788667449,214.39725358632398,216.39967346191406,12642800
2020-01-10,217.291833977407,217.96592235915483,215.52733030671448,216.16175842285156,12119400
2020-01-13,217.68836741282854,220.0377314997937,217.30176300451834,219.97825622558594,14463400
2020-01-14,219.68086596283632,220.44416728003057,216.72681136156237,217.15306091308594,13288900
2020-01-15,218.6895761650598,219.75025387976635,218.2236663356402,219.22486877441406,10036500
2020-01-16,220.6325164962698,220.69199177101737,218.4714857160289,219.8394775390625,10015300
2020-01-17,220.09717950298977,220.3549107012759,218.61023732819538,220.2062225341797,15905900
2020-01-21,220.22607789610095,220.4342413538847,217.21253293939026,219.51234436035156,14275800
2020-01-22,220.37474374977492,220.8109158803091,219.35371131964186,219.39337158203125,12212800
2020-01-23,218.82834170856364,219.5619053548799,217.36122954189034,217.84695434570312,11195000
2020-01-24,218.87788930555618,219.84935394961207,214.2287143914948,216.04278564453125,11905800
2020-01-27,211.24494592278575,214.17917031016634,210.6501629417429,212.99952697753906,13810700
2020-01-28,214.25847351180462,216.83584623519565,211.66128578161968,215.89410400390625,13413800
2020-01-29,219.51234719018524,222.2483156951887,216.5483699652949,221.28675842285156,33181300
2020-01-30,204.7321393985765,209.58947847472322,202.96763564432172,207.70602416992188,48775500
2020-01-31,206.6155751830227,206.8733215207169,199.30973708992997,200.15234375,31359900
2020-02-03,201.66905013841216,203.35424855404304,200.7372304509798,202.4125213623047,15495600
2020-02-04,204.82135457285582,208.7667193037582,203.4137175806596,208.00341796875,19628900
2020-02-05,210.6600925221653,210.8781786296722,206.89318366732485,208.28099060058594,12538200
2020-02-06,208.63784471301705,209.35157827127708,207.5176766040334,209.01454162597656,10567500
2020-02-07,208.46930116761217,210.9673683192804,208.10251180296524,210.48162841796875,12242500
2020-02-10,209.67870423741732,211.93885542902783,208.82619000718108,211.20529174804688,11856400
2020-02-11,208.36026761626928,209.0244333528046,204.71229469095942,205.38638305664062,25030800
2020-02-12,206.04065155669,209.38131053815937,205.59455674975018,208.92530822753906,13813700
2020-02-13,207.69612402270548,212.46425035483114,207.35907224095146,211.28460693359375,15396600
2020-02-14,212.1370801838065,213.05897705685584,210.79882619768443,212.3155059814453,10741700
2020-02-18,211.6910190874841,216.0824480300486,211.54231578381527,215.90402221679688,15609200
2020-02-19,216.09238818984397,216.41951733330308,214.22874887291087,215.59674072265625,12135100
2020-02-20,214.63513503326817,216.8655481327301,211.0962056549959,212.71202087402344,13109200
2020-02-21,211.62164878429857,212.3750426521671,207.01213316267163,208.35037231445312,14092300
2020-02-24,200.0433176124331,201.87720413639323,196.44491221736035,198.97271728515625,23080100
2020-02-25,200.48937442921064,201.7284929361897,194.24421412884456,195.0570831298828,21433500
2020-02-26,195.47339938335992,199.4584082121268,193.78820146105156,195.48330688476562,16524500
2020-02-27,190.15019325122768,194.1748480885161,187.85038184365735,188.09820556640625,21682600
2020-02-28,181.10958449994126,191.06219427727905,180.23725522882313,190.79454040527344,32568900
2020-03-02,192.34094096110195,194.8588383823931,187.20604083380425,194.72996520996094,24949000
2020-03-03,194.51188274461072,195.5230077584199,182.36852045331503,184.2718048095703,27984100
2020-03-04,187.52326321969804,190.16011140769461,184.7674644784254,190.09071350097656,23062500
2020-03-05,185.15406034636916,187.34482873238224,182.2892186883273,183.55807495117188,19333400
2020-03-06,176.77761198822552,182.18016588247215,174.7256243932262,179.51358032226562,24559600
2020-03-09,168.12361063187322,173.47659670849464,163.75199676458902,168.02447509765625,29949000
2020-03-10,173.149477456772,176.73796013558226,168.02448466585489,176.6388397216797,24517800
2020-03-11,172.49522768723494,174.34895951738508,166.20051387107003,168.758056640625,20373900
2020-03-12,158.15116182187842,165.14971564244885,152.9964320146646,153.12530517578125,43266300
2020-03-13,162.10644356283814,169.30323863758935,156.22807243704884,168.7976837158203,35028600
2020-03-16,150.99405163604348,157.7447677177131,141.8543111327493,144.7389678955078,39120400
2020-03-17,149.4277790519693,152.59991929028575,138.78126777847572,148.1192626953125,34255600
2020-03-18,138.53346672486657,146.8900757398305,135.90654120587038,145.6807098388672,37553100
2020-03-19,145.34367202253395,158.53780641212242,143.53952293884313,151.79701232910156,39862300
2020-03-20,154.66185962784465,157.8835685755813,146.71166900462208,148.42660522460938,32568400
2020-03-23,148.35720874770473,150.98413436617852,141.0117093943652,146.810791015625,29830800
2020-03-24,153.85886858271328,159.9057576306904,151.24185098346032,159.57862854003906,30440400
2020-03-25,157.53659002543301,161.5711676910729,151.72760107288883,154.85018920898438,35184300
2020-03-26,156.8724186451682,162.57236434633546,155.65313014783945,161.91810607910156,26556800
2020-03-27,156.8228699969385,158.69641698995204,153.40290518441685,155.42514038085938,24879900
2020-03-30,157.79431561478617,165.2984253012151,156.68407016221562,164.50538635253906,22515200
2020-03-31,164.03946028004327,169.44201394815866,162.7706041382974,165.3479766845703,23676300
2020-04-01,160.21306753205042,162.72104227236392,156.66423018239112,158.21066284179688,19507600
2020-04-02,157.71500914670497,159.9454224525926,154.56268380888545,156.81292724609375,20886300
2020-04-03,155.7819919969896,156.53538582342665,149.5170159130177,152.8378448486328,25983300
2020-04-06,158.75586999811065,164.75320708570277,157.13014698953972,164.10887145996094,28453600
2020-04-07,170.2945455005244,171.88062340287595,164.5648621453682,167.36032104492188,31411900
2020-04-08,169.75924101007092,173.4765966526272,166.2798015739834,172.7628631591797,21664200
2020-04-09,174.3687890252743,175.53852502146955,170.076494873485,173.66497802734375,23534300
2020-04-13,172.15817198476006,173.476595928935,167.97490657571132,173.26841735839844,19355400
2020-04-14,177.42194971191222,179.65236314571018,175.08249323853468,176.61900329589844,21011800
2020-04-15,173.6649398114376,176.63882423505683,171.3155759570851,175.429443359375,17423000
2020-04-16,176.40092708998696,176.50006263186586,171.00828033251065,174.71572875976562,23593200
2020-04-17,177.64004249237715,178.71064279610266,175.1221601097714,177.67970275878906,20974800
2020-04-20,175.86563891213842,178.92873664609874,175.23121075566158,176.68841552734375,16110700
2020-04-21,173.7244463083156,173.85331949681193,166.87459432435907,169.3131866455078,24850500
2020-04-22,176.89656099734918,183.17145914344033,176.5892620174074,180.69322204589844,33242000
2020-04-23,182.4775699303214,185.42171704056207,181.5556577930537,183.5184326171875,21426600
2020-04-24,181.63496693142514,188.7524724391057,179.2558651348406,188.41543579101562,28792000
2020-04-27,190.98286759995668,192.0633753458659,185.77856968735904,185.86778259277344,29197800
2020-04-28,187.01769454861898,187.55298712512695,180.97078976717316,181.3177490234375,21731000
2020-04-29,189.26791146399665,195.19586533888122,188.346014547985,192.49954223632812,45954500
2020-04-30,205.11874712075365,207.86463833916753,199.815328268595,202.92799377441406,46230100
2020-05-01,199.845035356808,205.4755824934736,197.3172306216393,200.5092010498047,30415600
2020-05-04,198.45722553825703,204.11752577558354,197.02975853702785,203.47317504882812,19250700
2020-05-05,205.21787302604636,208.54862447224508,204.70239544631238,205.26744079589844,21071200
2020-05-06,206.30826843159727,209.75798521785813,204.86098649767018,206.6552276611328,21857000
2020-05-07,209.3218238046091,209.75799595802985,207.2202684404872,209.4209442138672,15152000
2020-05-08,210.3924370574454,211.35399432982777,209.014537738149,210.50148010253906,12506000
2020-05-11,209.05419049730784,213.12841332924486,208.53871289026586,211.32424926757812,12911900
2020-05-12,211.43325955110413,213.40594163272354,208.17190634052415,208.2710418701172,14704600
2020-05-13,207.60689964991752,208.94515391846076,200.3506282880669,203.31460571289062,20684600
2020-05-14,200.79668613999704,205.1286398749658,198.94296957623862,205.0096893310547,17178900
2020-05-15,203.48308610249018,209.50023762187058,202.34308801660057,209.04425048828125,19383200
2020-05-18,210.30319710358134,212.7715267339531,209.103738801475,211.3341522216797,20151900
2020-05-19,211.41347485337647,218.5706254884204,210.9773026621722,214.99205017089844,31843200
2020-05-20,221.554414532137,229.3261630716245,221.2471155272125,227.9680938720703,50162900
2020-05-21,232.67673086362328,235.13513788236287,229.18736871943992,229.37571716308594,47782600
2020-05-22,229.49467014998513,233.9356820629517,226.74879424788477,232.86508178710938,33925600
2020-05-26,237.6827745670303,238.8029274814234,229.65328009154226,230.1786651611328,33178300
2020-05-27,227.0759114176311,228.55293101712496,219.20502813569777,227.14529418945312,34697600
2020-05-28,222.3474393070935,229.61363241933896,222.05004782499321,223.49734497070312,29377200
2020-05-29,223.23962777027006,225.50970175822215,220.93983126878283,223.13058471679688,23241500
2020-06-01,222.63490409854282,230.41657462940574,221.55439635505033,229.8911895751953,18223800
2020-06-02,228.9296188168734,230.9716836426595,224.5877428419967,230.69412231445312,20919000
2020-06-03,230.08945509538248,230.62474767491267,226.5406176115093,228.15643310546875,15380300
2020-06-04,227.56166814251998,229.6136559660789,222.6547611255217,224.32012939453125,17041500
2020-06-05,224.7364838555443,229.33609179979157,223.34866185561455,228.76113891601562,16750400
2020-06-08,227.03627128724105,229.53433868756787,225.43037837858236,229.38563537597656,15466500
2020-06-09,229.50459387983992,237.68277660516696,228.40425596266664,236.59234619140625,27462900
2020-06-10,238.86243903909462,239.11026277787252,233.23187582856167,234.66925048828125,20720700
2020-06-11,227.93836321427702,230.86268029147104,221.60398908906214,222.476318359375,26708200
2020-06-12,227.89869613147326,229.64338487185313,222.5457096121225,226.59019470214844,22091400
2020-06-15,223.1305455168529,231.73499234719503,222.84307667690538,230.47604370117188,15340300
2020-06-16,235.07566763151695,236.38418413576704,230.9717074264881,233.5986328125,15236700
2020-06-17,232.9543206803659,235.52177105252738,229.71278185520407,233.47970581054688,19578100
2020-06-18,232.94438131987675,234.08436434245675,230.12909246135095,233.8861083984375,15782500
2020-06-19,235.7200088059316,238.73355378768707,233.4995178993327,236.7113037109375,30081300
2020-06-22,236.48329974456362,238.6046701431826,234.8476692734358,237.13755798339844,18917800
2020-06-23,239.17965204176033,243.05561905152797,237.7720149824658,240.1313018798828,24017900
2020-06-24,239.1003553496508,241.10277552155847,230.6545175598473,231.9828643798828,20834900
2020-06-25,232.57760203013643,235.23428019830692,230.7139779243627,233.6283721923828,18704300
2020-06-26,230.61484635194967,231.06092603450634,213.52491672530047,214.19900512695312,76343900
2020-06-29,207.9241133024566,218.8283576234436,205.30709527045812,218.7193145751953,58514300
2020-06-30,218.6697510558646,225.51960284277004,216.56821058616464,225.09335327148438,33927100
2020-07-01,226.51089444123383,236.91949134115922,225.57907477480111,235.48211669921875,43399700
2020-07-02,236.91947344299328,237.91076831095558,230.58509984175245,231.38804626464844,30633600
2020-07-06,231.7250921993472,238.30728978202592,230.2480724673563,238.18833923339844,26206200
2020-07-07,237.32591582434424,245.49417612610122,236.7410554631184,238.76329040527344,27887800
2020-07-08,236.0372406686119,244.83994464698375,234.53046811241302,241.45962524414062,29791300
2020-07-09,242.86727530824626,244.3839554500943,237.1574215463454,242.3716278076172,22174900
2020-07-10,241.56866889467682,243.3530028306742,237.2367148015291,242.93666076660156,22982700
2020-07-13,244.85974601579528,247.97241137402958,236.34452651720005,236.9194793701172,24674900
2020-07-14,234.6989351034257,238.23786455411624,230.01011526032033,237.64308166503906,23378100
2020-07-15,239.4472880015589,242.6888265852968,235.97775582429836,238.18833923339844,19133600
2020-07-16,235.92818533327153,239.65544869823316,234.27272467146835,238.83267211914062,18880700
2020-07-17,238.90206319911425,242.0345586123702,235.78939791848782,239.923095703125,18152400
2020-07-20,237.97024349927685,243.90810520163038,233.58872199953782,243.28358459472656,20872200
2020-07-21,244.07662767391062,244.76062356437544,237.99007768806302,239.64553833007812,19364200
2020-07-22,238.1684952556672,239.79421820490197,236.0471248813492,237.78189086914062,15427900
2020-07-23,237.54399711408567,240.309703175952,229.73258861347995,230.5751953125,21771800
2020-07-24,228.18618255692917,231.4574588539895,224.92481376383182,228.70166015625,18325800
2020-07-27,229.44514161500106,232.90475139783084,228.82062094031815,231.46737670898438,13163100
2020-07-28,232.58754071026527,232.91466986134392,227.82932188924227,228.11679077148438,14170100
2020-07-29,229.12787752191306,231.6655897682173,228.30510102978255,231.2591552734375,13588300
2020-07-30,228.21592279799037,232.8452683628402,227.00654175845798,232.4586639404297,20615300
2020-07-31,253.59305446658362,253.622792101852,246.83241636433706,251.46176147460938,53005100
2020-08-03,250.45064335351154,253.1767042514364,248.15084711603382,249.76666259765625,23124900
2020-08-04,249.37013301923434,250.5993440932362,245.27608039961166,247.6551971435547,17183500
2020-08-05,248.01206299801274,250.07395811822374,245.61313125623738,246.9513702392578,13050100
2020-08-06,246.87206891607784,264.27921961993843,246.50529465278117,262.970703125,45241600
2020-08-07,261.78114887182363,276.46225445247427,261.13681322492374,266.10321044921875,72766400
2020-08-10,265.7067062968509,271.47601990197774,257.42938743177587,260.7105712890625,30248800
2020-08-11,257.9250458641827,263.6051770474851,252.90909563501566,253.900390625,28238300
2020-08-12,256.7156503787785,261.6027271450453,255.86312100417206,257.6276550292969,21415700
2020-08-13,259.27321439339437,262.8518053400096,257.310469508943,259.025390625,17374000
2020-08-14,260.02654355504006,260.3635801658666,256.42813849404035,258.9658508300781,14792700
2020-08-17,260.2149283025059,261.8010062968293,257.14190786073965,258.8865966796875,13351100
2020-08-18,258.67839037193426,262.8418103841831,257.00309973841337,260.0562744140625,18690400
2020-08-19,259.1146023906641,265.57783459615337,259.0749421219901,260.30413818359375,23291500
2020-08-20,259.2235795673699,267.2828108011093,259.18391930646,266.668212890625,20299700
2020-08-21,266.35103716728554,268.1353559405538,264.100808566831,264.6856689453125,15538600
2020-08-24,268.71030523947917,274.8365002201754,266.4303089079624,269.02752685546875,23685600
2020-08-25,270.03863392111543,280.6256556665897,267.9073560424017,278.37542724609375,42127200
2020-08-26,281.5277213297594,302.0177980204833,281.5277213297594,301.264404296875,69015200
2020-08-27,297.5470379871194,298.60773063791044,289.47788414162295,290.6674499511719,30301300
2020-08-28,292.4320610817123,294.64266009515904,288.447065580716,291.1037292480469,17157400
2020-08-31,291.3911763255091,294.29566340482825,289.012044132342,290.647705078125,17345100
2020-09-01,292.1444774615667,298.8654548902185,290.1618878926202,292.8681335449219,17295900
2020-09-02,296.2782166171665,300.9571296299292,290.4989505638761,299.86669921875,24341400
2020-09-03,293.41326243132056,295.0092623783346,281.1608763870032,288.5856628417969,32294100
2020-09-04,284.74947158491176,286.48423773033767,268.77972461851283,280.2688293457031,30333700
2020-09-08,268.91841951540584,276.868591956398,267.0746259319691,268.7994689941406,24864000
2020-09-09,273.3693922638843,276.05582330859846,268.98788560941557,271.3372497558594,22918800
2020-09-10,273.11174057337865,276.72996187502605,264.70554668398916,265.7563171386719,24814700
2020-09-11,267.7091031026115,269.0275422844676,260.3537117530146,264.28912353515625,18913900
2020-09-14,268.59130138734616,274.2317704472506,263.3870043998778,263.83306884765625,24093800
2020-09-15,268.31375717626827,272.1302176752278,266.95565798812197,270.04852294921875,18478500
2020-09-16,264.9632142037472,270.0683767325323,259.51109242016884,261.22601318359375,29183400
2020-09-17,256.0316480397024,259.2236188586699,248.01207585132232,252.60177612304688,31281400
2020-09-18,256.15060729215287,256.9436613979263,247.87330359137397,250.3317108154297,28130800
2020-09-21,245.38511667482754,247.77414085618435,242.00481278493712,245.98980712890625,24709400
2020-09-22,251.10491205515729,253.0974245114038,246.05922457694612,252.53237915039062,30293100
2020-09-23,253.03791936305436,255.74415008323095,245.9898123355929,246.8522491455078,19641300
2020-09-24,244.35419622510534,250.04423447504365,243.4818518607491,247.35781860351562,20006800
2020-09-25,247.228944402206,253.52367312850794,244.4632382598628,252.60177612304688,18351300
2020-09-28,257.1418933996532,257.3401644822639,252.60177602629912,254.58436584472656,18826300
2020-09-29,255.5657737368742,261.03771150754767,254.6636916135558,259.5111389160156,20200200
2020-09-30,259.69943771719215,263.76372243232544,257.8357985443643,259.6201171875,20142500
2020-10-01,263.04013408960924,265.9941738260117,262.4949036888926,264.3089904785156,20009800
2020-10-02,258.9361186241271,262.84182274311667,256.92379129394055,257.67718505859375,16367600
2020-10-05,259.9175672673614,262.56430803907915,258.56939030437593,262.3462219238281,12822300
2020-10-06,259.50116023470514,263.3771266628919,255.99196805450927,256.4083251953125,18696900
2020-10-07,256.9535240905326,257.9150812844997,252.60175552330386,255.87301635742188,23133400
2020-10-08,257.488796308595,262.3163966194837,256.89401344287006,261.4638977050781,16312800
2020-10-09,262.2173779218132,262.44538669329796,259.88785855874926,262.14801025390625,14107800
2020-10-12,267.84784425154044,277.74094615184305,265.5381106231581,273.3495178222656,31019300
2020-10-13,275.16364297199124,276.6704306794632,271.01014490194666,273.7362060546875,18063300
2020-10-14,275.20329490670065,276.3234630231196,269.13657474718195,269.45379638671875,15577800
2020-10-15,265.2705071475953,266.69797414764406,261.374725658758,264.3981628417969,15416100
2020-10-16,265.0524103227984,269.00766692191854,262.99050018326744,263.6150207519531,16622700
2020-10-19,263.2185339846654,266.21223369649806,257.6177238415861,259.1244812011719,13587000
2020-10-20,260.7700683579075,267.3522818827323,260.5916425128417,265.23089599609375,18763200
2020-10-21,277.126442001298,280.5860520482215,273.96420836886614,276.3036804199219,28998600
2020-10-22,277.4336795285745,279.9912371337842,272.6457388053963,275.69891357421875,16720000
2020-10-23,276.37297568030806,282.75691655566266,274.4102313549974,282.31085205078125,17535200
2020-10-26,280.69504467935377,282.7470322158828,271.87252683746,274.69769287109375,21322900
2020-10-27,276.3333192913384,282.03326379651014,273.90463518402163,280.8238830566406,16287200
2020-10-28,276.3631304196497,276.3631304196497,264.93350073882925,265.3399353027344,23121800
2020-10-29,274.14266441907955,281.1313134487931,271.3967877163546,278.3854064941406,32368100
2020-10-30,272.1104432269322,274.2913040530158,256.84450820010375,260.819580078125,47247800
2020-11-02,262.29665514165265,268.11555177589446,255.09984397803464,259.0848388671875,27165700
2020-11-03,260.8691840773539,267.69919058864355,258.6090327892569,262.99053955078125,17961900
2020-11-04,278.5538304242982,286.42471331978567,276.1945440309318,284.8782958984375,35364400
2020-11-05,289.35897797355784,294.7912849671993,286.4346761422821,292.1147766113281,23823600
2020-11-06,291.3911120940161,292.03544764933326,285.5523713306735,290.8558044433594,13891000
2020-11-09,287.34664089380567,290.03304153749013,276.10536062910086,276.34326171875,25117700
2020-11-10,270.7226220038531,271.6147812934847,261.70183307109477,270.0584411621094,29067700
2020-11-11,271.0894346690546,275.976511574874,270.10806233656234,274.0732421875,14957000
2020-11-12,274.7671196771608,277.3147548914051,272.04105863712016,272.6853942871094,12899500
2020-11-13,275.30244028897164,275.34210055831124,270.7226623677045,274.5391540527344,10391200
2020-11-16,272.65567962026546,276.9777415825095,272.23935265833245,276.5316467285156,12970400
2020-11-17,275.26274199380117,275.26274199380117,270.91097340750423,272.6060791015625,15040300
2020-11-18,272.1302371447207,274.9752786275152,269.4735743456771,269.6024475097656,12152900
2020-11-19,268.660756709019,271.08944152995355,266.8467001921492,270.5640563964844,12963700
2020-11-20,270.18729180345906,270.62346390903343,267.0647194241224,267.3522033691406,18114700
2020-11-23,268.5319303559351,268.59140563872376,262.2272781130269,266.09332275390625,20990800
2020-11-24,266.1527011655695,275.40149754794174,265.53810329916536,274.50933837890625,16930400
2020-11-25,275.7187993456942,277.74101931681827,270.27656935219704,273.19097900390625,12467000
2020-11-27,274.9753051656759,276.70014860060974,272.4276700276529,275.3916320800781,7808400
2020-11-30,273.62710988582904,275.2825855577572,268.65082074499577,274.5589294433594,16693300
2020-12-01,276.72985866879895,286.78157216151317,276.53158760898486,284.0555114746094,20738900
2020-12-02,282.8758892964831,289.24001566629744,278.3853247499967,285.01708984375,17361600
2020-12-03,283.7581760525857,284.15468797747155,278.62327553330033,279.396484375,12921700
2020-12-04,277.8599504969249,280.9924460351421,276.86865558933414,277.26519775390625,10880300
2020-12-07,276.759605404161,285.9786352022847,275.7782332052152,283.0939636230469,13007700
2020-12-08,283.5202481560011,283.93657504961703,279.09905136815115,280.9329528808594,10747700
2020-12-09,281.190725155916,285.1261672616319,269.38439883876845,275.5007019042969,25189700
2020-12-10,273.141378605421,276.30361144849036,269.4933907373716,274.7076110839844,20065100
2020-12-11,272.140181040841,274.0732181494011,267.897440182532,271.168701171875,14391400
2020-12-14,270.9903229373326,274.80681492964203,269.1960813172571,271.8031921386719,16376900
2020-12-15,272.43757259190494,273.6766912557278,265.1416564202378,273.15130615234375,23979500
2020-12-16,272.3682425649182,275.4412330741855,270.13782866191315,273.27032470703125,15885000
2020-12-17,274.6580565826813,277.9987152072604,271.2281548047126,272.0906066894531,16377800
2020-12-18,273.3693758749041,275.5799743294607,268.7797060305971,273.993896484375,26693200
2020-12-21,270.6036621505985,272.2789527626678,265.45883978012307,270.4153137207031,16553700
2020-12-22,269.1365988136433,269.1365988136433,262.3264068441914,264.7649841308594,17312900
2020-12-23,264.5666505140649,269.80068519159687,263.91239239788433,265.7760009765625,14329000
2020-12-24,266.5393930530124,268.04615049794745,263.8827298269738,265.072265625,6702000
2020-12-28,266.40057862337534,274.8860604477784,263.3474036780008,274.58868408203125,23299700
2020-12-29,274.5391694515331,278.0681773226546,273.87498847350855,274.3706359863281,16383000
2020-12-30,275.5304784538682,275.6593214021214,269.34477660879304,269.5033874511719,11803800
2020-12-31,269.63222922548516,274.6779169436286,267.4612908420822,270.7821350097656,12900400
2021-01-04,272.38797370228207,272.60605976016683,262.8913831858434,266.59881591796875,15106100
2021-01-05,265.9544822965635,270.02868928007945,265.87516177389597,268.61114501953125,9871600
2021-01-06,259.71925890881255,265.4192044764678,257.74659177557726,261.0178527832031,24354100
2021-01-07,263.5852999293993,269.24558516756673,262.4750545151092,266.40057373046875,15789800
2021-01-08,265.97433223689694,266.6087754939091,260.88898455886226,265.24078369140625,18528300
2021-01-11,258.21248413938997,261.17644595376123,253.6723369484737,254.60415649414062,30412300
2021-01-12,254.39600252775776,257.4590999880245,248.1211043039548,248.9042205810547,26383500
2021-01-13,249.36021946787713,251.73932102815726,247.03067054871875,249.44943237304688,19528900
2021-01-14,251.19412144026523,252.809936966483,242.48064593056202,243.50167846679688,29739400
2021-01-15,245.74200319995333,251.65012754449234,245.00845464399956,249.17189025878906,24942900
2021-01-19,254.66363699564707,259.9175177709469,250.52003184687254,258.82708740234375,28028500
2021-01-20,266.58890963596116,267.9668239616114,261.3053215373007,265.15155029296875,25199900
2021-01-21,266.91606891247517,271.21828505891534,265.16145761467874,270.49462890625,20838700
2021-01-22,269.6421285577539,276.045884978016,269.6322059283925,272.1104431152344,21954000
2021-01-25,275.7188084942915,277.66173824259187,269.146517740259,275.5899353027344,19087000
2021-01-26,275.7187899571974,282.90567829369337,275.3916456849432,279.5947265625,19373600
2021-01-27,280.0705655787169,280.9825702584283,265.78600148614066,269.7710266113281,35346200
2021-01-28,274.76711024718605,284.2934698675285,262.39576938583184,262.6931457519531,37758800
2021-01-29,262.9904715012187,264.2395125023681,252.63146004949928,256.0811462402344,30389500
2021-02-01,257.2608119063281,261.87035686158373,252.69095746495492,259.7291564941406,22914300
2021-02-02,261.70183017494816,266.5096160599849,260.97817407203195,264.7550048828125,17320800
2021-02-03,263.3076725836787,266.8565242705431,261.54316936707534,264.3287048339844,14223400
2021-02-04,264.6856587205512,265.82564179565304,261.70185141583977,264.170166015625,16060000
2021-02-05,264.47738165942167,266.826775223993,263.3572441964044,265.7660827636719,12454400
2021-02-08,266.41055357273075,267.51087659400474,262.6931970112508,264.2594299316406,13755200
2021-02-09,264.1205935539394,271.010104635264,263.43659770981697,267.1044006347656,14613400
2021-02-10,270.0783555362858,271.41657968724337,265.3895189364719,269.5033874511719,14687200
2021-02-11,269.5231359275782,271.1983961725294,266.1527096782238,268.03619384765625,12828600
2021-02-12,268.1650786786831,268.8193369263752,266.0040631117695,268.145263671875,9097600
2021-02-16,268.44263449070877,274.1921627978071,267.6991633498535,271.5850524902344,15417200
2021-02-17,268.87886418653466,271.58511060907136,267.23331074573196,271.1885986328125,12763200
2021-02-18,267.22337821729826,269.5826649616648,263.7141857382018,267.0449523925781,15249100
2021-02-19,267.5108162885324,267.9172508111953,257.8853516724328,259.2830810546875,25622600
2021-02-22,255.7045555837775,260.77998110839724,255.2881983758087,258.0638122558594,17434900
2021-02-23,257.2410330934261,265.1317322276039,252.74056078837012,263.545654296875,21924600
2021-02-24,260.0464107496739,264.0611737544288,256.14073618065646,262.0091857910156,15736100
2021-02-25,260.01664005540107,264.6162629103088,251.82854963033122,252.472900390625,19053100
2021-02-26,254.23742769874764,263.23837291138267,254.23742769874764,255.37741088867188,26619500
2021-03-01,258.5496103407208,264.3288478003577,255.65501516884078,262.60400390625,22157300
2021-03-02,263.4663703912783,264.3882674335836,256.398432563095,256.7453918457031,15191700
2021-03-03,258.02415412891276,258.71804239737355,252.87933125477727,253.18663024902344,15513500
2021-03-04,254.2373733351063,264.1701361360483,251.29322662960587,255.39720153808594,31626500
2021-03-05,258.4008106616745,263.1391982624967,253.38484662048393,261.9793701171875,26820100
2021-03-08,263.2383279364887,263.26806557107824,252.8297474292664,253.0874786376953,18391800
2021-03-09,258.90642445200484,266.19244885404976,257.54835512336365,263.4267272949219,22039700
2021-03-10,266.30148832067624,266.6286023414046,260.58169713163056,262.5940246582031,14210300
2021-03-11,265.77602885197024,275.4808132153141,265.4885751472502,271.4958190917969,21834000
2021-03-12,266.79711637424987,267.3918690959222,261.72166121793634,266.06353759765625,20600200
2021-03-15,266.73758347140597,273.5576963311189,266.1626458154966,271.366943359375,16844800
2021-03-16,273.6766603955113,279.68393483210156,272.4078042369118,276.84881591796875,22437700
2021-03-17,273.30995257579036,283.7383959702721,273.0125761585017,281.5377197265625,21315000
2021-03-18,277.4336680480965,282.7073635915674,275.85751296216336,276.1945495605469,18728300
2021-03-19,278.77199739282855,290.2511808524685,278.75218238236334,287.5845947265625,38930500
2021-03-22,287.9216131112557,297.1009832280453,284.25380991481296,290.9847106933594,28273100
2021-03-23,290.59808883499494,295.4058750668356,287.287167556758,288.10003662109375,23000900
2021-03-24,288.46681832793877,289.1805518720229,278.71248006006977,279.6839599609375,18675000
2021-03-25,278.53405880002805,285.5524135552309,275.33216530293356,276.31353759765625,24505600
2021-03-26,275.87733122221624,282.0233710937428,275.35194618737313,280.5562438964844,17629200
2021-03-29,283.2823336991601,290.62783256475734,282.2216711438117,288.28839111328125,21718800
2021-03-30,287.30697620636784,289.92400915990584,284.20424870355055,285.492919921875,17474500
2021-03-31,287.46554741672674,293.918885752478,286.097555856898,291.9660339355469,19498200
2021-04-01,295.8024342727096,299.76761443789854,294.01811529914414,296.0601806640625,17616000
2021-04-05,298.2707126711446,308.0646800732676,298.0625189777315,306.22088623046875,28237000
2021-04-06,306.151552517089,308.6397127155447,302.5928070002894,303.5940246582031,17335200
2021-04-07,303.6732616941335,311.51440761304855,302.8405776476892,310.364501953125,22855200
2021-04-08,312.1091915082921,313.1302240000469,307.3509580476352,310.29510498046875,20894100
2021-04-09,308.68922008003193,312.00014135434753,307.62852729625877,309.739990234375,15988600
2021-04-12,308.3422478867747,309.43267826117784,305.249412826226,308.8280029296875,10881900
2021-04-13,309.492161348312,311.692837158811,306.6273349193004,307.0635070800781,14036900
2021-04-14,304.62491124248805,305.3485674115409,299.32150771904355,300.1839294433594,17421400
2021-04-15,303.6733143666534,307.4402536132836,301.4528231909882,305.14044189453125,14558300
2021-04-16,305.4873457507172,306.2605545198828,301.9583082701033,303.5146484375,13059200
2021-04-19,302.354915462235,305.0215015896528,297.9436403513075,299.6090087890625,14553500
2021-04-20,299.3611835289835,302.44412687640136,294.62279438328085,300.01544189453125,16796400
2021-04-21,299.3215050467602,299.3512426834739,294.80120275476366,298.8456726074219,14863500
2021-04-22,298.70690825562025,300.28309392317766,293.4629795007598,293.93878173828125,16375400
2021-04-23,296.1592724145303,299.9559185503014,294.56327190310105,298.5086364746094,17536800
2021-04-26,300.6993844190325,303.1379613464025,298.9348807476967,300.4020080566406,16172600
2021-04-27,301.6311789979419,302.6819490604378,298.48876118710064,300.9273681640625,15309300
2021-04-28,304.6843823594291,308.2134199936871,302.71171521224556,304.4266662597656,33907200
2021-04-29,327.24621579980425,328.92150633604183,318.81028785417476,326.64154052734375,56526800
2021-04-30,323.30092246115237,326.94888031144205,321.67518435826673,322.2501220703125,26332400
2021-05-03,323.33065625563813,325.6899125995795,319.03833259122655,319.7718811035156,18719500
2021-05-04,317.2342068523723,319.3853302579071,310.3942775786296,315.5886535644531,24032600
2021-05-05,315.42006647006315,318.26507744993745,311.75226393909975,312.27764892578125,15577600
2021-05-06,311.78209978488167,317.4523085272754,310.5429810059663,317.2342224121094,19012200
2021-05-07,319.5736595346805,320.12878226692106,315.9752541529607,316.3023681640625,15916700
2021-05-10,311.61354376348527,311.84152221893976,302.1763973813296,303.3064880371094,24239200
2021-05-11,298.13188993839833,304.1688712116594,297.08111994513604,303.861572265625,18920100
2021-05-12,298.508668323651,302.30531486450104,295.59425860219534,299.9162902832031,24645500
2021-05-13,303.41553047906933,306.17132909823965,300.13434677159415,302.6026916503906,18079200
2021-05-14,306.8454162772955,314.09177920917216,306.389398865007,313.189697265625,19245700
2021-05-17,310.82049037998314,312.9319532661647,308.8676383011867,312.7138671875,15401300
2021-05-18,312.842775294839,313.74485734587444,307.11309159035295,307.26177978515625,14522400
2021-05-19,301.54200231563533,311.92086127549254,300.9274043092507,310.86016845703125,19106200
2021-05-20,310.8502441187937,316.47089956123494,310.43391719826906,315.8364562988281,17320200
2021-05-21,316.5105634034792,317.14497642113264,313.0608461919929,313.4772033691406,13600900
2021-05-24,315.439950403165,323.1125937131732,315.2615245766794,321.8040771484375,16445400
2021-05-25,324.23265191294564,326.3143767996067,321.97250124363416,324.9364929199219,16437000
2021-05-26,325.4917046796638,326.95880185253304,322.98372965239616,324.8077087402344,9686900
2021-05-27,325.1447124753475,330.87439552779364,323.91551653562766,329.8533630371094,20477700
2021-05-28,328.1186369069308,329.97235367090116,325.4718660113677,325.868408203125,12037400
2021-06-01,327.27603308922255,328.5349970807944,323.79660826486094,326.2649230957031,11765900
2021-06-02,327.5039714283095,328.9809909571406,324.27234079280555,326.28466796875,11654300
2021-06-03,322.94400539102026,324.53008305587247,320.66403954598695,323.2017517089844,12610800
2021-06-04,323.06299931067736,329.5658913832166,322.3492657782319,327.4742736816406,13289400
2021-06-07,326.6118249458043,334.7503468667708,326.0665946490602,333.6499938964844,20136700
2021-06-08,333.7689984558394,335.3550460635353,329.347801506226,330.7752685546875,14580500
2021-06-09,332.81732108058753,333.86809119455836,327.1272983594341,327.3751220703125,13727900
2021-06-10,327.9104723063442,331.03304541821626,325.6899509974329,329.56591796875,13240200
2021-06-11,329.6848596274726,329.93268336382044,326.0666391271776,328.3763732910156,13587900
2021-06-14,329.010807568374,333.8879923254517,326.9390046289656,333.8384094238281,12250800
2021-06-15,334.05644356509714,336.9609604822202,332.11351411948954,333.81854248046875,15795200
2021-06-16,333.76900931696525,334.61158579150225,325.8584650203184,328.1979064941406,17232200
2021-06-17,327.6130732449223,335.03789332941386,327.2760365768242,333.5806884765625,17794100
2021-06-18,331.6178535993486,333.2237463610246,326.1359944767313,326.7902526855469,23039500
2021-06-21,328.2078338886737,330.0219205469245,324.79777691820135,329.39739990234375,11337500
2021-06-22,329.793868924314,336.9609412079676,329.7046560226814,336.07867431640625,15345300
2021-06-23,336.3958956840747,340.43047277158377,335.25591271698704,337.6250915527344,14817800
2021-06-24,338.87415705290726,341.8975943029009,338.8146817809146,340.19256591796875,12329100
2021-06-25,339.607726973849,341.1244070090632,336.72305509277095,338.3983459472656,14594400
2021-06-28,339.4788094187152,355.02233490536383,338.7948135851893,352.5440979003906,29156100
2021-06-29,353.1686285434748,353.6345383636902,346.0114780457379,348.8267822265625,21417300
2021-06-30,349.1043329547267,349.8478041184627,344.1478585298199,344.6831359863281,15107500
2021-07-01,343.80085361493576,351.5825234790626,343.4836320334063,351.3049621582031,17137000
2021-07-02,352.00881658759465,353.33714809146704,349.5503944039377,351.6123046875,11521300
2021-07-06,353.39666398353967,355.6667379814897,346.14037739528163,349.70904541015625,13488500
2021-07-07,352.1674302856265,353.386703632117,346.95320951346713,347.4389343261719,14218900
2021-07-08,342.7203727736386,345.2977151324137,339.5779548488796,342.64105224609375,14406500
2021-07-09,342.3139879666851,347.6570521499871,342.2644050667908,347.3695983886719,13018700
2021-07-12,348.17253190738757,351.106756452849,346.59637658645624,350.0857238769531,10018600
2021-07-13,348.44016404206013,355.36930584552533,345.76365565988795,349.0250244140625,11456000
2021-07-14,351.4735177226943,352.10796098033563,343.71169195773086,344.6038513183594,13894200
2021-07-15,346.18995265869313,346.18995265869313,337.2583753139895,341.4614562988281,14781600
2021-07-16,341.9075107208976,342.97809584923465,337.179045171872,338.1901550292969,11026100
2021-07-19,334.6314131584542,336.8320889577822,331.627790942661,334.0168151855469,14372300
2021-07-20,335.8507023683744,340.460247887152,331.5881463693273,338.6858215332031,11024300
2021-07-21,338.5271983069589,343.50348766663694,338.27937458931103,343.2160339355469,9279700
2021-07-22,343.66209353487886,348.47980226768016,342.20488888598493,348.1328430175781,12385400
2021-07-23,357.7682497249188,372.0627053911015,354.0806314483372,366.5709533691406,33694300
2021-07-26,366.3627477950808,371.1804566344037,365.0146012815734,369.2176818847656,14925200
2021-07-27,368.67246920927926,369.9016651357157,361.37652342353266,364.608154296875,15705400
2021-07-28,371.2994043200226,374.2633663025684,363.7358196168697,370.0305480957031,29676900
2021-07-29,357.8574688091655,362.3381109905446,353.6345427376173,355.2008056640625,33413200
2021-07-30,350.91839806606083,357.58982369964633,349.86762788183586,353.1983642578125,15976200
2021-08-02,354.9827187252499,356.2713900270993,347.6867723455861,348.8862609863281,13180400
2021-08-03,349.6594841522741,350.69040913524873,344.67327168473423,348.18243408203125,12406100
2021-08-04,349.35217615015995,357.3420109483392,348.45009412431125,355.79559326171875,14180600
2021-08-05,356.5093041046294,360.73219970957473,353.79313557019657,359.810302734375,10247200
2021-08-06,358.2539333036659,361.9712887894924,358.2539333036659,360.3455810546875,8925000
2021-08-09,360.59340518391826,362.59580978398236,357.6095981631221,358.46209716796875,7798900
2021-08-10,358.6802469729181,360.93050592413266,355.91455577806516,357.9863586425781,7469900
2021-08-11,358.9478931980798,359.20560930354424,354.69522956083796,356.8265075683594,8400300
2021-08-12,355.3296221127873,359.8400012117831,354.00126050040245,359.4930419921875,7170700
2021-08-13,359.810299682887,361.48559043105394,358.3332800092168,360.0184631347656,7195700
2021-08-16,359.36420928344654,363.75566859668425,354.2689693273235,363.3690490722656,11222100
2021-08-17,359.82018443349546,361.49547500530264,351.9790392177138,355.3296203613281,12328700
2021-08-18,353.14876713538985,356.72732678810877,352.05833682157106,352.3557434082031,10042400
2021-08-19,348.2914245669359,354.45727926547977,347.9444653459799,352.0285949707031,12004500
2021-08-20,351.51320258267305,356.8562667425622,350.23442360021545,356.2416687011719,8697700
2021-08-23,356.31107517830867,362.5066688928048,355.9740385104708,360.1870422363281,10942000
2021-08-24,360.49431489699504,364.75687096002576,358.69015087883326,362.3282165527344,9235100
2021-08-25,362.4174147958785,367.6316053022577,362.2191437187731,365.1831359863281,9684500
2021-08-26,365.17318705364596,366.2239571323963,360.9601841099284,361.2080078125,7888700
2021-08-27,361.9218108404231,370.4865839162871,360.91067057838234,369.3862609863281,11219100
2021-08-30,369.31681888061235,378.1690749179181,367.2945688504509,377.3463134765625,13547300
2021-08-31,376.6424989511328,379.4280351230296,375.5024856460896,376.07745361328125,12345400
2021-09-01,376.28557496805274,380.98430245795504,375.51236626399395,378.7241516113281,11567200
2021-09-02,378.178946587326,378.4267702744736,370.8037112376585,372.0130920410156,14832900
2021-09-03,371.48775419959367,373.8767784772449,369.862016084577,372.984619140625,7509600
2021-09-07,372.60791241783016,379.62626663292235,369.9016665912914,378.8530578613281,10793800
2021-09-08,376.85065315181134,377.5544640235521,371.5274046568623,374.283203125,11067200
2021-09-09,374.3526210127369,376.5235290146142,373.29192820798465,374.70947265625,9098900
2021-09-10,378.04020354167477,380.4490731082647,374.9672135938655,375.3934631347656,11549600
2021-09-13,378.35743008330803,378.4268279867525,371.0912517788471,373.2324523925781,13026300
2021-09-14,374.114680002249,375.2943233243702,371.84460626658046,373.25225830078125,8711600
2021-09-15,373.7181835773616,374.27330631053246,364.4694153158542,370.6650085449219,17940300
2021-09-16,369.54480025714764,370.30808636926264,366.49159530485406,369.81243896484375,11934200
2021-09-17,368.17683971497365,368.17683971497365,358.4423166085418,361.5450744628906,26299000
2021-09-20,356.17227543400634,357.8872266459762,346.7549730917287,352.6036376953125,19822800
2021-09-21,355.3792435144386,356.90584622489916,352.09805961371984,354.3681335449219,11751900
2021-09-22,344.20731461578043,346.7945796004399,337.7242379588481,340.2222900390625,43692900
2021-09-23,342.3535812862905,346.6260900015658,340.0141399174007,342.9483642578125,21806300
2021-09-24,340.2520632105395,351.2653656500242,339.38964145891316,349.887451171875,18801900
2021-09-27,346.7648435259705,352.0583543102863,344.0585977379562,350.50201416015625,15205800
2021-09-28,344.94085556790003,346.5566709453313,335.9696496557969,337.6845703125,21710300
2021-09-29,340.1628176861306,342.22472789071014,335.9299996176052,336.65362548828125,14452200
2021-09-30,337.48631691218293,339.8158354226693,335.20632078756825,336.435546875,16547100
2021-10-01,338.63621089401767,342.0165298799602,335.69209430346353,340.0240478515625,14905300
2021-10-04,332.6091983075989,333.01563287337103,319.8908972208889,323.3901672363281,42885000
2021-10-05,325.7196471719252,332.26219920558924,323.3207305857964,330.0615234375,35377900
2021-10-06,326.86958228902955,331.46920530979725,322.96387782374825,330.73565673828125,26443000
2021-10-07,334.0663682700986,335.89034718472595,326.1161943728777,326.3540954589844,28307500
2021-10-08,328.62419226348635,330.49772395211795,325.8485483054744,327.1768798828125,15946100
2021-10-11,324.77795902146374,327.58331033025894,322.4781475498492,322.616943359375,14708200
2021-10-12,320.21798954237187,321.5562437044352,314.60725679206337,320.9515380859375,31658700
2021-10-13,324.12371375601333,324.15345139468826,319.85123490549086,321.7148742675781,14761500
2021-10-14,325.5015715404052,327.6427721065974,324.25256056573227,325.67010498046875,14302200
2021-10-15,325.81884297224474,326.20546255459783,319.70256958249615,321.9329833984375,21596400
2021-10-18,326.0864486097068,332.96603719606185,324.6490589958284,332.4208068847656,21585000
2021-10-19,336.6933283328445,339.4788647603777,334.3439641094444,337.0303649902344,18786300
2021-10-20,340.46027802674394,340.9856631638522,336.4950980479875,337.8135070800781,13639500
2021-10-21,337.3177615304855,339.33008857467996,334.85933976758366,338.9038391113281,16354400
2021-10-22,323.5090531528066,326.7604987774042,318.3146480041585,321.7841796875,35224500
2021-10-25,317.5116968297456,326.69109590997294,316.9367591846728,325.82867431640625,38409000
2021-10-26,325.40251785429393,327.3355250212981,306.90494887183974,313.0608825683594,65654000
2021-10-27,311.4549272341347,316.47087668883006,309.3434643911741,309.5020751953125,29971800
2021-10-28,310.2653517497801,322.6862744629049,305.42782825462723,314.1611633300781,50806800
2021-10-29,317.4027143186417,323.1621352287927,316.81785396180146,320.7532958984375,37059400
2021-11-01,323.20177881185055,330.54727722256507,323.16211854762673,327.10748291015625,31518900
2021-11-02,328.495351808014,331.8756714897865,320.9813185412225,325.22406005859375,28353000
2021-11-03,324.6391323495334,329.25856986128804,320.38649933440297,328.7331848144531,20786500
2021-11-04,331.10238230164373,334.33398274391686,329.7542056570082,332.9263610839844,22495300
2021-11-05,337.3475313931403,343.7711325959284,336.6833808173762,338.160400390625,26872800
2021-11-08,341.4218002573743,341.78857452736924,335.39471036863415,335.6722717285156,18342500
2021-11-09,337.04029263097436,338.33888663242817,331.55843261090627,332.4505920410156,17556700
2021-11-10,329.5955973605976,330.2895158192361,322.6763790390437,324.787841796875,21872600
2021-11-11,326.9489345322679,329.5659376842874,324.1534752831261,324.88702392578125,12376600
2021-11-12,327.3057558051871,338.88407343601807,326.9092438798421,337.92254638671875,25414300
2021-11-15,341.3424230756894,350.5713745750115,340.212362816545,344.5343933105469,25076600
2021-11-16,340.8369702094292,343.63242956402826,337.90274527619295,339.97454833984375,18181100
2021-11-17,341.2433529254867,344.2767129547134,337.1394076955589,337.8035583496094,13602800
2021-11-18,336.76273183814124,339.4788704029074,332.38119471540324,335.74169921875,17487200
2021-11-19,339.2211383258241,349.0349521165506,336.94114182774706,342.29412841796875,26488500
2021-11-22,346.011493601287,350.74988229883314,337.5458564263731,338.04150390625,27116800
2021-11-23,335.9795771756377,338.42807681771274,330.59685306534936,334.314208984375,17225000
2021-11-24,333.07511425972456,338.8047980509013,329.91288084406926,338.091064453125,13566200
2021-11-26,332.8768168926907,334.8098540575957,329.0107728148004,330.22015380859375,14750700
2021-11-29,333.95731151284855,337.70440455498925,332.3910488261399,335.0873718261719,16650900
2021-11-30,332.08375357003285,332.88669992716825,320.61446562657216,321.635498046875,25390000
2021-12-01,327.41484165994666,327.6230051442653,307.58894119735874,307.896240234375,30329600
2021-12-02,308.6892060123132,311.8613615896398,304.52578585047945,307.6880187988281,24396200
2021-12-03,310.9989197788498,311.0187347836046,296.8927842794887,304.16888427734375,27471000
2021-12-06,305.4476730378926,317.31347306121404,303.6732468667955,315.1028747558594,21758300
2021-12-07,318.7707732364584,323.69751110387506,318.2057277678104,319.9999694824219,18794000
2021-12-08,322.1708369530798,329.85337229580705,320.25764508948055,327.68243408203125,19937700
2021-12-09,326.67129120994196,333.20392019867387,325.1446887738211,326.9488525390625,16879200
2021-12-10,329.6649914939151,332.1134908245347,323.5288743506199,326.87945556640625,14528000
2021-12-13,328.0690544396318,338.120768847072,326.72087766442525,331.5782165527344,22948700
2021-12-14,325.19427696326966,332.7777070826221,324.7977650571663,330.8347473144531,20461000
2021-12-15,329.59563392577627,339.1318860901714,321.1597348390758,338.6858215332031,24681300
2021-12-16,336.02921149324413,341.46148907962584,330.834804789546,331.9847106933594,22635000
2021-12-17,329.9028749869409,334.17535286530943,327.8707328853936,330.88427734375,40012600
2021-12-20,326.90923704607127,327.02818759599614,319.722348886216,322.616943359375,17901800
2021-12-21,323.5685458479466,333.0750595421487,320.9316979963412,331.2907409667969,16116800
2021-12-22,330.89420831620754,331.5980494399973,325.40245663710306,327.5733947753906,16764600
2021-12-23,327.2264458403401,333.73926046044926,325.50157217835203,332.3216857910156,13987700
2021-12-27,335.90029482489064,344.8417642492237,335.0676107095978,343.1664733886719,17795000
2021-12-28,343.6125808087769,349.63964092460617,342.19503626000375,343.2061462402344,16637600
2021-12-29,343.89006168695397,346.6458598525013,338.665949300831,339.9546203613281,10747000
2021-12-30,341.0054225509634,344.2073157522339,340.2322137913024,341.3622741699219,10593300
2021-12-31,340.03394727133025,340.4503044176008,333.3427070591163,333.4220275878906,12870500
2022-01-03,335.3550557110125,338.1108543487535,334.2547328826255,335.5929870605469,14537900
2022-01-04,336.99067483088044,340.1033247300431,328.9809960134747,333.6004333496094,15998000
2022-01-05,330.12095652506423,332.8371246272023,321.02087826250215,321.3480224609375,20564500
2022-01-06,320.00985016827264,336.2175290132258,319.9107146206738,329.56591796875,27962800
2022-01-07,329.84350658372887,334.06643319433834,326.01712219625443,328.90179443359375,14722000
2022-01-10,322.4781278394008,325.4817500490974,312.68412980194535,325.214111328125,24942400
2022-01-11,323.9353644660303,331.7170359199198,322.44842203223953,331.45928955078125,16226800
2022-01-12,332.2621863257024,333.4418295668102,327.15702411733304,330.3589172363281,14104900
2022-01-13,332.06397662403594,332.7083122589069,322.92423643234406,323.6379699707031,14797100
2022-01-14,318.9887957429694,329.8335644167679,318.4138277573684,329.0107727050781,16868500
2022-01-18,320.4757328930127,321.38770724912837,314.8749228247817,315.3804626464844,22645600
2022-01-19,316.7979997340146,324.25255648211686,316.5501760176956,316.80792236328125,20814700
2022-01-20,321.08042246053043,324.96631190525255,313.2293835392829,313.8043212890625,16925000
2022-01-21,312.06954052686575,315.5390726265912,300.4020106136228,300.5308837890625,28710700
2022-01-24,295.24727318173785,306.8355131318804,286.4941524130444,306.02264404296875,38878100
2022-01-25,297.3388990759173,303.56422945511866,294.98950489574133,297.5371398925781,25108500
2022-01-26,304.3373879500418,304.83303528770085,288.31806236667074,292.0651550292969,28348800
2022-01-27,295.15804679430795,299.08356599902004,291.69843738739166,292.07513427734375,21629900
2022-01-28,293.046605096765,299.27193610509295,290.47915483437316,299.0835876464844,21871600
2022-01-31,298.06257302669957,311.0584661940592,296.7144263490374,310.5330810546875,21579500
2022-02-01,311.82167138960386,316.8772806203968,309.40290980078396,316.2230224609375,18023800
2022-02-02,324.96634274369376,325.14476858794507,314.1116501062232,320.18829345703125,58458300
2022-02-03,242.52031426289818,245.84115854360965,233.69779486554827,235.69029235839844,188119900
2022-02-04,232.92455228605658,240.49804434059385,228.10685870647143,235.02609252929688,89342200
2022-02-07,235.63082018276674,236.2256032374625,222.05998911424538,222.95216369628906,88613800
2022-02-08,218.927471258292,223.80464005138572,214.26837341391084,218.26329040527344,94729700
2022-02-09,222.24830477510113,231.3384768338874,220.27563768264372,229.98040771484375,86563300
2022-02-10,226.28291173464223,232.95432278596698,224.7265713389725,226.08465576171875,49310400
2022-02-11,226.47121907896008,228.4141484371467,216.86556994435307,217.63877868652344,46156900
2022-02-14,217.4008711781249,219.0761618951234,212.9103067167767,215.8048858642578,38184000
2022-02-15,218.55078679053494,219.22486005892043,213.18787777639622,219.076171875,42685500
2022-02-16,210.5609609793981,215.56700343123342,210.51139320740756,214.65499877929688,45817500
2022-02-17,212.15695486066195,215.60665713962692,205.3566707246909,205.90188598632812,38747500
2022-02-18,207.56723467799455,208.91539632217007,203.39387657053754,204.3653564453125,37128400
2022-02-22,200.57859302783234,205.673847868195,198.31844201699187,200.32086181640625,39852400
2022-02-23,202.38275807505894,205.13855651896256,196.32594600030123,196.7224578857422,44481400
2022-02-24,189.3967909321892,206.53628729690607,188.56410689144704,205.79281616210938,49957200
2022-02-25,203.15595393014488,209.48041944495978,201.41126544277088,208.64772033691406,37627600
2022-02-28,205.87211866348667,211.29450300532383,205.02952706959343,209.19296264648438,34239800
2022-03-01,208.04303262444745,209.90667166894585,200.4596335354331,201.7185821533203,27094900
2022-03-02,202.99735671935014,207.32931034252405,200.2613883982864,206.29837036132812,29452100
2022-03-03,207.20046210869705,207.25993738193364,199.66661489556296,201.203125,27263500
2022-03-04,200.60835511137336,204.09771758664783,197.05951735897975,198.31846618652344,32130900
2022-03-07,199.04209884176245,199.14123438340457,185.64971001813566,185.8380584716797,38560600
2022-03-08,186.21473724141336,194.98768728769406,184.489878816178,188.63348388671875,37508100
2022-03-09,194.03608031442005,197.36683197473633,192.2319162323501,196.7720489501953,31894700
2022-03-10,193.14387652938188,194.57134347134718,189.40670599838367,193.5106658935547,24853000
2022-03-11,190.96306497278132,191.8750545422777,185.04503271256127,185.9768524169922,34694500
2022-03-14,185.40188300136523,190.61608870370827,184.20242464895531,185.00537109375,31010500
2022-03-15,189.13903388429068,190.6061458213051,184.2916033525313,190.3583221435547,31721700
2022-03-16,193.00511977047762,201.95651177480704,192.82669394360815,201.85739135742188,40640300
2022-03-17,199.94416622902315,206.22897188521705,199.3593059035766,206.0307159423828,29499700
2022-03-18,204.90062355850955,214.91270666982817,204.20672025274516,214.60540771484375,52128000
2022-03-21,212.63277934697808,212.84095795420936,205.8225874781308,209.64898681640625,30142300
2022-03-22,209.52998723836356,217.5495740565906,208.3503439487697,214.76402282714844,31998800
2022-03-23,211.47294871851972,214.9127433273441,210.3131354683512,211.60182189941406,23717300
2022-03-24,213.12839043651937,218.74903035989297,212.92021186485715,217.6586151123047,31502300
2022-03-25,218.5903987467705,223.5369649690353,216.98450610038137,219.88900756835938,40039000
2022-03-28,220.1963488462626,222.0897106771945,217.628883467782,221.6436309814453,26224100
2022-03-29,224.10206842108136,228.8801024664683,223.32884440343514,227.85906982421875,31417900
2022-03-30,226.91730146383702,229.1377921857716,224.7364558793833,225.8665313720703,25588000
2022-03-31,226.46132957297078,226.5009898417312,220.32521137788765,220.42434692382812,24192300
2022-04-01,222.59524769852732,225.3014782348387,220.76134629011395,222.89263916015625,19544800
2022-04-04,224.01281202415882,232.3099604286333,223.89386147924975,231.8539581298828,28054800
2022-04-05,232.04228308836034,234.79808135683643,229.0089234925527,229.82177734375,29727200
2022-04-06,224.9347151034795,226.99661017964237,219.4825934997473,221.35614013671875,28995100
2022-04-07,221.98065051757655,223.5568208391309,216.6574019650015,221.00918579101562,21037200
2022-04-08,220.44417531652394,223.17023642278167,218.11462613897402,220.3946075439453,18375700
2022-04-11,216.51862836918798,218.6895666015548,213.34648774183083,214.57569885253906,20516600
2022-04-12,218.32279924455113,220.09721050095476,211.27469173834876,212.27589416503906,20128800
2022-04-13,209.97609668254103,214.72439268188097,209.49035672762682,213.11849975585938,19231800
2022-04-14,213.01937834088108,213.11851388958831,208.17194647793335,208.35037231445312,18379500
2022-04-18,208.17190994324702,211.52249123883075,206.48671179270767,208.93521118164062,16580800
2022-04-19,208.687388784282,216.5285192787811,207.18061642952617,215.41827392578125,20089900
2022-04-20,211.75048946947976,212.2957046517589,197.18836598093702,198.67530822753906,43036500
2022-04-21,199.8450653573932,201.20313458082896,183.96451623076376,186.43284606933594,49954100
2022-04-22,188.71280973536275,191.04235885583572,181.67462485450002,182.50730895996094,36426800
2022-04-25,181.139302675937,185.55056170817895,180.07862505796282,185.3622283935547,29281100
2022-04-26,185.00536429800306,185.56048699865713,177.93742711598594,179.3748016357422,31747400
2022-04-27,172.91155490901065,179.6325479655742,167.52883108777505,173.42703247070312,71062900
2022-04-28,201.1535357326842,206.71470007536863,191.22075776279664,203.93907165527344,100890600
2022-04-29,202.68015601451035,210.6303299905901,198.15983869617668,198.72488403320312,49193400
2022-05-02,199.41878050998523,210.03555486785692,199.24035469981607,209.29208374023438,49915300
2022-05-03,208.6180173147746,213.0292767771703,206.2785606489031,210.18426513671875,41556300
2022-05-04,208.81629101701284,222.3474771871542,205.1584250796747,221.46522521972656,41375900
2022-05-05,216.83585515286595,218.2533996208579,204.36536330702657,206.46690368652344,41129200
2022-05-06,205.53508504215011,207.55733514909008,199.27010901448142,201.9961700439453,34747200
2022-05-09,198.10034284793426,200.80658845582457,193.87743258072413,194.501953125,36303200
2022-05-10,197.77323719295447,201.19321664925386,192.49955626673494,195.92942810058594,34452500
2022-05-11,194.6209563366654,198.92317316496624,186.6311207624033,187.09703063964844,31153400
2022-05-12,185.43160563866368,196.32594109879756,183.17145467096796,189.57522583007812,38262200
2022-05-13,190.90359137350006,198.14995534482927,189.61490485871443,196.89100646972656,24549800
2022-05-16,195.33465259058252,203.58221785060556,194.2243920764948,198.29861450195312,27112600
2022-05-17,200.36052319724772,203.67145970606575,196.63325976558357,200.85617065429688,24872700
2022-05-18,198.25898682246762,199.25028175657994,189.96185306425463,190.56654357910156,23960000
2022-05-19,189.5355887217403,193.58998137940185,187.94952589985266,189.6248016357422,24446900
2022-05-20,193.2727535593855,196.18716276985003,186.23455423988324,191.85519409179688,31465600
2022-05-23,193.4908647116595,195.27519865608267,189.57525266409456,194.5218048095703,25059200
2022-05-24,178.97829378660447,182.08103647842762,174.57694209488812,179.70193481445312,50406300
2022-05-25,178.8296170335408,183.83565995104925,177.75903171395123,182.22976684570312,28030200
2022-05-26,181.28799323142837,191.15137321417458,180.6733801854834,189.96182250976562,23056500
2022-05-27,189.69418020410123,193.62962190857738,188.14776268187097,193.43136596679688,22562700
2022-05-31,193.19344898292155,195.87986462999697,190.3385150297135,191.95433044433594,26131100
2022-06-01,194.79934956020318,197.79306430443702,183.38955104588305,186.99786376953125,36623500
2022-06-02,186.80950815490593,199.19078605787604,186.09577466544653,197.12889099121094,31951600
2022-06-03,194.2739780991515,194.89849875163702,188.12795249655804,189.11924743652344,19465000
2022-06-06,192.30128978527938,195.20577638077057,186.75994018212134,192.55902099609375,30574200
2022-06-07,190.2592201932253,194.81918271881858,189.8230631492287,193.94683837890625,18828700
2022-06-08,192.97538565794966,200.27131707822286,192.71765441688768,194.92823791503906,22267200
2022-06-09,192.5887643538881,197.713756969315,182.0810327786021,182.39825439453125,23501600
2022-06-10,181.44659972815228,181.50609012398724,173.49642605155532,174.04164123535156,27450800
2022-06-13,169.1049918602242,171.0776741390652,162.60209979408089,162.83009338378906,31749300
2022-06-14,164.58466848275043,165.29840192301938,159.95532374925665,162.3046875,27244300
2022-06-15,165.74451546114324,170.6613451530027,162.55254445725058,167.8758087158203,30008300
2022-06-16,162.29480098577153,163.6429626444072,158.2205783731708,159.4696044921875,26944100
2022-06-17,160.2725559821109,164.45582176964723,158.5080522282356,162.31463623046875,31374200
2022-06-21,164.48553330824373,166.29960454564957,154.6122459066395,155.68284606933594,50724900
2022-06-22,157.00129154437553,159.39030076437285,154.08688211001586,154.49331665039062,47267800
2022-06-23,154.90965026115896,158.3593520998016,152.90723043126386,157.36805725097656,40499200
2022-06-24,160.32211769945533,168.76795436460003,159.8958681588776,168.67874145507812,68736000
2022-06-27,169.8286435619368,170.25489309350084,166.54744485240766,168.0145721435547,29174600
2022-06-28,168.4210220395391,169.80884417765836,159.21189772995126,159.28128051757812,27744500
2022-06-29,162.1461193919892,164.8820879607232,158.92441086091708,162.5128936767578,28595200
2022-06-30,160.7384575527912,163.79164757572488,157.11032981455412,159.84629821777344,35250600
2022-07-01,158.91446318278108,159.2217621433084,153.65069034030827,158.63690185546875,31423900
2022-07-05,156.7633456811944,166.7853358584713,155.6531004403031,166.72586059570312,28618600
2022-07-06,166.7358044722956,170.09629368542892,164.0196660402876,168.29214477539062,23085900
2022-07-07,167.97494712830814,171.216486252937,166.31948617118198,170.69110107421875,24083400
2022-07-08,168.50029685970665,170.89922861706972,166.686225442263,169.39247131347656,19249200
2022-07-11,165.61564033062461,166.0319823587457,160.50055519777845,161.4621124267578,21885600
2022-07-12,163.3654043690906,164.46574232541377,160.68891113440077,161.84872436523438,16639700
2022-07-13,158.76581915783322,163.54385344295133,158.22060385404325,162.06683349609375,16555100
2022-07-14,159.8165513084792,161.1746203649273,155.91084731663682,156.6741485595703,23765200
2022-07-15,159.1424606102135,163.54381194440333,158.42874226976485,163.26625061035156,23342800
2022-07-18,165.29842888667773,170.19542824056563,164.1980909139379,165.7742462158203,23574300
2022-07-19,168.8869078373699,174.9536429313068,168.03439361548112,174.24981689453125,25933700
2022-07-20,175.9449427642158,182.00175539820398,175.16181129811827,181.49618530273438,24784300
2022-07-21,179.05760283598016,182.24957362777684,177.31291412933265,181.5754852294922,27195800
2022-07-22,171.5634172107559,174.0713921211751,166.94397930324826,167.79649353027344,42583900
2022-07-25,167.52881324614933,169.08515326871813,163.37528581119514,165.1992645263672,26166300
2022-07-26,164.49548867554608,164.55496395320677,156.57503647124767,157.76458740234375,28468400
2022-07-27,161.17463351463593,169.38255404365438,160.60960328940018,168.10379028320312,43846600
2022-07-28,159.65794420750422,160.1040238594666,153.50201173331402,159.32090759277344,73214300
2022-07-29,156.3172973966075,158.74596691052585,153.81922997825376,157.71502685546875,42065400
2022-08-01,155.8811027764834,163.7519856802314,153.87868310332334,158.5377655029297,40596700
2022-08-02,156.93190805660169,160.827705247941,156.63451653325376,158.79554748535156,27374500
2022-08-03,161.27375453190913,168.0641148826389,160.1635091886448,167.33056640625,31721900
2022-08-04,166.83496106419523,170.65143795683042,165.3480184791774,169.085205078125,23938200
2022-08-05,165.53635339832977,170.11613134467288,164.3567099573721,165.65530395507812,25832700
2022-08-08,166.53751591753854,175.96472342681173,165.67509433612906,168.76792907714844,27299100
2022-08-09,167.47926928638472,168.05422213991784,165.14973536147394,167.06292724609375,18655100
2022-08-10,174.4579875213586,178.90889175358808,172.43573754030913,176.7875213623047,30262100
2022-08-11,178.14560684060112,181.50609582783787,174.8346704958459,175.94493103027344,24079100
2022-08-12,179.2359946195573,179.88034525851737,177.3525407154273,178.92869567871094,21274000
2022-08-15,177.40216128856045,179.86056867315145,176.64876740185895,179.3153533935547,15878700
2022-08-16,177.87794669135258,179.41445670283701,175.49883002409837,177.90768432617188,21156700
2022-08-17,175.22128847897727,176.5892803390604,172.65383820977354,173.3279266357422,20118100
2022-08-18,172.8223200510854,174.22995675626117,170.36391334950784,173.13954162597656,18844500
2022-08-19,168.71835420761158,170.8199092484533,165.5957819660828,166.49786376953125,26240800
2022-08-22,164.0493768927399,164.0493768927399,160.84748389572914,161.630615234375,19499700
2022-08-23,161.06558868342577,163.61322379839797,159.30108499815987,159.70751953125,18111800
2022-08-24,159.20197311267086,164.01966711697898,158.3791964989149,161.83880615234375,20891500
2022-08-25,163.74209262665752,167.409896043459,162.59220198006366,167.31076049804688,15550500
2022-08-26,167.01334580369445,169.43210756676726,160.2626305495521,160.37167358398438,24023600
2022-08-29,159.26142802483227,161.6306220189667,157.62578251049774,157.78439331054688,20052700
2022-08-30,158.95414916201582,160.25274310903546,154.5527972225878,155.7919158935547,19567900
2022-08-31,165.61566408238514,166.37895034709413,160.7285718323034,161.51168823242188,40953000
2022-09-01,162.15601334520824,165.9031066673711,158.95413521562654,163.92051696777344,30145700
2022-09-02,165.99233041397824,166.46814773768705,157.83397750261,158.92440795898438,22634200
2022-09-06,158.7063296993813,160.2824850610427,156.3173052072264,157.15989685058594,19339800
2022-09-07,156.38669423335267,159.55885034383166,155.4449670056623,158.99380493164062,16831200
2022-09-08,157.32843237884535,160.8177798055024,156.3668750415445,160.64926147460938,22530800
2022-09-09,161.82888708531772,168.06412514515839,161.60089350110928,167.67752075195312,22086800
2022-09-12,165.93285648840623,169.89803617879264,165.8238134418822,167.48919677734375,23220400
2022-09-13,160.13379201067593,160.22302005883935,151.34100996124553,151.79701232910156,44444100
2022-09-14,151.995252646758,152.20341611044483,147.75251157835422,150.1514434814453,43064200
2022-09-15,148.49599269308936,152.8576846035777,147.40556215248668,148.2481689453125,34606300
2022-09-16,146.7612139852357,147.28659907579265,143.03393545484252,145.0165252685547,40122800
2022-09-19,143.9756772088242,147.28659855580412,143.83689652739272,146.73147583007812,22169500
2022-09-20,144.51096882445577,147.54432878807003,143.9558461024819,144.81826782226562,23217400
2022-09-21,145.11566125945427,148.29772457574842,140.76387720990476,140.88282775878906,38338600
2022-09-22,140.3178028899763,143.32142537181252,139.64371445995508,141.57675170898438,34418500
2022-09-23,140.188915976952,141.37846677265173,137.68094121464907,139.18771362304688,31710700
2022-09-26,138.90024802794656,141.00180367529504,135.00446600941672,135.18289184570312,30497000
2022-09-27,136.71938846907756,138.2063307938041,132.95246488791165,133.2300262451172,30826500
2022-09-28,133.44810215073147,140.79360030483306,133.10115804366748,140.37725830078125,32658500
2022-09-29,138.14686655208894,138.6226838987271,134.02307587866284,135.22254943847656,38985400
2022-09-30,134.86569081109783,139.76269064148596,134.32047552363244,134.4989013671875,33166400
2022-10-03,135.94617669127948,138.40458371235383,134.9152366908158,137.40338134765625,27723100
2022-10-04,139.26701646086826,141.15047059220228,138.12701832793766,139.058837890625,34670700
2022-10-05,137.03660833682997,138.9894604417,133.60672142963895,137.77015686035156,27979300
2022-10-06,136.5211511918853,140.2186773765416,135.41090561119663,137.85940551757812,36231100
2022-10-07,135.5694675770126,137.08614736813666,131.28708202735578,132.2882843017578,33214800
2022-10-10,132.3874346021392,134.92514708155127,130.72205133380032,132.62533569335938,24024000
2022-10-11,130.47419452847365,131.5051494155377,125.88450310832961,127.42100524902344,38481400
2022-10-12,127.20295996419793,128.54119891036558,125.150972403732,126.39009094238281,34605200
2022-10-13,122.45465933191532,129.99841422113215,121.46336441940831,129.1558074951172,34325700
2022-10-14,129.8596280507722,130.6427443431372,125.41862370269885,125.65653991699219,23559400
2022-10-17,129.1657206658623,133.61662481645823,129.0467549994207,132.87315368652344,29612200
2022-10-18,135.89661517041276,136.6400863506628,130.25614472942863,131.6439666748047,25445000
2022-10-19,131.73316907721394,135.80739142500235,131.06900335762276,132.07020568847656,30691000
2022-10-20,131.7728164983782,135.57940019928222,130.1669236896268,130.385009765625,26356300
2022-10-21,125.21043220829755,128.98726262746356,124.34801065222379,128.8782196044922,46348600
2022-10-24,126.14227494403816,132.31803788284694,123.485604332285,128.5907745361328,63563400
2022-10-25,129.74068278951964,137.1456569846256,129.45319879479754,136.31295776367188,38433200
2022-10-26,130.53370487759855,134.37002641761245,127.411132000014,128.68991088867188,82791500
2022-10-27,97.12707793561606,101.60772757001686,95.54100004023675,97.0874252319336,232316600
2022-10-28,98.71313024536227,99.97207121476372,96.66115047306104,98.33643341064453,95928300
2022-10-31,97.36498697989708,98.45540986504903,91.7939068796394,92.34903717041016,121361400
2022-11-01,93.50885508342138,96.64134321393725,92.73564622724912,94.37127685546875,110189600
2022-11-02,93.38988905186778,94.37126885823125,89.69236341187202,89.75183868408203,71821100
2022-11-03,89.29583757831013,89.67252688039356,87.64037707410301,88.13602447509766,60664000
2022-11-04,89.56349972567841,90.59444741007951,87.32317095836484,89.99967193603516,55638100
2022-11-07,93.95491464571712,96.03663209595285,92.28953917293279,95.8780288696289,81987300
2022-11-08,95.08499570950359,96.94863477985906,93.96483530454036,95.63021087646484,52088300
2022-11-09,100.83451653036997,103.98683455524989,99.86304421903829,100.5866928100586,107677300
2022-11-10,106.18751313338271,111.76850073569403,103.69936079981403,110.89616394042969,80671000
2022-11-11,108.27914699531694,113.89978735355452,107.86279738275933,112.03614807128906,59961700
2022-11-14,110.02381464557875,115.25785030828123,109.83547376457382,113.22570037841797,53395000
2022-11-15,115.05960389234444,117.70635957873935,113.41405821741367,116.0608139038086,50670500
2022-11-16,113.50326491314802,115.0695126545756,111.67928594564738,112.24432373046875,33287800
2022-11-17,109.44885747402773,111.35214158754331,108.84416706874745,110.47979736328125,35093800
2022-11-18,112.80935860317447,113.32482860499377,109.65704063160446,111.07459259033203,33357700
2022-11-21,110.54920931683293,111.39181607334933,108.23949783494731,108.9036636352539,24351100
2022-11-22,108.90366185992863,110.64834305828951,107.37706675673539,110.46990966796875,29029000
2022-11-23,110.74746182954631,111.68918891166292,109.76608204588022,111.26293182373047,21343100
2022-11-25,110.33113486408374,111.74868699526077,110.05356591535897,110.44017791748047,12007600
2022-11-28,109.81563553787952,111.06466908990997,107.43652653119547,107.83304595947266,23309400
2022-11-29,108.58643888708252,109.97425319109101,107.59514403607353,108.50713348388672,23899200
2022-11-30,108.55669594886484,117.13139750383256,108.42782278422197,117.07191467285156,43348600
2022-12-01,118.16235226083045,120.14494211462276,117.36932085710157,119.39156341552734,36551400
2022-12-02,116.80429046472732,122.96023144390554,116.58620435689166,122.4150161743164,39950500
2022-12-05,120.69016167673439,123.58474115193586,120.29364217916343,121.36424255371094,35474900
2022-12-06,118.86616176085984,119.50058982068353,112.7498671658105,113.1265640258789,43689200
2022-12-07,112.7697064797689,114.87124676294755,111.89736215424148,112.93822479248047,29461100
2022-12-08,115.37681234494076,116.31853947098587,113.59247850687862,114.32604217529297,30619400
2022-12-09,114.29629973425023,116.5167980904086,112.8787477899795,114.89107513427734,26033400
2022-12-12,114.17734320872192,114.71264334504619,112.15510077026792,113.71143341064453,24747100
2022-12-13,121.06684756358977,122.22666838420444,117.60723036165444,119.10408782958984,44701100
2022-12-14,118.3506792399819,123.05932928825936,118.3506792399819,120.53152465820312,36922000
2022-12-15,117.29991610512512,117.59730000887403,113.01752284952003,115.1388931274414,34531000
2022-12-16,119.1833816073748,122.23656395816606,117.78565225665622,118.39034271240234,67064000
2022-12-19,115.81298573134167,116.77454300063903,113.33474846530926,113.48344421386719,29769900
2022-12-20,112.27407787728364,116.30864837064796,111.48103882341637,116.07073211669922,28742500
2022-12-21,115.68410844245172,119.29242116853779,114.61351572943319,118.71747589111328,20392800
2022-12-22,116.17974644378964,117.5873907944349,113.38429543656028,116.10044860839844,23618100
2022-12-23,115.01994630067168,117.15123185315484,114.53421391619223,117.012451171875,17796600
2022-12-27,116.90341153100645,117.56757731975019,115.0397797831497,115.862548828125,21392300
2022-12-28,115.23801547654516,117.12147702703714,114.50445947415648,114.6135025024414,19612500
2022-12-29,115.38672820613152,119.97642088372568,114.76220757701917,119.21312713623047,22366200
2022-12-30,117.13141139747924,119.37173247171707,116.71506178314314,119.29242706298828,19583800
2023-01-03,121.75084455355073,125.26994462514445,121.21554437696301,123.65412902832031,35528500
2023-01-04,126.27114560210994,127.92661388492843,124.75446556758857,126.26123809814453,32397100
2023-01-05,125.03202218975811,127.40122394307504,123.45586693938299,125.83497619628906,25447100
2023-01-06,127.84732079062806,129.195482631842,124.94282606017198,128.88818359375,27584500
2023-01-09,130.01823194659175,131.79264301521917,128.15459284862445,128.3429412841797,26649100
2023-01-10,126.16209066362623,132.27838555996667,126.04314012341165,131.83230590820312,28684400
2023-01-11,129.81996275410842,132.68480388032555,129.20534974410532,131.733154296875,25423000
2023-01-12,132.27838952682893,136.48147008401705,130.6130062840878,135.51992797851562,30757700
2023-01-13,133.79506989412366,136.19400166584558,133.66619672063948,135.78756713867188,22423800
2023-01-17,134.99452505190794,135.55957037535876,133.08133325697926,134.18167114257812,21147600
2023-01-18,134.62773568755287,136.05520252766846,131.6439439772816,131.86203002929688,20215500
2023-01-19,131.3366700442586,136.25348440118418,130.98971077016242,134.9647979736328,28625200
2023-01-20,134.70706669654805,138.72181416630133,133.43821040315862,138.15676879882812,28688600
2023-01-23,138.07743281398595,142.50852135573203,137.45292743544155,142.02279663085938,27470100
2023-01-24,140.45657683585247,143.73776053550952,140.1294477036565,141.89395141601562,21970200
2023-01-25,139.9906576507307,141.9236795516066,139.088575721669,140.26821899414062,26622000
2023-01-26,143.1429666455006,146.2258941555542,142.05255141383566,146.01773071289062,25482100
2023-01-27,146.94955074370452,151.85645711696716,146.10694408954603,150.41908264160156,35771900
2023-01-30,148.1093645810106,149.80447027435721,145.67077263719494,145.77981567382812,28040100
2023-01-31,146.66207748102659,148.5752845041938,146.23582793433843,147.67320251464844,29842100
2023-02-01,146.7413764088904,152.24306588807985,145.77981918793483,151.7870635986328,55661000
2023-02-02,181.78366068183163,195.4437029742972,178.591689945036,187.12673950195312,150475700
2023-02-03,181.8728597875318,195.05708377026508,181.29790698329094,184.90621948242188,76809700
2023-02-06,184.90623267945966,189.03993051222616,183.90503029642124,184.44032287597656,42483800
2023-02-07,183.96451992977168,192.0931355517408,182.7947840150465,189.95193481445312,47080700
2023-02-08,188.34603637486495,189.16881298045985,181.3276664674653,181.83322143554688,36139100
2023-02-09,184.50972301839462,185.02518547134846,175.72684967356224,176.37118530273438,37118800
2023-02-10,174.8148481387777,177.33273033452983,171.84096366888724,172.6339874267578,33433600
2023-02-13,176.6685532858945,179.4243515078164,174.2894519129695,177.86801147460938,31463200
2023-02-14,175.61782132238378,179.92994538612123,174.34896496503035,177.91761779785156,24034600
2023-02-15,174.88421902803222,176.63881498131627,173.80371137428614,175.61778259277344,25308900
2023-02-16,171.2461875370984,174.3192076619539,170.29453781345282,170.9388885498047,25827500
2023-02-17,168.7382280890579,171.6724526790404,168.2227504782921,171.3750762939453,24171300
2023-02-21,172.79263013769287,176.619029467264,170.3837905327102,170.58204650878906,34592600
2023-02-22,169.58084896032935,171.25612486428804,168.21285697121806,169.63040161132812,22433200
2023-02-23,170.50272851531994,172.17801937262993,167.90554063056828,170.54237365722656,20017800
2023-02-24,167.17198729933313,169.2338827034018,166.20052243980692,168.90675354003906,19791300
2023-02-27,170.3837588103686,171.61295470878045,167.5883001524476,168.06411743164062,19277000
2023-02-28,170.4035995907796,176.00442525665616,170.37386195170444,173.41714477539062,46051100
2023-03-01,173.0701524358075,176.30178310717199,171.54356512627285,171.91033935546875,30998400
2023-03-02,170.87943351305253,173.48652902510946,169.9376911811716,173.01071166992188,17352000
2023-03-03,177.3624617911287,184.99542863944524,175.50874537644046,183.63735961914062,45877700
2023-03-06,186.3634562800606,188.00900957744497,183.03270454150618,183.29043579101562,33209400
2023-03-07,187.3547592066091,188.70292104191734,182.40819160019953,182.90383911132812,36701500
2023-03-08,181.2780921799188,183.64728636833115,179.76141220423,183.3598175048828,19432400
2023-03-09,184.7278056589579,187.28533312080012,178.7304686513036,180.10836791992188,26582800
2023-03-10,179.4342842678197,183.16156276961232,177.2435310110156,177.9473419189453,25665000
2023-03-13,176.4108467930736,182.18017523686387,173.29818141681156,179.3252410888672,24728000
2023-03-14,185.94709789585886,192.62843092188572,184.93597286944848,192.33103942871094,41642600
2023-03-15,191.27033106859906,196.05828682863768,189.17869840894608,196.02854919433594,42123600
2023-03-16,196.53410718154342,203.96881839258782,194.38299921959626,203.1460418701172,50447100
2023-03-17,198.81408713109815,200.14241856268836,193.72873985262865,193.9071807861328,50141100
2023-03-20,196.75222429620607,197.62456872290872,191.9543602012637,196.0880584716797,25186300
2023-03-21,201.4311323612343,201.77809164678217,196.22683383377986,200.4001922607422,31827000
2023-03-22,200.7372186543796,205.56482001084692,197.93185225263778,198.0706329345703,28477800
2023-03-23,201.0742419926531,206.07037646367976,200.39024613195645,202.501708984375,27389700
2023-03-24,203.39388295313782,205.77299981949574,201.77808253088455,204.21665954589844,27716400
2023-03-27,203.02713219977034,204.0679950040307,199.60716737945347,201.07427978515625,18527200
2023-03-28,198.40767458850203,199.28001896896532,196.17726099151233,198.9330596923828,19127300
2023-03-29,201.7879972778657,203.92919799665844,200.7768721952202,203.5624237060547,18851100
2023-03-30,201.60954942594012,206.2785396524153,201.05442673562075,206.0307159423828,22608300
2023-03-31,205.4359340744729,210.3230100418726,204.97002432137518,210.0950164794922,25440300
2023-04-03,207.02202167585494,211.63155200058463,206.387593549827,211.2152099609375,17924600
2023-04-04,211.5324212849849,214.35761784282738,210.68981455693785,212.85084533691406,21026400
2023-04-05,212.2857781628593,213.31673323896115,208.11243547048335,209.63902282714844,19396600
2023-04-06,207.4284504209406,215.0515103499927,206.8336674517872,214.2188262939453,26104400
2023-04-10,212.84092431935147,213.78265140351988,208.82617714372924,212.8805694580078,16106100
2023-04-11,213.6042343415459,214.13954209197752,211.55226163411987,211.98843383789062,16710100
2023-04-12,212.96976895391873,214.95235853299292,210.7294481749098,212.1370849609375,18972200
2023-04-13,213.85201635173573,219.2248321863754,213.81237121638407,218.4318084716797,23310400
2023-04-14,215.98332984258553,220.17650288269624,215.656200722299,219.56190490722656,21591200
2023-04-17,217.87671579141596,219.05635923123276,215.2398826549583,216.95481872558594,15481900
2023-04-18,217.99566024521894,218.52104532046772,214.32787222191163,215.9932403564453,12281000
2023-04-19,211.61172796314864,215.43812696265397,211.07642023535394,213.8223114013672,15898100
2023-04-20,211.62162937104753,214.8631679041083,210.91781846805821,211.2152099609375,16475400
2023-04-21,208.38008043860845,211.55222068017963,207.75555989265803,211.0367431640625,17717200
2023-04-24,211.81985854910266,212.05777473852407,208.87572700703544,210.93760681152344,15750900
2023-04-25,208.98477861278425,209.42093562235263,205.32689835234027,205.7432403564453,19198200
2023-04-26,210.6501996831943,212.2461853305384,207.0617164159579,207.57717895507812,41992700
2023-04-27,237.80173090551267,239.58606473531918,234.7088956844878,236.48330688476562,71196500
2023-04-28,236.92940298135062,238.33704000965574,233.6977868565905,238.22801208496094,39554000
2023-05-01,236.54274769021308,241.87591826941056,234.40156253240826,241.06304931640625,29143900
2023-05-02,241.06309907149617,242.78795773263934,236.90958593006684,237.15740966796875,24350100
2023-05-03,237.3854064212788,239.6455577308559,230.7239030480112,234.96664428710938,34463900
2023-05-04,234.00506493525833,236.12643535513135,230.9023071473006,231.4871826171875,17889400
2023-05-05,230.21833898734732,232.63708590022182,227.84914471998914,230.75363159179688,27000500
2023-05-08,229.40544787827335,233.56888314152786,228.26546487348705,231.23934936523438,16400500
2023-05-09,229.44513909049456,233.82666101755078,229.0684421637561,231.3385009765625,16865600
2023-05-10,234.11409218905428,234.68904499084164,228.71153852913469,231.05099487304688,19119000
2023-05-11,231.0212883085138,236.13637381843506,230.27781710507037,233.7374267578125,20449000
2023-05-12,234.67914467629853,234.8972307500688,229.43518652876685,231.77464294433594,16161400
2023-05-15,234.85757102043314,238.16849214653735,233.28141585947415,236.7806854248047,20653200
2023-05-16,233.73740578256724,237.55389700147478,233.46976706403657,236.7410430908203,18163800
2023-05-17,236.37426476658152,241.71734364737938,236.06696576918233,240.3791046142578,21193100
2023-05-18,239.1994518791044,244.9390424423486,239.09040883985995,244.70114135742188,22943300
2023-05-19,245.31574994768903,246.52513093495048,241.29109507655596,243.50167846679688,21733600
2023-05-22,243.2736537767836,251.36262275152214,242.9861698221899,246.1583251953125,27738500
2023-05-23,244.66150008940815,249.41971879486397,244.50288926983555,244.5921173095703,17748100
2023-05-24,243.14480689478242,247.41728540634753,242.81767776935007,247.0406036376953,17724300
2023-05-25,251.19412157731733,253.39479746511117,247.00094838612523,250.4903106689453,22371400
2023-05-26,250.7281993124649,260.0265498517954,250.51012836120594,259.7589111328125,25727200
2023-05-30,262.940956499197,266.31135290723864,259.0154374005094,260.2347106933594,23816500
2023-05-31,257.7366752187053,262.6931497421419,256.2001802172078,262.41558837890625,25473700
2023-06-01,263.5852973969688,271.6147918186333,263.5754050196668,270.23687744140625,25609500
2023-06-02,270.2864603355899,272.9530459308971,268.7598577796487,270.23687744140625,19416900
2023-06-05,267.9469888352594,273.1711321141078,267.2134403187121,269.02752685546875,20742900
2023-06-06,267.7883771704285,274.16239512591744,267.3422824340207,268.75982666015625,19419000
2023-06-07,269.30505361291546,271.8625807149981,260.51224391346034,261.3052978515625,26163600
2023-06-08,258.35130511451564,265.3201079447365,256.6264614480304,262.2768249511719,20899400
2023-06-09,260.19511592437004,265.61750064760685,259.4219070539598,262.64361572265625,16949800
2023-06-12,264.8442916334225,269.3844093055368,263.0202822587517,268.69049072265625,15442500
2023-06-13,272.48716809809827,273.3198522484866,266.74756171115075,268.9581604003906,16164000
2023-06-14,269.5231465889594,272.5961361408235,265.9842170382982,270.9704284667969,19175100
2023-06-15,269.9296080997618,281.5178487136144,269.0572939381977,279.37664794921875,25973500
2023-06-16,282.2711884305146,285.3442082969982,277.69141139005217,278.5538330078125,43127700
2023-06-20,276.3036313019316,282.3207681995998,273.81547148594564,281.8548583984375,20701600
2023-06-21,281.06182497496616,281.52773476017416,275.93681733767835,279.18829345703125,20556200
2023-06-22,276.6505570919048,282.77678233751567,275.3718084998464,282.40008544921875,17563100
2023-06-23,279.05943296679476,287.1484028647073,276.5217204794401,286.2165832519531,51092000
2023-06-26,286.18685639120184,287.26736422711815,275.183476694736,276.0458984375,24232700
2023-06-27,279.55510363818735,286.83120507390686,278.2069267505543,284.55120849609375,26108300
2023-06-28,282.3406087612761,287.02941407913994,281.5872149884615,282.8065185546875,16722100
2023-06-29,282.0234012362909,284.0753889556589,278.2465700581659,279.0792541503906,15395700
2023-06-30,282.2811357109331,286.53376890451335,281.9440990867374,284.4818115234375,19694900
2023-07-03,284.2042242885285,286.88070203171793,282.37032290313533,283.5301208496094,8629300
2023-07-05,285.14599171696096,295.52485125008354,283.8672127367066,291.8074951171875,33865500
2023-07-06,293.31422444494905,295.52479242405417,288.7740774506401,289.4481506347656,47600500
2023-07-07,289.63651542467915,293.62153999226626,286.1471685227358,288.0008850097656,25586000
2023-07-10,292.9771848405433,295.5347425297434,284.5511784998187,291.5398254394531,37058300
2023-07-11,291.3415302455222,297.5668602635445,289.35894068243334,295.6933288574219,27585900
2023-07-12,299.12320145419704,306.7561834015163,297.48757110889034,306.6471252441406,36677100
2023-07-13,310.88983455608445,313.48702179287335,307.5888365628321,310.6816711425781,30281000
2023-07-14,309.0758382489042,312.13893578938223,304.68437895121997,306.1812438964844,23054100
2023-07-17,304.86281044247795,308.9964928062854,302.05742922495097,307.9159851074219,25323100
2023-07-18,308.1737286500036,311.46483460786504,304.94209795929135,309.3335266113281,20731900
2023-07-19,310.3050549337283,315.9058653137581,307.81689494508896,313.2591247558594,21763700
2023-07-20,310.7709333978952,312.7931833489161,299.5891287747079,299.8865051269531,23836900
2023-07-21,301.9186725328554,302.800909197342,288.66506554438087,291.69842529296875,42139300
2023-07-24,293.2051539847039,294.92999713402884,285.79025851474313,289.0714416503906,24915700
2023-07-25,292.6203191709946,295.7032315280009,289.3192904924628,291.9065856933594,19585600
2023-07-26,298.5681660392196,299.1431038718337,289.3590263225532,295.9709777832031,47256900
2023-07-27,322.2898209017809,322.5178296391777,307.14283473077046,308.9965515136719,64229200
2023-07-28,314.12152548725567,323.3604010020382,311.51441512024616,322.64666748046875,39220300
2023-07-31,320.8721941224564,322.8250459539718,314.825290208735,315.8265075683594,25799600
2023-08-01,314.7758393915576,321.3183927874067,311.9209048005017,319.90081787109375,22817900
2023-08-02,315.2317634870685,315.6183830009451,307.94574026174797,311.5738830566406,20461100
2023-08-03,307.23205269504695,313.1996679680387,307.23205269504695,310.46368408203125,15180200
2023-08-04,312.2181508559076,315.6381294593272,307.49960894818196,308.0249938964844,17612800
2023-08-07,310.50332247597623,314.30989138505396,307.75741615279827,313.8043212890625,16236500
2023-08-08,311.663054133199,315.12269327969364,307.41039131092145,309.91839599609375,15183500
2023-08-09,310.156314310015,310.8997853919067,300.21362891825964,302.5530700683594,19955800
2023-08-10,305.2593213413318,309.6210123853604,301.224744268541,303.0784606933594,14358900
2023-08-11,299.93611822813244,302.0673963056542,297.74533462225077,299.01422119140625,14046300
2023-08-14,298.3599590509755,303.5444121758859,295.6537130002151,303.52459716796875,15641900
2023-08-15,303.4750306746695,304.5555384693023,297.4182031951271,299.3215026855469,11623600
2023-08-16,297.5867363272898,298.4590504137435,291.7182573021849,291.7281799316406,18547700
2023-08-17,290.4989130347723,293.47279727093206,282.4694497986728,282.60821533203125,23950100
2023-08-18,276.60100568899685,283.20303313726754,271.9914906051631,280.7842712402344,35347900
2023-08-21,280.9825396079064,287.97115625621416,279.396461784683,287.3763732910156,20181500
2023-08-22,290.0033274305193,290.35028671568716,284.2538287834448,285.096435546875,12980200
2023-08-23,285.98859599429807,294.81111508897186,285.1658344882448,291.6786193847656,18287000
2023-08-24,295.9014980911481,296.8531326295478,284.1447562725001,284.2537841796875,18360900
2023-08-25,283.6391995492964,285.8795355852113,273.6271155393811,283.0146789550781,23701400
2023-08-28,285.49287958247294,288.9128584699036,283.3120190960079,287.73321533203125,14239300
2023-08-29,286.0678471302465,296.5458406851911,285.67133525084813,295.39593505859375,20844500
2023-08-30,294.58308487968134,295.69333019974454,290.875621808572,292.5310974121094,17717000
2023-08-31,293.22499634625575,298.47887705578745,293.0862308021256,293.3142395019531,17229900
2023-09-01,296.7639806937551,299.1133450144046,291.90664122148576,293.8000183105469,12842300
2023-09-05,294.43438220602286,298.7663660643128,292.9375475703508,297.5371398925781,14956000
2023-09-06,299.0835715746785,300.65972681313633,293.08624961534355,296.5657043457031,15418100
2023-09-07,295.4058570001141,304.37706303978695,289.67617413817516,296.0700378417969,33748700
2023-09-08,296.61525335375495,302.59276023279784,294.19649144148667,295.2968444824219,17548000
2023-09-11,298.78620226973936,306.34978726869906,298.65732909121135,304.8826599121094,19489300
2023-09-12,303.6632954224195,305.97302903945666,297.61642188859025,299.0339660644531,13480400
2023-09-13,299.7279106218778,304.5059592872475,298.69698571008445,302.4044189453125,13210900
2023-09-14,304.0698098777926,310.146452893405,302.3747039470629,309.0064697265625,19343100
2023-09-15,308.8973272487251,309.2839467030223,296.1492919151536,297.6957092285156,28131100
2023-09-18,295.59425860219534,300.9571681848217,295.2076390310998,299.9162902832031,14234200
2023-09-19,299.8469475589423,303.5048288349077,297.200176376817,302.4143981933594,15924400
2023-09-20,302.3944190703223,305.37822562956035,296.8233480110002,297.061279296875,19379500
2023-09-21,293.1259020127335,297.64620415124955,290.7170325130372,293.1556396484375,21319600
2023-09-22,296.69452649941013,302.72161592524503,295.67349404841707,296.4764404296875,25369600
2023-09-25,293.06638980081726,298.33016242036194,291.1432755959158,298.211181640625,18987000
2023-09-26,295.0688421646148,297.6858449572033,293.4332116377571,296.3575134277344,19417200
2023-09-27,297.8345632707552,298.677139729877,284.2934713763144,295.14813232421875,36429800
2023-09-28,296.3377057544672,303.6633594810206,294.1172148146599,301.3139953613281,22167100
2023-09-29,304.7042785354478,307.93591009206773,296.7540728412245,297.5966796875,25373700
2023-10-02,300.10463885997774,304.5059910836601,299.0043159300185,304.1491394042969,16265600
2023-10-03,301.61135737230416,304.0994866817158,297.03158036045915,298.32025146484375,17362300
2023-10-04,296.1295154558936,304.2283772759008,295.9015067543039,302.91986083984375,16880500
2023-10-05,301.97822997470047,303.5444629157402,296.89288129124026,302.1368408203125,19130000
2023-10-06,298.81593709513936,313.5564874187688,298.2905520081828,312.68414306640625,21803900
2023-10-09,309.7796795347402,317.541505874317,309.1056062125338,315.5886535644531,22503700
2023-10-10,316.34200688294163,321.83378880843856,315.3903722999116,319.038330078125,19038000
2023-10-11,320.19815236923245,325.97738791097737,320.13867709965075,324.9662780761719,22036300
2023-10-12,325.1447341503426,327.662631720703,319.8809605389769,321.3381652832031,20530500
2023-10-13,320.71363525767725,322.22039260310345,309.65078063069194,311.9505920410156,21341000
2023-10-16,315.8661797826119,319.0184898882461,312.77331469106156,318.35430908203125,16536100
2023-10-17,315.4102215309524,321.57607736131524,314.5378771302187,321.1795654296875,16387800
2023-10-18,318.5922603419994,323.10263972349975,312.8129945346358,314.2107238769531,16851000
2023-10-19,317.09543774973184,319.08795030688776,309.03620485654955,310.08697509765625,18709200
2023-10-20,311.4054259238881,312.5553015025764,303.8021799605282,305.96319580078125,22312300
2023-10-23,306.80580019592827,314.5973643164918,304.5853090932191,311.27655029296875,17796800
2023-10-24,314.0223812193745,315.5787213935738,307.9259239452391,309.8291931152344,19525500
2023-10-25,307.3014047174126,308.1737490291754,296.2385505173556,296.92254638671875,42192500
2023-10-26,292.43197892863674,292.43197892863674,276.9677733145693,285.8398742675781,66684100
2023-10-27,291.91649836108155,296.704438848398,290.41963355930477,294.14691162109375,29596300
2023-10-30,296.48636924282346,306.70661659471585,296.44670897879655,300.0252990722656,28435100
2023-10-31,300.6696499436243,301.0364242117363,294.2757858177128,298.64739990234375,19434200
2023-11-01,299.222366123352,310.0175516552152,299.222366123352,309.13531494140625,20434600
2023-11-02,314.537867992154,316.04465564125337,305.64595129379006,308.1638488769531,21631800
2023-11-03,309.82918609596044,312.8030705771321,308.31250622063965,311.8613586425781,16764300
2023-11-06,313.22938992076604,315.5589088571514,311.7127098538126,313.0509338378906,12887700
2023-11-07,314.2998978143044,318.20560138541873,312.3767836599217,316.0445861816406,14055600
2023-11-08,315.37059933746826,318.53280249069024,312.1389680232896,316.9963073730469,13609700
2023-11-09,316.63938382329235,321.35792628385803,316.0247556638353,317.759521484375,16103100
2023-11-10,317.1549585810116,326.23522538069153,316.6791260395175,325.9080810546875,19096200
2023-11-13,323.36040926035906,329.43702160039675,322.86476180916407,326.3243713378906,16908900
2023-11-14,331.6277738153951,335.15678091466447,330.42828531533473,333.3823547363281,17179400
2023-11-15,334.98831233456497,335.4542221949826,327.14716524859887,329.8137512207031,14531200
2023-11-16,326.5028044744622,331.667442561079,323.5388423305294,331.2808532714844,18932600
2023-11-17,327.38505530805384,332.5794307757708,326.4829733409951,332.1234436035156,14494400
2023-11-20,331.97470365714753,338.8939214489306,331.280785251639,337.0104675292969,16960500
2023-11-21,335.38476311199616,336.94110323972745,332.97592396005564,334.0465393066406,12027900
2023-11-22,336.25712187256374,339.9348475941971,335.6326012688178,338.51727294921875,10702700
2023-11-24,337.16912925300625,338.88405001830046,333.83836275604654,335.2856750488281,5467500
2023-11-27,333.25350452760324,336.9411226805428,331.2907600321463,331.7864074707031,15684500
2023-11-28,330.4977574222185,336.4257126007519,330.4977574222185,336.0390930175781,12637200
2023-11-29,336.73292416213553,336.9410875941156,327.9004840965644,329.3081359863281,16024500
2023-11-30,329.00085151227404,330.59682164758357,319.593443122573,324.3020935058594,23146400
2023-12-01,322.64665935567007,324.0146208399716,317.96774644363103,321.9924011230469,15276400
2023-12-04,314.52800636018907,318.0669066013097,310.9296005859111,317.2342224121094,19037100
2023-12-05,316.2032524808111,319.078001589407,312.644507483201,315.5192565917969,16952100
2023-12-06,319.12756635327975,319.4447879881586,314.2801499252027,314.68658447265625,11294300
2023-12-07,315.0037806878623,325.38263987014375,315.0037806878623,323.74700927734375,15905100
2023-12-08,320.27745110653814,330.26972018709864,320.18823819980867,329.8533630371094,14087400
2023-12-11,326.53249390387987,327.01824891652325,317.2143290387498,322.4483642578125,25802500
2023-12-12,321.7743550864856,331.5584316540226,321.73469481692894,331.31060791015625,18485500
2023-12-13,331.02307290083434,335.4244243340028,329.74432436086573,331.8260192871094,16353300
2023-12-14,330.9437875845794,331.7863942469266,325.77914995119795,330.26971435546875,19607300
2023-12-15,329.0999389173344,335.71188830199964,328.33665283998147,332.00445556640625,31776900
2023-12-18,334.5421662666255,344.5344041297469,334.08614889595844,341.6199951171875,18993900
2023-12-19,342.57167029164464,350.5218745666176,342.11568311875016,347.31005859375,17729400
2023-12-20,345.6149203637917,351.8699880301821,344.7624213705391,346.23944091796875,16369900
2023-12-21,349.90727608593943,353.30741024884486,346.17007504363573,351.0075988769531,15289600
2023-12-22,352.48459800477934,354.09052102123616,348.1625671200634,350.3136901855469,11772800
2023-12-26,351.8997912451386,353.8724888040851,350.3732187747808,351.7411804199219,9898600
2023-12-27,352.9703684711443,355.87485515386163,352.21697469605425,354.71502685546875,13207900
2023-12-28,356.5687975042497,358.7496281934857,354.69523557044886,355.2008056640625,11798800
2023-12-29,355.8649660737051,356.8661836584728,348.7573981902497,350.8787536621094,14987100
2024-01-02,348.2617247349704,350.08570368515996,337.0501820548259,343.2755126953125,19042200
2024-01-03,341.97691405684844,344.92106102147176,340.192565145366,341.4713439941406,15451100
2024-01-04,341.5010789113967,345.11929909621364,340.41064851615806,344.0982666015625,12099900
2024-01-05,343.96941637649724,350.4227560194501,343.2457904424102,348.8862609863281,13920700
2024-01-08,351.61235254100137,355.85509397846937,348.98539656002515,355.5378723144531,13890200
2024-01-09,353.2975099042569,357.500621013295,352.266554698049,354.31854248046875,13463900
2024-01-10,357.03470018708344,369.6935252666552,355.95416211609205,367.2450256347656,22117200
2024-01-11,368.8905420914892,369.53487766691745,359.77061774846607,366.45196533203125,17205400
2024-01-12,366.93774761928864,373.7776768226446,366.3231495817238,371.23004150390625,19310000
2024-01-16,370.39731754067816,372.3402469912931,364.0332214951215,364.2611999511719,15306900
2024-01-17,363.1112814992652,365.3318024736922,355.48822189160364,365.16326904296875,12724800
2024-01-18,368.25612070140227,373.5694769229854,367.7208432542545,372.8557434082031,16354300
2024-01-19,375.70081608354707,381.01414291937266,374.6797834135025,380.1120910644531,21670800
2024-01-22,384.57287645581624,386.95197821430475,377.8419754760099,378.4565734863281,17680500
2024-01-23,381.2718337835055,384.9991122312808,378.75393630536456,381.8468017578125,15506100
2024-01-24,386.60497070171994,392.70142765086376,384.434032676857,387.29888916015625,15698500
2024-01-25,386.7735168364553,392.04718233656905,382.3027674759573,389.7572937011719,15091100
2024-01-26,390.91714783237995,393.3359097959545,388.18116424199445,390.708984375,13163700
2024-01-29,391.55154595567524,399.422429541813,389.6780144066085,397.529052734375,18742400
2024-01-30,400.0767235620257,402.82259967131563,396.0917287704335,396.57745361328125,18614700
2024-01-31,385.6137142301989,394.53536828693876,383.7302599797155,386.7438049316406,20180800
2024-02-01,390.5107301891786,397.01362256052823,389.6284631736777,391.3434143066406,29727100
2024-02-02,455.5991505122071,481.7296700383125,449.0665206306807,470.85516357421875,84707600
2024-02-05,465.7896247984481,467.7920294868746,455.2224181615912,455.4107666015625,40832400
2024-02-06,459.96081170368444,463.05364680414374,449.05656832277816,450.7615966796875,21655200
2024-02-07,454.0130922939199,467.4153892805509,452.2089282038192,465.502197265625,23066000
2024-02-08,464.2432012847288,466.4934296544483,460.98183282884037,465.9085693359375,18815100
2024-02-09,468.8329280456372,469.4673410411531,463.4006211841716,464.0350341796875,18413100
2024-02-12,464.1143653554513,474.9789490756288,462.5183648227148,464.81817626953125,19382000
2024-02-13,452.892885158852,463.8169740536251,451.1283814896447,456.1145935058594,20916600
2024-02-14,463.85660058253393,469.982795609744,462.03262165462274,469.1600341796875,16858400
2024-02-15,471.142666911339,484.3665380343901,468.1093067569019,479.8164978027344,24212300
2024-02-16,473.94795697120554,474.7905636276594,465.1254390286169,469.1996765136719,23324600
2024-02-20,465.63107452057716,472.034831556268,462.49857878513245,467.6434020996094,18015500
2024-02-21,462.92970889465835,465.41057550181085,458.25576468630754,464.447998046875,12921800
2024-02-22,476.5645485214587,486.23992842019754,472.41654676636847,482.40948486328125,21625800
2024-02-23,484.31478426826664,490.57648938610384,478.65842637192833,480.3255615234375,18374300
2024-02-26,479.7698100644105,482.419388801166,476.92178017882867,478.05303955078125,12101400
2024-02-27,476.3065805684811,483.5407662161046,476.2470421891275,483.32244873046875,10809600
2024-02-28,481.2881234084936,487.29180850441577,479.0553434545367,480.31561279296875,12715500
2024-02-29,484.70180744595217,487.93686726454155,478.91640943030325,486.3788757324219,17732000
2024-03-01,488.3437040291378,500.39080710945973,488.0857144887077,498.4557189941406,16273600
2024-03-04,499.1503515840117,500.5594971142455,492.62072412682585,494.3771667480469,12324100
2024-03-05,491.21161670016596,491.7871644614326,484.15604619661946,486.46820068359375,15325300
2024-03-06,493.8214963331061,499.12062411100493,490.5070619679342,492.29327392578125,11757900
2024-03-07,499.428267454864,515.871429965554,497.5428147005372,508.27008056640625,18586400
2024-03-08,510.2547468573878,519.5629636532714,495.52832561465306,502.07781982421875,18597100
2024-03-11,493.2062214717345,493.51384651254926,472.3570085263561,479.888916015625,20428300
2024-03-12,489.48491194914317,498.46563690206807,481.0201963453091,495.92523193359375,15448200
2024-03-13,491.59866756926175,497.1458822287544,487.2720200219319,491.77728271484375,12090700
2024-03-14,496.4313625069967,497.5130167599525,484.4239615573876,488.06585693359375,12620000
2024-03-15,485.2674760460602,488.06587076219864,477.6164610806942,480.3950500488281,29153600
2024-03-18,488.14527802239974,493.61311813323977,483.0843037003027,493.1764831542969,11755300
2024-03-19,484.43389344040116,492.82913789689565,477.59661025996246,492.4421081542969,10903100
2024-03-20,495.67720645589986,504.3106353786496,491.38035831149114,501.651123046875,11711100
2024-03-21,510.7707530405325,511.09818381772453,502.13732529141583,503.8739318847656,9712500
2024-03-22,503.11975164327384,506.06702240568086,500.4801059197025,505.67999267578125,8120600
2024-03-25,501.9190467966136,503.3380953120619,496.41150443106284,499.17022705078125,8380600
2024-03-26,501.26406081847875,506.09678408775653,491.4199688696871,492.09478759765625,11205400
2024-03-27,495.47862897974267,496.0641401044297,484.3345964098226,490.08026123046875,9989700
2024-03-28,489.06815539695725,489.11779090352536,481.4370066733091,481.86370849609375,15212800
2024-04-01,483.4712757226848,493.6229620607857,478.0927438247273,487.5895080566406,9247000
2024-04-02,481.3873636113719,493.7222251422253,480.94079550745505,493.5634460449219,11081000
2024-04-03,495.1115300929547,503.35792871942033,494.9329149557214,502.86175537109375,12099200
2024-04-04,512.4676727823381,525.943758109554,506.67237161008114,507.0097961425781,26476300
2024-04-05,512.9043633487449,526.6384700008692,510.47310152376684,523.30419921875,19263300
2024-04-08,525.2293292201076,527.4223768254514,514.9188317096773,515.2760620117188,13260600
2024-04-09,518.2331333714253,521.845289446962,502.86169458913326,512.9439697265625,10863800
2024-04-10,505.3922206037786,518.5606494016819,501.928910292975,515.8515625,11418500
2024-04-11,517.1218290927488,519.8507828068974,513.3310570289301,519.1561279296875,10369500
2024-04-12,513.787472668167,516.2088008915841,505.43190063751956,507.98223876953125,11984500
2024-04-15,512.7653057412805,514.5615112314049,493.4741157112928,496.40155029296875,13512900
2024-04-16,494.2978148508964,500.9068477028601,493.30546812148475,495.9352111816406,9847900
2024-04-17,499.2495874459534,499.30912582005857,483.4117439696621,490.387939453125,12193700
2024-04-18,495.99467632150186,508.28986501966875,495.2206471982187,497.9595031738281,14808700
2024-04-19,498.95188761147057,498.95188761147057,472.08908659081203,477.3882141113281,25215400
2024-04-22,485.9719917197624,488.2444739766785,469.7768874878293,478.04315185546875,17271100
2024-04-23,487.4903047021122,494.94283793154807,485.22775549164936,492.3031921386719,15079200
2024-04-24,504.17164864318624,506.09680361298444,480.87133784126775,489.72308349609375,37772700
2024-04-25,418.1748568844393,442.35833901070566,411.3276713078903,438.001953125,82890700
2024-04-26,438.08138838825266,443.0232861124123,428.654094250066,439.89739990234375,32691400
2024-04-29,436.1959404676039,436.3944219336963,425.2801260809591,429.3090515136719,21502600
2024-04-30,427.751047303974,436.2554660770885,426.4312394735651,426.8778076171875,18429500
2024-05-01,425.31978777610783,446.51629805901524,423.84117064830116,435.8287353515625,20344900
2024-05-02,435.48139130558843,440.562201203768,428.9715998380439,438.2996520996094,15221300
2024-05-03,442.5171275663126,450.694084429791,440.4530598909977,448.5009765625,16489100
2024-05-06,452.0932897323867,462.59233462582085,449.87044284737243,462.1159973144531,15094600
2024-05-07,462.72134472049225,467.92123166453916,457.779447321688,464.6564025878906,13406800
2024-05-08,459.9526716667021,471.9402058578811,459.4564983423583,468.9830322265625,11683900
2024-05-09,466.40290121752565,472.4363552104369,464.0510446249137,471.78143310546875,9437700
2024-05-10,473.4386842914545,473.8455500732435,466.00601718642696,472.5555114746094,10750000
2024-05-13,469.13187501336745,469.7272890553807,459.30764931420595,464.42816162109375,14668800
2024-05-14,459.82365909681533,468.9234911376046,456.55883016199584,468.23876953125,10478600
2024-05-15,471.34482265738814,478.8072585621629,467.59375353224107,477.8546142578125,13100500
2024-05-16,471.36465799748123,474.0340729044409,469.1318780385458,469.60821533203125,16608200
2024-05-17,467.2265884372279,469.1815126685142,464.83505951456476,468.29833984375,10807300
2024-05-20,466.3533210681569,469.5784476860999,463.4655886777014,465.2518005371094,11745100
2024-05-21,463.54499982976347,467.09761808342193,458.7321121308233,461.0740661621094,11742200
2024-05-22,464.28922821985554,470.09446225330197,462.0862174173585,464.1999206542969,10078600
2024-05-23,469.26087705798136,470.72953068178265,458.0076699601858,462.2152099609375,11747900
2024-05-24,464.0411472655585,476.17755800168163,462.73124238654253,474.5600280761719,12024300
2024-05-28,472.93254487428226,477.17978725076165,471.2058714243165,476.24700927734375,10175800
2024-05-29,471.0272753949379,476.17755705003367,470.07463106847433,470.72955322265625,9226200
2024-05-30,468.06013056265147,468.11966893547435,461.15337647505135,463.4754638671875,10719600
2024-05-31,462.2350557963907,465.52965393072293,450.9818484598858,463.2571716308594,16919800
2024-06-03,467.2563385385533,475.92946902820285,464.65639510838076,473.8356018066406,11279400
2024-06-04,473.34931914302285,475.2248687174636,469.6081834348504,473.3393859863281,7088700
2024-06-05,480.7423648637953,492.84897628065335,480.2064891730306,491.2711486816406,15690500
2024-06-06,489.20704994565904,498.97173709860135,487.133049134123,489.9810791015625,10667300
2024-06-07,492.11466024786785,495.091700375797,486.41859982731586,489.1872253417969,9380700
2024-06-10,490.0802579177585,498.8129258220912,489.6337201358637,498.7533874511719,11220900
2024-06-11,496.33206952203005,503.71513050642415,494.45651994785885,503.58612060546875,9673700
2024-06-12,510.0562580327931,510.07612434807345,500.60912858458613,504.9456787109375,11983200
2024-06-13,501.8396375159677,505.46169688773693,497.5229233456596,500.2419738769531,9954600
2024-06-14,499.29827689365226,503.76827047428316,497.41095233353604,500.7982177734375,10243300
2024-06-17,498.3248520419291,507.3442927979167,492.70258957460356,503.25177001953125,11266600
2024-06-18,501.1955013675605,502.6259016154662,491.7191073037055,496.1593017578125,13060400
2024-06-20,498.652632230771,500.31150990328194,493.45749528868265,498.3546447753906,11801200
2024-06-21,500.09294409403304,500.09294409403304,489.1066959926516,491.4807434082031,22359200
2024-06-24,495.8712961742398,504.4139262555408,490.9940329117928,495.5832214355469,13525300
2024-06-25,493.7355866348011,507.3045034181857,492.1959343844585,507.19525146484375,12063200
2024-06-26,503.27162738652333,510.383887800089,501.3147622286422,509.698486328125,8882300
2024-06-27,510.8209300507455,519.3933892059828,510.47328813668884,516.0955200195312,10121200
2024-06-28,513.7016232829023,518.4000638324243,500.48034762615777,500.8578186035156,15855100
2024-07-01,501.58294679281164,503.2020522993896,489.8814984155555,501.3147277832031,10328200
2024-07-02,497.42088904280774,507.0959319918616,496.11962668652535,506.10260009765625,7739500
2024-07-03,502.9935121259422,507.87077580738145,502.6458398685603,506.5595703125,6005600
2024-07-05,508.18856248198745,537.2633737862543,508.18856248198745,536.3097534179688,21354100
2024-07-08,538.733549875278,539.190504390823,523.1382870220716,525.7904663085938,14917500
2024-07-09,530.1909987251714,533.8961079897183,524.6680747748195,526.4660034179688,8753200
2024-07-10,527.2506757341519,535.2867583710278,524.8368862253591,531.1246948242188,10983300
2024-07-11,527.3500219197413,531.8895562792189,504.9801666469837,509.28131103515625,16458300
2024-07-12,494.4409341236974,504.70204009860527,490.9344734606303,495.54351806640625,19750500
2024-07-15,495.3050935222818,503.30140324613546,490.0801579921721,492.8515625,12539200
2024-07-16,498.15592485818354,500.5896000264936,482.55068991736874,486.5240173339844,14075800
2024-07-17,475.97482668415233,475.97482668415233,456.05850528893654,458.90936279296875,28076600
2024-07-18,471.83266375516723,476.04438141112735,461.4424203212603,472.677001953125,19267200
2024-07-19,472.88560505542085,483.46458424586564,472.5379328105717,473.6107482910156,15149400
2024-07-22,483.3354544094365,488.77892449316187,480.6733320174168,484.1499938964844,12023100
2024-07-23,486.57366099330596,491.9177911002036,484.4678023595281,485.43133544921875,9455500
2024-07-24,469.1606069922724,473.12399173942754,457.5088124022394,458.1942138671875,17649700
2024-07-25,460.1709526223855,460.45899705158166,439.69836609184694,450.3866271972656,18240500
2024-07-26,461.1046981366571,466.63753399730916,456.3565726815499,462.5946960449219,14222400
2024-07-29,466.74682183029705,470.7996028508264,461.9192127867245,462.6046142578125,11339600
2024-07-30,463.88600206485654,469.57780482339075,453.6546955153981,460.1014099121094,11390400
2024-07-31,467.87919560673834,473.3226655061121,463.6376791709923,471.6637878417969,24285800
2024-08-01,517.5259306837595,523.6547716585801,488.8186442383986,494.4210205078125,43083100
2024-08-02,485.73929115246585,497.80826747717975,472.9749703834954,484.8850402832031,24044700
2024-08-05,448.34042139259356,480.25618462225543,447.79407058326694,472.557861328125,21396200
2024-08-06,475.8059449766994,499.20884038800506,475.45827277454725,490.7953186035156,20955000
2024-08-07,499.77512044060245,506.74829997819876,483.6135898383969,485.6598815917969,20105300
2024-08-08,494.1826592575275,506.5595672205357,491.42119757011926,506.2317810058594,16156800
2024-08-09,504.32449769396317,514.8836502692486,502.32792131826227,514.3174438476562,13696600
2024-08-12,513.4135489736507,514.5658480140165,505.7053134773553,512.5096435546875,9767400
2024-08-13,516.5425953987603,527.9559706517589,514.6950123852472,525.0156860351562,13743800
2024-08-14,524.5388780300436,530.4392723612109,519.6417586898049,523.24755859375,11444200
2024-08-15,528.2440329479462,536.1708639926986,523.1880067278528,533.7471313476562,13482100
2024-08-16,528.3533057155574,530.1015190770014,521.1615312349661,523.9031372070312,14776700
2024-08-19,523.3567078553176,528.1147452351695,519.2741288076174,525.7506713867188,9879700
2024-08-20,524.8268440690854,527.5486241898866,522.3733435694845,523.2176513671875,7944400
2024-08-21,523.6350139485368,535.8033315503418,523.4164493710769,531.591552734375,13423300
2024-08-22,533.4192569001465,540.6010274942679,525.0653618809546,528.383056640625,15708300
2024-08-23,533.3398137671492,536.2701553658752,521.5589105040611,524.4793090820312,11323900
2024-08-26,524.081913244852,524.479270276633,511.5163004380435,517.6451416015625,9584000
2024-08-27,515.519293809415,520.5157816288943,511.8737832515173,515.6384887695312,6282700
2024-08-28,514.2181257900095,517.615364659823,509.0329621910887,513.3341064453125,9106100
2024-08-29,515.5889478445253,523.6846276660798,512.2414239497651,514.7644653320312,8317400
2024-08-30,517.8736347952997,520.0490343879956,511.7646791262931,517.8339233398438,9157500
2024-09-03,516.1750252560046,521.9859928695383,505.22848784642304,508.3475646972656,12459100
2024-09-04,502.6955072728807,513.1453787891634,500.70884337263965,509.3210144042969,8335200
2024-09-05,508.3078633902029,518.1517873635855,507.74165686241577,513.41357421875,8640900
2024-09-06,518.4000613773472,521.0820696565472,494.9276235238455,496.93414306640625,14744500
2024-09-09,502.78490166446124,507.9204108518389,498.7320903469637,501.4240417480469,11047800
2024-09-10,504.77156555740726,510.751412962104,496.69577198232815,501.4240417480469,9899000
2024-09-11,503.6292467318183,509.6984904565573,492.29532543071457,508.4170837402344,10782500
2024-09-12,513.6022993894097,523.1979204782829,511.7844848502824,522.0952758789062,11970500
2024-09-13,516.8703967615143,524.0621107021185,513.6618931917054,521.121826171875,10321400
2024-09-16,521.5393768501115,531.0446869851908,514.4402669362904,530.2294311523438,9527600
2024-09-17,534.5247216049645,538.9989800805172,527.5349671432173,533.2520751953125,11690800
2024-09-18,533.9977098303668,541.0869276726933,530.845860739671,534.8726806640625,10323500
2024-09-19,546.8536926871561,558.8546528253562,543.3936196511286,555.901611328125,15647000
2024-09-20,556.7966017328396,561.2708601396214,553.1177549056164,558.1388549804688,22066800
2024-09-23,566.2422454333392,570.696598725916,559.1927762027452,561.1813354492188,12830700
2024-09-24,563.4383563302257,564.5022427843289,551.0198138385321,560.1075439453125,12993000
2024-09-25,560.8233803106601,573.580004208347,560.4952510598988,565.0590209960938,16543400
2024-09-26,572.436555499505,574.0970460697704,559.1330900425771,564.5917358398438,14400800
2024-09-27,566.8387572234752,567.5745750797583,561.2807684246667,564.1144409179688,9398400
2024-09-30,564.4524692436476,571.3925205491627,561.5690344960939,569.1653442382812,12792300
2024-10-01,574.6736128791929,579.7046644318758,566.8386860157418,573.1722412109375,15259300
2024-10-02,571.5715250916941,572.705018338464,566.0831432657689,569.5332641601562,6524700
2024-10-03,566.8884172422595,580.0228091163762,565.476496817631,579.4362182617188,11581000
2024-10-04,580.3907101459058,593.4356513652355,578.1038796024136,592.5308837890625,14169500
2024-10-07,594.7978731184487,599.5008565761534,580.698996622439,581.434814453125,12014200
2024-10-08,586.3167064096679,590.1645633879729,582.6179549512773,589.4984130859375,7857400
2024-10-09,590.5921538066963,590.9898899372046,578.2829670054293,587.132080078125,9529700
2024-10-10,584.2088301034865,586.8535869486327,579.1877306195246,580.490234375,7740400
2024-10-11,581.4845497009563,587.82805834101,579.376681824714,586.5752563476562,8587100
2024-10-14,590.8207918278077,596.6671607014488,586.5852117292404,587.0425415039062,8252000
2024-10-15,586.7838994450725,587.2313373087973,576.8212612009235,582.9161987304688,9564200
2024-10-16,578.074153352245,578.7502561624128,570.7463179400054,573.490478515625,11268400
2024-10-17,579.9931131702996,581.6236855285798,571.9096154864388,573.6296997070312,8701200
2024-10-18,577.7757598855744,580.6293370312779,571.9592494201094,573.1722412109375,7694300
2024-10-21,572.7348910706112,573.937930513858,565.8544327374575,571.8698120117188,8171900
2024-10-22,571.0047942012734,580.1919884331684,568.8472245196812,578.6806640625,8544500
2024-10-23,576.6522311713827,581.6534860008076,559.2821980776996,560.4653930664062,14248400
2024-10-24,563.885737507838,565.6257266322763,558.3078440792799,564.5320434570312,7184700
2024-10-25,570.6468058786587,577.9646881740268,568.4494264147659,569.970703125,11337900
2024-10-28,578.67072146079,580.410710743533,570.8357934356153,574.8526611328125,10925100
2024-10-29,576.8312747759295,590.2738923162734,572.1084471625843,589.8861694335938,13019100
2024-10-30,597.5421525719394,597.7609256472491,586.0085331392311,588.4146728515625,26864900
2024-10-31,581.6535861943853,586.52558067794,559.7893867410456,564.333251953125,26838400
2024-11-01,564.3629652502584,570.3882965161611,559.3418659763402,563.91552734375,15303200
2024-11-04,560.87307535209,565.4368452329544,554.6986381254013,557.47265625,12064600
2024-11-05,564.0547369200507,570.1993768247104,563.4283359927113,569.1553955078125,9775400
2024-11-06,559.53074043899,569.722104436324,551.994085485955,568.7775268554688,18305400
2024-11-07,573.5899087480227,591.39742768716,571.9195264894807,588.315185546875,14653700
2024-11-08,588.156055247851,589.7071287920577,581.1762546419226,585.9686889648438,9415700
2024-11-11,583.0057385461188,583.6420920185832,573.2121093173138,579.833984375,10209100
2024-11-12,585.1732389751623,596.2296222338206,577.059944903041,581.4745483398438,16287700
2024-11-13,579.2772452314994,582.2899416634106,571.8798022986036,576.6821899414062,10757600
2024-11-14,573.6993404002395,577.4378414789874,569.7321744285508,573.8583984375,11053700
2024-11-15,567.9522419153632,569.2945554984724,548.3450815467248,550.9103393554688,17712900
2024-11-18,553.8534897330912,556.6971755268692,546.943295022024,551.2286376953125,14327300
2024-11-19,548.7031290595829,558.2183921757821,547.4503270456743,557.88037109375,9522400
2024-11-20,559.7097017322158,563.1101203268514,551.0296618909093,562.284912109375,9797300
2024-11-21,566.2621066854078,566.7393414481576,545.9091728138703,559.868896484375,11154700
2024-11-22,560.3262747981044,560.6047022245103,551.4175681293176,555.9415283203125,9164000
2024-11-25,558.8844673779386,569.3145100236936,553.2071704273792,561.8772583007812,13599800
2024-11-26,562.7621877433986,574.1964018053228,561.9667762936829,570.259033203125,10356600
2024-11-27,571.601423170664,571.6908743519631,560.8731072719025,565.9439697265625,7200200
2024-11-29,565.7449722673266,575.1508771330009,563.6570098250976,571.0345458984375,7130500
2024-12-02,574.196458750282,591.0992116485587,572.2775064388576,589.4387817382812,12522400
2024-12-03,591.5963703951107,610.6865511232141,587.8678218422003,610.1397094726562,14907200
2024-12-04,609.4536653526643,614.2461004633882,601.6385813202486,610.2689819335938,14697000
2024-12-05,613.550119948881,616.3539959197653,603.5774656613376,605.4467163085938,8081200
2024-12-06,606.609996608488,626.1873655515558,605.0490309451652,620.2018432617188,16935500
2024-12-09,620.350888846341,622.8167434326103,602.7024265777296,610.0601196289062,11426000
2024-12-10,614.0272799520044,622.0113739130567,609.234845211511,615.7772216796875,10938900
2024-12-11,619.8041709211224,634.7482248862455,617.9747301416257,629.0609130859375,10837200
2024-12-12,627.8875399219128,633.0179957315453,623.6221024715439,627.1815795898438,7474700
2024-12-13,623.6319649076017,627.469929936179,613.3611012669363,616.80126953125,8453300
2024-12-16,626.8814975325155,628.0457867533739,615.5376035416824,621.1697387695312,10885600
2024-12-17,623.0901898648054,629.2597075495864,613.507549791668,616.393310546875,12897800
2024-12-18,617.9457625285903,624.2744678389638,593.3871523945554,594.2528686523438,17075500
2024-12-19,607.3878008993366,608.5122478337648,592.0734823017316,592.6406860351562,14958100
2024-12-20,587.675323062813,600.1436642411298,577.1473424651591,582.3715209960938,48989400
2024-12-23,586.7000120717197,598.1335492116074,583.366513431805,596.8995971679688,10205800
2024-12-24,599.7555744761255,604.99967413285,596.3325519539701,604.7608642578125,4726100
2024-12-26,602.5019749107529,603.3179490935831,595.994163249834,600.3824462890625,6081400
2024-12-27,596.4619283553646,598.8899302682426,586.8992072611702,596.8599853515625,8084200
2024-12-30,585.8542270232425,594.0039468527602,582.6998357068834,588.3319702148438,7025900
2024-12-31,589.3570104919964,591.0486006579675,580.9783795227164,582.6302490234375,6019500
2025-01-02,586.8194676993116,601.9347590067932,584.9288491785778,596.2926635742188,12682300
2025-01-03,601.7855544308446,606.5022314682295,593.4765866809927,601.6561889648438,11436800
2025-01-06,608.8208189352832,627.8865565009487,602.6413400646944,627.1004638671875,14560800
2025-01-07,628.5930882935072,628.9910845111622,605.2384904660217,614.8510131835938,12071500
2025-01-08,610.3830585744919,613.4080846789525,599.8251969713253,607.7161865234375,10085800
2025-01-10,607.0296506844576,626.811816790901,594.4020628949343,612.8309326171875,19256600
2025-01-13,604.1140210154849,605.9748187670136,595.5066015316934,605.3380126953125,10785000
2025-01-14,602.0940612489228,602.5119785361296,585.6552929558646,591.3272705078125,13598000
2025-01-15,607.2087300599234,619.3984789584875,603.5169556717734,614.084716796875,15524300
2025-01-16,608.4923023613607,613.2189392153532,606.7111284430702,608.2932739257812,8355300
2025-01-17,620.9806532892833,621.8961113451103,600.7008856525179,609.7561645507812,17280600
2025-01-21,614.7911741747237,618.443106000833,606.0145487128733,613.4279174804688,11674000
2025-01-22,620.2343211513619,630.5831936184607,616.3833603918935,620.433349609375,12274000
2025-01-23,624.2743234364817,633.468866899262,618.0949061109532,633.3196411132812,9910200
2025-01-24,633.2698782484986,648.7931250445398,631.0806868452225,644.3052978515625,19065300
2025-01-27,623.5280177511174,660.6047649681485,622.0254349357211,656.6343994140625,28399200
2025-01-28,662.7243805632816,679.2228513674787,656.2264682196907,671.013427734375,20950100
2025-01-29,671.6800579089199,677.7002892439266,662.3959298804792,673.1627197265625,21377800
2025-01-30,693.3926790288638,707.2939380483791,672.7745593343109,683.6209716796875,29322900
2025-01-31,687.6013388802664,701.8309926464267,682.2080139805101,685.790283203125,19303900
2025-02-03,672.5855459885331,700.5374135449807,671.9288188867163,694.0296020507812,21415700
2025-02-04,699.0448111623289,704.2292080677055,688.2083581609453,700.7265014648438,13826300
2025-02-05,700.0896222542642,714.6078889974233,695.5719738179728,701.4031372070312,17778200
2025-02-06,702.4082250040422,715.364207246352,700.0399258686745,708.4881591796875,13080700
2025-02-07,713.2744305821955,721.4440718312758,708.249280988419,711.0056762695312,16427100
2025-02-10,715.0259111266503,717.6529414175103,707.8314897983543,713.8716430664062,12904300
2025-02-11,709.8115954275665,720.1007048878689,706.5476987131067,716.2597045898438,12998000
2025-02-12,711.7818168815365,723.523766963731,709.0950845634602,721.812255859375,12016500
2025-02-13,717.9712711727863,725.4144618537392,714.5083460221898,724.9766235351562,12569100
2025-02-14,722.5685751543255,737.2658892402018,722.0511132817282,733.0467529296875,16901200
2025-02-18,732.3799503893923,733.3750318437257,702.9653450286946,712.8464965820312,21938700
2025-02-19,700.6369880110449,703.5227491828676,691.9698654310938,700.3086547851562,17535500
2025-02-20,693.8504867433877,702.1593933249234,690.228375354197,691.4224853515625,12587400
2025-02-21,693.1539301625503,700.4080528713276,679.0038387952945,680.18798828125,15660400
2025-02-24,682.9045646514273,683.8896856241412,659.1917553729045,664.8438110351562,15677000
2025-02-25,662.6943629602742,664.7144074530656,638.7029638185587,654.2660522460938,20579700
2025-02-26,656.4055905153153,679.6506817176414,654.763681609393,670.386474609375,14488700
2025-02-27,679.0933865536915,685.2629040436697,654.3357538023921,655.00244140625,12500000
2025-02-28,654.8033903750937,666.3364113660828,639.4393300085176,664.9134521484375,17534200
2025-03-03,670.3664982200642,677.8992724698688,647.638870751695,651.828125,10843800
2025-03-04,642.3350817447994,646.554217672348,620.5826142922276,636.8521728515625,21495200
2025-03-05,637.8473272165841,656.2563374404635,634.5237278365647,653.2412109375,13770000
2025-03-06,644.8129097915485,647.3603163884869,621.0403945748483,624.8416137695312,13446500
2025-03-07,622.294150848658,631.6678021460568,597.6559216844704,622.5827026367188,21375700
2025-03-10,605.0792675215534,607.109212093194,583.9835257431913,595.048828125,21999900
2025-03-11,592.1233521212574,611.9055811320635,590.4118407538476,602.73095703125,17401500
2025-03-12,626.8018648059933,630.2149870827395,606.352891273559,616.5126953125,15747000
2025-03-13,617.1993356753703,617.4481060645986,583.6252936627146,587.7349853515625,16480300
2025-03-14,600.3688460487675,606.4044031406513,592.381232702444,605.1494750976562,12364500
2025-03-17,605.01006095703,610.6272679434014,595.5881924170304,602.4603881835938,15473900
2025-03-18,597.6299490711036,597.8291546165306,572.3423339224544,580.0112915039062,20297700
2025-03-19,581.9235510596104,589.9311027976759,572.4518964146898,581.7044067382812,20537500
2025-03-20,580.4096736870833,607.7390075399582,577.1727812993547,583.6365966796875,24336500
2025-03-21,581.0668838344467,595.1299289868875,578.6068752271511,593.8451538085938,25015900
2025-03-24,612.4897086743648,620.0291850741187,609.7309218178737,616.3540649414062,15741300
2025-03-25,624.2322549021957,631.3235347184631,618.6747423038911,623.7840576171875,15312500
2025-03-26,622.3697410659778,624.2222248223229,604.163437823038,608.5158081054688,12609800
2025-03-27,599.572102422941,611.7726975303846,597.6797409070035,600.1497802734375,10436500
2025-03-28,597.8888875675808,599.3230823357646,571.605306475786,574.4139404296875,17602800
2025-03-31,561.2273418254761,576.3660506926756,551.0684674021583,574.0354614257812,21124700
2025-04-01,568.5377653967017,587.5308004666896,567.7011264631773,583.6365966796875,12836600
2025-04-02,572.5913101802249,590.2697228543149,571.0475736256388,581.574951171875,13470800
2025-04-03,544.0170454965238,550.3315027907909,528.1612684622463,529.4759521484375,34777500
2025-04-04,504.5767280238223,515.9108358048159,492.2068365877987,502.6943664550781,38589800
2025-04-07,483.14348777248983,537.1945936136326,479.9563819403582,514.1678466796875,36606100
2025-04-08,541.0589972717423,545.2221314563009,500.8318811641039,508.39129638671875,28034200
2025-04-09,507.21603593950647,585.5189766353849,500.0849095170737,583.4075317382812,39216600
2025-04-10,573.1689763297147,578.9555415344041,533.141064552052,544.0867309570312,28173500
2025-04-11,533.3501954996136,545.1922554454453,526.4581222037267,541.377685546875,17642300
2025-04-14,553.926912857093,555.5204964254532,526.1494412576809,529.3364868164062,14130900
2025-04-15,529.9639426413264,535.7704467995947,515.41288054515,519.4166870117188,15558700
2025-04-16,506.459094542153,511.29947867102186,493.6310371089192,500.2840881347656,18735100
2025-04-17,503.212273262548,505.25399323772916,496.00148267523775,499.4574890136719,14593500
2025-04-21,489.3483735420339,491.50963495584347,477.8648771062618,482.7052917480469,16166000
2025-04-22,489.8862436640875,504.8357168469179,484.3984562132767,498.2623291015625,17399400
2025-04-23,526.3985118004744,533.1810452072849,514.4369374018643,518.1718139648438,18173900
2025-04-24,516.6379293508005,531.746792125581,515.4129094243589,530.9998168945312,13910000
2025-04-25,544.5946691393716,547.6423253119987,534.0872308807745,545.0628051757812,17098900
2025-04-28,553.3990561017924,556.2375374162976,538.409766598872,547.5228271484375,15179000
2025-04-29,543.7978948573555,554.3252716550422,541.9254723342877,552.203857421875,11835000
2025-04-30,536.2286028212618,546.8854000110363,527.3644731031741,546.7858276367188,29244000
2025-05-01,589.6920784232152,590.5585647326062,568.1990964565776,569.9022216796875,31159000
2025-05-02,581.1069334308099,601.9027294588711,575.9976178073379,594.6122436523438,24739300
2025-05-05,588.8355064073843,600.7772002962906,585.6783084359005,596.8530883789062,13887700
2025-05-06,590.1403242884969,593.6262086030198,584.2143087960085,584.9413452148438,10600700
2025-05-07,587.9790163444538,600.6477471780503,584.3038959778277,594.4030151367188,13139100
2025-05-08,603.8447803031055,608.8345844494372,594.2137969163823,595.5982055664062,14622800
2025-05-09,601.285029170851,604.5219211731635,589.3235193265934,590.100341796875,10427300
2025-05-12,628.3753866174048,637.8072242767122,618.5253206919152,636.85107421875,21965100
2025-05-13,642.9364120582926,658.254386921773,640.2373808266427,653.3841552734375,18570800
2025-05-14,658.5432587283299,659.9973314154452,651.671063189936,656.70068359375,12348200
2025-05-15,651.6412216753015,654.6589696292252,636.0045299274248,641.2831420898438,14341800
2025-05-16,635.3869794893193,637.8569576148437,623.6246144224174,637.7573852539062,18519000
2025-05-19,625.7161170201866,640.4066267313649,625.2679198203533,637.8469848632812,9592400
2025-05-20,633.4449476478025,636.7714432087338,629.7100715967877,634.530517578125,6743500
2025-05-21,629.2418310050065,644.0020660016361,627.6283696820823,632.9368896484375,11464600
2025-05-22,631.4928293927045,640.655737445567,628.1663338378576,634.002685546875,8228400
2025-05-23,621.4833495575277,629.8992820739184,620.1388185495641,624.531005859375,8454100
2025-05-27,632.8472662118028,640.4863756807556,630.1980211513535,639.7294311523438,9508400
2025-05-28,640.0082861312126,648.2549209907568,639.958499945528,640.984375,9042900
2025-05-29,649.0218431897822,650.6850908623647,636.9208212538034,642.4484252929688,8858800
2025-05-30,639.9086753837215,646.7907792932219,630.227907169861,644.8785400390625,16241000
2025-06-02,641.7910631431,670.5446198991036,641.6615825955165,668.1941528320312,15766300
2025-06-03,668.7420068089284,672.8553550898889,662.3479161440031,664.1605224609375,11585000
2025-06-04,666.6205475323237,686.2211680866209,665.8735723856402,685.1754150390625,14031900
2025-06-05,688.8704104821669,691.5794719470881,679.4983890924821,681.8588256835938,13083100
2025-06-06,693.3622292653906,699.9754637799698,689.0795839414949,694.8960571289062,11728000
2025-06-09,695.6430205968694,702.3458579741853,691.1412310298801,691.2607421875,12773200
2025-06-10,698.5213248498013,700.3937473880201,688.7708312874433,699.567138671875,10850100
2025-06-11,700.871864292101,706.0110265671628,689.1991010267074,691.3404541015625,9582500
2025-06-12,690.5039040799495,692.5755324462824,684.229324181933,690.5636596679688,7322700
2025-06-13,685.175373097979,691.7686684593297,678.2633610655403,680.1158447265625,9274400
2025-06-16,697.0454302800655,704.839891030923,691.2444358848513,699.8262939453125,13720300
2025-06-17,699.7067073456836,703.6637089538638,693.7861096962511,694.9522705078125,10066100
2025-06-18,695.8991092834594,699.2980032265184,692.6298563461756,693.4970092773438,10068300
2025-06-20,698.4607641474819,699.5272759324512,676.4528788689065,680.120849609375,22538600
2025-06-23,681.4566194171989,696.7664289136022,676.532754285908,696.2481689453125,11080100
2025-06-24,702.5872956643889,710.860169242287,699.8163481052391,709.8734130859375,13823200
2025-06-25,710.989786190386,714.2391463968028,703.0757215627262,706.3649291992188,9320400
2025-06-26,712.026356119824,725.8410644855094,708.7271714667934,723.7180786132812,13964800
2025-06-27,724.1465793868571,733.0274448848292,723.488701447296,731.2333374023438,18775700
2025-06-30,742.1176905331245,745.4567832484664,731.851350759088,735.6788330078125,15402100
2025-07-01,734.4727021962226,735.3398551388783,713.0329631720402,716.870361328125,13431200
2025-07-02,712.9932128907722,717.9469479430355,710.4714485666279,711.2389526367188,9336700
2025-07-03,724.2363423193813,726.6484806198991,712.0861613983789,716.6611938476562,8601700
2025-07-07,715.2557459712787,724.625062725977,711.1791411032029,716.0032958984375,9457100
2025-07-08,719.2127580119818,720.5483463866185,712.4748320749653,718.315673828125,7770700
2025-07-09,720.3589752323313,735.1206520424314,720.3589752323313,730.3861694335938,11418000
2025-07-10,729.1601755610233,733.3962917497249,717.2492014044612,724.8642578125,9913600
2025-07-11,720.1397043336653,722.7909877576628,707.3815321195434,715.166015625,10873900
2025-07-14,715.2557796061216,725.6218300844944,714.2092218260386,718.56494140625,8939400
2025-07-15,721.5352116480268,722.1032960553172,707.501190694441,708.0693359375,11529500
2025-07-16,711.0394977501286,711.6375132851348,696.985585155631,700.6136474609375,13067600
2025-07-17,702.0888975460598,703.5939743779064,694.8326508122145,699.1185913085938,11803300
2025-07-18,699.8960490076172,702.407835998619,689.3905035678976,701.979248046875,12779800
2025-07-21,704.4909815749821,714.6576719200774,703.4544009949688,710.6408081054688,9404400
2025-07-22,713.8503357336546,714.258969568067,699.1185901916039,702.5075073242188,8921100
2025-07-23,704.0624934372183,712.295520196002,702.62719505753,711.2489624023438,8771600
2025-07-24,714.7074933384354,721.2560374369583,711.6674693968201,712.46484375,10920800
2025-07-25,714.5778842585692,718.2957401275581,709.5743254141869,710.3517456054688,8271700
2025-07-28,712.8635901780652,722.3724029167645,710.3518030699777,715.28564453125,8715700
2025-07-29,717.6478585379464,722.1032264585367,697.6234630507284,697.7131958007812,13267000
2025-07-30,705.7768321791035,706.1854660197899,688.9419939778502,692.9389038085938,27077300
2025-07-31,772.667590247117,782.1863801577031,763.0092430876867,770.913330078125,38831100
2025-08-01,758.2448261685668,763.497629588928,742.8752172910131,747.5598754882812,19028700
2025-08-04,757.5172228150747,774.3121526971289,755.9323902785536,773.833740234375,15801700
2025-08-05,773.913496774336,780.571667176634,760.507423214992,760.9659423828125,11640300
2025-08-06,767.4845892138412,771.1127127816184,757.9757760743282,769.4680786132812,9733900
2025-08-07,770.963067577982,772.4681442766814,757.0686058784653,759.3411865234375,9019700
2025-08-08,760.2582747146965,767.3849416766147,756.101914160301,766.786865234375,7320800
2025-08-11,767.5643106154529,770.9332736584846,762.171949999175,763.3680419921875,7612000
2025-08-12,770.4747258826147,791.077183084039,769.9065806861354,787.419189453125,14563100
2025-08-13,788.5655214330485,792.861439232817,775.687684264025,777.5316772460938,8811800
2025-08-14,775.3387743217048,785.2363270315518,769.986322264654,779.5748901367188,8116200
2025-08-15,781.5883059112525,793.6487524142633,778.2691675641597,782.6647338867188,13375400
2025-08-18,772.5579712024165,773.2755899130946,754.0884756033142,764.8631591796875,16513700
2025-08-19,764.613945820292,764.6637703117248,746.9119549568848,749.0250244140625,12286700
2025-08-20,745.1278702665168,747.7492835360712,728.611993296026,745.27734375,11898200
2025-08-21,742.2771438441821,743.064541108265,730.7150031484181,736.6854248046875,8876300
2025-08-22,736.81505282597,754.4273720053774,731.9908982789533,752.32421875,10612700
2025-08-25,752.354165267511,756.40089964729,747.6794841015795,750.839111328125,6861200
2025-08-26,748.3472672479323,752.4039786334924,745.4966249237331,751.636474609375,7601800
2025-08-27,749.8423869559551,751.6863799088018,740.4133296583533,744.9384765625,8315400
2025-08-28,741.5695520935569,750.5899760103364,738.3799934657852,748.6563110351562,7468000
2025-08-29,742.8453254860702,744.6992345800578,732.9477115811937,736.2868041992188,9070500
2025-09-02,723.6681190637612,733.5956032036421,719.3722015925617,732.70849609375,9350900
2025-09-03,733.5955932459119,737.8317091036498,731.5921498947655,734.6421508789062,7699300
2025-09-04,746.1245900119145,758.6734271200463,743.3835736708148,746.204345703125,11439100
2025-09-05,750.1613709772337,755.4739762141257,742.5961997057085,749.991943359375,9663400
2025-09-08,753.5303323961845,764.0060085234048,749.5633535528676,749.8424072265625,13087800
2025-09-09,755.015467467211,763.7966850553518,750.9687328645941,763.1986694335938,10999000
2025-09-10,762.6305038555339,763.1986490989516,748.5466583985636,749.5234375,12478300
2025-09-11,752.1847098305358,754.6266574243845,745.9251963321232,748.4469604492188,7923300
2025-09-12,746.2840677626042,755.0952164716484,741.3303327049176,753.1217041015625,8248600
2025-09-15,754.995481759339,771.5412896866574,749.5334031898147,762.201904296875,10533800
2025-09-16,764.4944012192615,778.8074760600178,762.6005837137456,776.4552001953125,11782500
2025-09-17,777.4419223006557,780.7311297077449,763.8066193659058,773.1858520507812,9400900
2025-09-18,778.1994163857863,786.2032128794,770.8335437165625,777.7010498046875,10955000
2025-09-19,783.8508708699721,788.2165669565625,766.6771780735046,775.837158203125,23696800
2025-09-22,779.8218176027002,783.6917575585782,762.4868973227559,763.1751098632812,11706900
2025-09-23,767.254476840496,768.6009504341728,749.1216451610411,753.4404296875,10872600
2025-09-24,755.5349916265823,759.1356124217834,750.5779133776451,758.686767578125,8828200
2025-09-25,751.4954858581857,754.8068807440363,742.6185490172081,746.9672241210938,10591100
2025-09-26,748.0544043789391,749.9793904076555,735.4371957410184,741.8206176757812,9696300
2025-09-29,746.777703342028,748.8324179023273,737.2325826153279,741.4715576171875,9246800
2025-09-30,740.3245554260684,741.0426584785586,724.4159185837501,732.4749755859375,16226800
2025-10-01,719.6183236513255,719.9773751402398,708.357633728991,715.4791259765625,20419600
2025-10-02,720.7055653205383,725.8821043267139,716.2770807321521,725.1639404296875,11415300
2025-10-03,727.7372737109582,729.1037149276121,708.3377167266436,708.7167358398438,16154300
2025-10-06,703.3607165744016,715.0203947681905,688.718804278428,713.8035278320312,21654700
2025-10-07,715.8581417735932,716.636147605649,703.9192222306009,711.230224609375,12062900
2025-10-08,711.599278595462,717.7832075860277,705.9738944950672,715.9779052734375,10790600
2025-10-09,716.4167658258609,731.6072387695312,710.5918883665408,731.6072387695312,12717200
2025-10-10,729.0239332852144,733.3626856542741,702.6824691715568,703.4703979492188,16980100
2025-10-13,711.1603595995662,718.072374881022,705.8042950194317,713.8433837890625,9251800
2025-10-14,705.9439682909708,713.6937706407739,697.5158763660478,706.8117065429688,8829800
2025-10-15,715.1998794771447,722.0221626881838,707.6694770310874,715.6885986328125,10246800
2025-10-16,715.6886043056783,723.6080097298942,702.0540824517458,710.2228393554688,9017000
2025-10-17,705.2458014471516,716.6760344343375,704.2882698394852,715.0602416992188,12232400
2025-10-20,719.3191931642514,731.8665769499745,718.3118034233538,730.2706909179688,8900200
2025-10-21,734.110725168398,736.5842723709278,726.8595646449745,731.3678588867188,7647300
2025-10-22,731.9264006052239,738.6787972623451,722.1518348008319,731.5074462890625,8734500
2025-10-23,732.7941435868839,740.4841042897723,731.1982575844598,732.095947265625,9856000
2025-10-24,734.8787064697904,739.2872845910176,729.253383189777,736.4446411132812,9151300
2025-10-27,747.7850542762595,753.7894568601143,746.0695454676272,748.8722534179688,11321100
2025-10-28,750.6776381609803,756.4326899204912,743.5860965317024,749.49072265625,12193800
2025-10-29,752.7921200604676,757.1906533932021,740.5838813084906,749.7200927734375,26818600
2025-10-30,667.4142515632169,679.1936140289573,648.4834442213796,664.7411499023438,88440100
2025-10-31,672.7602632515434,673.1392823636344,643.8953340746643,646.6680908203125,56953200
2025-11-03,654.298319497033,657.6196984387726,634.5297257704245,636.0557861328125,33003600
2025-11-04,626.410791028598,640.0752642850032,624.3860886703497,625.6926879882812,27356600
2025-11-05,630.6697208898194,640.5639703518489,624.9146693781357,634.30029296875,20219900
2025-11-06,634.2005186436334,634.3501538797125,616.3968476378337,617.3344116210938,23628800
2025-11-07,614.8907386759073,620.5161224262619,599.640424749484,620.0972290039062,29946800
2025-11-10,629.4529708548182,633.3528014765299,616.5065997528014,630.1212158203125,19245000
2025-11-11,626.3709656116134,627.9269165306073,617.7833145947981,625.453369140625,13302200
2025-11-12,626.5005716840028,627.3583261459861,606.1934022078184,607.43017578125,24493300
2025-11-13,611.4796659420805,616.0478021853295,601.4357808374693,608.3079223632812,20973800
2025-11-14,600.2288811530552,612.088052043071,593.6560102918138,607.8790283203125,20724100
2025-11-17,607.4600346656293,610.1031845088386,593.8554651895852,600.4483032226562,16501300
2025-11-18,590.065358149623,602.0940719298206,582.2656968950795,596.1395874023438,25500600
2025-11-19,592.1797786556917,593.7856483585136,579.7421567881397,588.7886352539062,24744700
2025-11-20,601.9344542639864,605.1460720070379,581.8367012414765,587.6217041015625,20603000
2025-11-21,586.9734117815261,596.5684523172222,580.3506215479276,592.70849609375,21052600
2025-11-24,597.1668722231478,615.1002729325323,596.0797338085368,611.459716796875,23554900
2025-11-25,622.3812488080194,635.3973829418613,616.6960233021972,634.5695190429688,25213000
2025-11-26,636.0358029520913,636.7040478933542,629.9915253276793,631.9663696289062,15209500
2025-11-28,634.4299618769652,646.3688812783262,633.8514494094911,646.2691650390625,11033200
2025-12-01,637.8909364271796,643.6459879981971,636.1056017671217,639.20751953125,13029900
2025-12-02,640.6737247939117,646.1893476978298,636.4147821721649,645.4213256835938,11640900
2025-12-03,642.7383158920676,647.1668005690203,635.8961259576193,637.9407958984375,11134300
2025-12-04,674.246461597851,674.3461778479464,658.3378235904052,659.8140258789062,29874600
2025-12-05,662.2775487290173,672.9398207362489,660.6717397649775,671.673095703125,21207900
2025-12-08,667.603701448277,674.9545781663558,663.344758713728,665.0702514648438,13161000
2025-12-09,662.0481917138827,662.7563110037405,651.645254570885,655.255859375,12997100
2025-12-10,648.2639556943986,652.8121240146866,641.730959438269,648.4434814453125,16910900
2025-12-11,641.6211778682233,653.5801249698833,639.1376470786419,651.0167846679688,13056700
2025-12-12,648.1143965293088,709.1556549538686,636.9534211280841,642.558837890625,14016900
2025-12-15,644.5502809809109,651.8372704406642,637.5627451568915,646.3570556640625,15549100
2025-12-16,642.3541999133257,661.3602758295988,642.054746271156,655.9799194335938,14309100
2025-12-17,654.4426118233187,660.0526000253047,648.0440522221027,648.343505859375,15598500
2025-12-18,655.8600753372949,669.3659511843067,655.2910830082761,663.266845703125,20260300
2025-12-19,665.2333263832898,669.8051880946751,657.0080086354003,657.5969848632812,49977100
2025-12-22,660.4719008376494,672.3806511570199,655.4808037586267,660.3221435546875,15659400
2025-12-23,658.8746741689592,664.8140915262984,657.0778915122911,663.7559814453125,8486800
2025-12-24,661.3503083186049,666.9902112020924,661.0208788671576,666.361328125,5627500
2025-12-26,666.8704739599774,667.7589038803495,660.1424847097468,662.1089477539062,7133800
2025-12-29,656.8383689858442,659.0743707339258,653.2248195668056,657.5171508789062,8506500
2025-12-30,657.5171386037911,671.0230153954109,656.6686764849229,664.7642211914062,9187500
2025-12-31,663.5662869980947,663.8158418258488,658.2657448936569,658.9146118164062,7940400
2026-01-02,661.5499009554064,663.2069792218492,642.3541620430398,649.2518310546875,13726500
2026-01-05,649.8508280292294,663.3567049684374,646.5966230035071,657.616943359375,12213700
2026-01-06,658.3955464147172,664.3349637543794,650.7392210314413,659.4436645507812,11074400
2026-01-07,654.4725487720359,657.9763084361789,643.6618161601232,647.534912109375,12846300
2026-01-08,644.7299347572825,645.9477331499952,634.5879917891143,644.9096069335938,11921700
2026-01-09,644.2907288447692,653.7838050409127,641.7053138036724,651.8971557617188,11634900
2026-01-12,651.3680980277007,652.8054753941815,640.0881706951194,640.8268432617188,14797200
2026-01-13,641.1263941859123,641.1263941859123,622.9887038024194,629.96630859375,18030400
2026-01-14,625.3844405077801,627.3309804807691,613.7252454803604,614.4240112304688,15527900
2026-01-15,617.378703801015,623.0585745209008,613.1362714280776,619.694580078125,13076100
2026-01-16,623.0685636897582,627.9598630097294,618.9758886129073,619.1455688476562,17012500
2026-01-20,606.7976262932837,610.3113781504126,598.9316523845154,603.0443115234375,15169600
2026-01-21,605.659634898437,617.169133937088,599.0115204374271,611.8685913085938,14494700
2026-01-22,628.2293275614567,659.3937675491238,625.4343255489129,646.476806640625,21394700
2026-01-23,643.6219561683764,665.3032527677875,643.3025186421843,657.5870361328125,22797700
2026-01-26,663.9456136216552,674.0775639748149,660.1124246688775,671.1627197265625,16327400
2026-01-27,673.3888389297905,675.6148486525956,663.4764668627315,671.7716674804688,13297400
2026-01-28,673.2989295276801,676.4732596455591,664.9138628916613,667.5391845703125,25709600
2026-01-29,736.1169233837337,742.6752321400184,711.2812198864386,736.995361328125,59852900
2026-01-30,726.2045952530067,730.8662626744616,712.3193905555435,715.2241821289062,23744600
2026-02-02,713.3275184694113,720.0156002559207,702.2672920108814,705.152099609375,14365200
2026-02-03,706.1104025957663,715.7232596178901,685.1877035052055,690.4683227539062,13760700
2026-02-04,686.5054510943589,687.6035290584308,666.2715840299333,667.798828125,16882800
2026-02-05,662.3984629374214,680.2865379695924,652.3363940764909,669.0166625976562,17131800
2026-02-06,664.3050190645899,670.7934451675868,645.3488423980709,660.2822265625,18159300
2026-02-09,661.9991209626965,682.0932819515241,657.6069922476072,676.0140991210938,14837500
2026-02-10,676.39338857878,679.4380062536881,668.5972981068446,669.525634765625,10455800
2026-02-11,672.7998711552045,678.0605068549233,655.9299390360635,667.4993286132812,14323800
2026-02-12,668.7770306530766,674.7963229561075,644.1310518439949,648.6529541015625,14960100
2026-02-13,643.9512634857649,650.2700088851722,633.4400456540794,638.6307983398438,12336400
2026-02-17,638.3613203754355,641.4557762130754,627.6803603746322,638.1516723632812,12674700
2026-02-18,632.67143641335,643.8515057528024,627.0315334227189,642.0746459960938,14649200
2026-02-19,637.432932921519,646.0375787806976,635.5861905818066,643.6318969726562,10035700
2026-02-20,638.5510179511008,662.1688639053526,637.642665037141,654.4925537109375,14183500
2026-02-23,651.3781101885919,656.5289567660449,634.8675821094057,636.1153564453125,8605900
2026-02-24,631.9527863953055,639.9684568961466,627.8600500948714,638.1616821289062,10135600
2026-02-25,641.3858999809694,652.7156650876909,640.9965798171046,652.5260009765625,11330700
2026-02-26,649.3916295582877,659.823034651462,646.3470725216666,655.8401489257812,10637700
2026-02-27,642.3042597917192,648.2835840137412,636.9837335400734,647.0258178710938,15703000
2026-03-02,636.0254184162494,658.764884603327,633.3701817354564,652.396240234375,9816100
2026-03-03,647.1356255764312,657.866484005116,637.7025010942567,653.91357421875,12263800
2026-03-04,656.788453587829,671.5720803574089,656.4989309709863,666.541015625,10810100
2026-03-05,660.751362594833,669.5057662619517,649.1520579976961,659.393798828125,13341400
2026-03-06,646.7463568472266,648.3135076492586,634.9773114336934,643.7117309570312,13159400
2026-03-09,633.6497121926325,646.5965879982328,625.6639573427893,646.2372436523438,13489700
2026-03-10,652.3962938458964,659.1242831137364,647.8444156429986,652.9053955078125,9859300
2026-03-11,653.5941721528687,657.9463943013674,647.2055433479961,653.6939697265625,8977200
2026-03-12,647.5948883988538,652.3364309343367,635.7660119177681,637.043701171875,11617500
2026-03-13,622.7790526456299,628.0496188589474,608.4645611002024,612.6171875,18957600
2026-03-16,631.4147932406764,634.1622468505053,622.5230098937741,626.8690185546875,15134900
2026-03-17,627.4085169382369,635.9605885584036,621.1243629754691,622.0834350585938,10348800
2026-03-18,615.769347359454,622.0735023862151,614.04090772979,615.1099243164062,11726300
2026-03-19,611.5832104537112,612.4323990135786,601.7023533616688,606.1382446289062,13247700
2026-03-20,602.9712077810872,603.400802317344,586.7062525156723,593.1102905273438,21214900
2026-03-23,605.2290499891692,608.0764476338709,598.4553596033379,603.5006713867188,13638000
2026-03-24,598.5452420228083,600.443507118967,590.4527665679026,592.3709716796875,10739700
2026-03-25,598.1855830392399,603.1110107561809,592.850561795072,594.3391723632812,12585000
2026-03-26,581.9506076701073,582.460145169462,542.8468364624507,547.032958984375,35780100
2026-03-27,539.599843303006,543.0966023049141,519.7782492802263,525.233154296875,30133000
2026-03-30,535.8833618164062,539.0504095872608,528.0505941707193,535.8833618164062,22795200
2026-03-31,549.4707059552647,573.1587727471259,546.2637174010383,571.6002197265625,32898300
2026-04-01,579.5928556215499,592.0013387220274,573.2887005646345,578.6936645507812,23608100
2026-04-02,565.5158531822124,577.9643377947169,559.1817578546791,573.9281005859375,13518500
2026-04-06,577.1550997330287,582.2503530791108,571.4703658572956,572.4894409179688,9515700
2026-04-07,571.9498894780604,574.6973431004155,564.2370671243236,574.5175170898438,9580800
2026-04-08,605.4388670235439,629.3667024291958,591.2820049792073,611.8529052734375,32036600
2026-04-09,626.3894374266143,636.9097166035551,622.4231426572783,627.8081665039062,19012900
2026-04-10,633.882449891805,637.9886903650855,623.7518859014353,629.2767333984375,13294800
2026-04-13,628.9171329935918,634.4120404303904,623.8218795800174,633.9425048828125,9538900
2026-04-14,642.624350345733,665.6430543798978,638.7779398291946,661.8765258789062,17818000
2026-04-15,666.3824145357423,677.8717665104965,663.6049593103575,670.9581909179688,14952600
2026-04-16,675.3640350842893,676.9525896021297,667.131674939706,676.2432250976562,9544800
2026-04-17,677.9716157075654,690.8796961433965,674.5048580761284,687.9124145507812,16283500
2026-04-20,680.7290935491282,682.7472426832454,667.381478611767,670.2887573242188,12534000
2026-04-21,670.3786762058809,675.5738733736962,666.7120915784461,668.220703125,8660100
2026-04-22,673.7355628200382,677.7518600207422,669.1298460769134,674.09521484375,9215600
2026-04-23,663.0854475032797,668.9400066983026,652.4452846667049,658.5396728515625,11667000
2026-04-24,659.7085674039201,680.0396994180859,653.2345872360809,674.4049682617188,13348300
2026-04-27,670.3786986745525,681.8680504402118,670.2188736545023,677.9916381835938,12805200
2026-04-28,673.6156618787633,677.5520159823654,665.0136491453696,670.7183837890625,10606800
2026-04-29,668.290599742094,673.6256820299297,663.1953464496755,668.5004272460938,18947500
2026-04-30,618.7465567527638,620.2751083620838,599.4444385151393,611.3433837890625,52765000
2026-05-01,614.120842749119,618.3069655430758,605.548770151405,608.1863403320312,21404000
2026-05-04,607.3771038685389,613.4314904063681,602.1919069095087,609.8447875976562,16203900
2026-05-05,612.7420849871345,613.7811000159977,599.8040642277598,604.3998413085938,17171300
2026-05-06,600.4934370812971,619.3759607512419,597.5461564796674,612.3125,19915500
2026-05-07,614.150739078972,624.4012480600104,612.9718390781961,616.2388305664062,12307400
2026-05-08,614.6303402495529,616.1988937552933,605.4987892063378,609.0654907226562,13557000
2026-05-11,604.010215830275,604.3498668649182,597.5262348938886,598.3054809570312,15940600
2026-05-12,594.2692320029287,603.1909559259367,592.0512559095129,602.441650390625,11351600
2026-05-13,598.275515544453,619.3260125714435,596.1074810052941,616.0590209960938,14634400
2026-05-14,615.429618202359,623.152441138389,614.4305441468357,617.8573608398438,10651200
2026-05-15,613.421486859321,620.6248329546977,608.7458274653094,613.6612548828125,13272600
2026-05-18,608.5459509764945,615.0199919776213,603.1309869574205,610.64404296875,13772400
2026-05-19,608.3561568042173,613.361527578881,599.9939118379299,602.052001953125,11749900
2026-05-20,600.2037495434126,607.4370360716302,597.2564688338498,604.499755859375,11329700
2026-05-21,599.4443949814065,609.0354809096541,594.2591985256718,606.8175659179688,13476100
2026-05-22,607.3171451453314,614.2407210713809,606.3880135859368,609.6949462890625,11688600
2026-05-26,608.3261927003538,613.9009818092591,604.7394901495815,611.7730102539062,12234200
2026-05-27,608.8357727220844,637.908804248614,608.4361186960156,634.6718139648438,23143600
2026-05-28,638.9078448274123,642.4046039468743,628.7272779804616,634.7017211914062,16772400
2026-05-29,632.9133899267435,633.9124639439917,622.7727642602187,631.92431640625,19806500
2026-06-01,629.8162791560948,635.1613007084701,598.974869401479,599.9139404296875,29138800
2026-06-02,602.68138962268,608.3161816139932,596.1274666259658,597.0765991210938,18252000
2026-06-03,602.4416570391962,623.5720977596394,599.7142043737263,622.4031372070312,23020100
2026-06-04,623.0924785224576,641.8051764288737,621.8536364911718,626.9888916015625,21469200
2026-06-05,622.8827460758752,628.567480013855,582.3702434655938,592.450927734375,30091600
2026-06-08,591.4518261333767,591.4518261333767,578.6836307521693,584.8479614257812,19512400
2026-06-09,590.4527436689563,597.0766092757164,580.4720040020986,584.0487060546875,16977400
2026-06-10,580.192266144374,590.7724873942649,570.0716409197756,570.4512939453125,17064000
2026-06-11,565.3060574843756,571.6401524850257,556.4942175026772,567.9036254882812,17628000
2026-06-12,572.4194595335534,575.5365655300229,560.3806300495169,566.4549560546875,14326400
2026-06-15,579.9000244140625,601.27001953125,579.2999877929688,593.47998046875,17653300
2026-06-16,593.6500244140625,605.8099975585938,592.0,600.2100219726562,11344400
2026-06-17,592.0,593.8099975585938,566.1900024414062,567.5800170898438,20478300
2026-06-18,572.8200073242188,580.219970703125,563.0999755859375,577.219970703125,28824600
2026-06-22,572.02001953125,575.8099975585938,559.8099975585938,563.8499755859375,15405500
2026-06-23,562.25,572.2000122070312,561.02001953125,562.2000122070312,13103300
2026-06-24,561.8900146484375,569.0399780273438,555.5499877929688,557.6699829101562,13963600
2026-06-25,555.5499877929688,556.3400268554688,540.1799926757812,542.8699951171875,16968600
2026-06-26,543.3400268554688,556.8499755859375,540.4000244140625,550.25,18867700
2026-06-29,560.0,570.9000244140625,558.0,562.5999755859375,15011400
2026-06-30,560.9400024414062,565.5399780273438,551.4299926757812,563.2899780273438,18111100
2026-07-01,607.9099731445312,628.280029296875,595.0999755859375,612.9099731445312,45536300
2026-07-02,607.9000244140625,610.0,580.4199829101562,582.9000244140625,21705900
2026-07-06,594.8400268554688,603.5800170898438,581.760009765625,600.2899780273438,17674100
2026-07-07,607.5900268554688,625.3699951171875,603.6599731445312,615.5800170898438,18560800
2026-07-08,614.3900146484375,616.0,598.010009765625,603.1199951171875,13606500
2026-07-09,583.989990234375,633.27001953125,577.0700073242188,631.47998046875,26579700
2026-07-10,660.3400268554688,677.8599853515625,658.010009765625,669.2100219726562,40608900
2026-07-13,661.3800048828125,676.6199951171875,654.2000122070312,656.72998046875,19840700
2026-07-14,652.0,666.5,649.0499877929688,661.0399780273438,16748200
2026-07-15,663.5999755859375,686.0800170898438,656.6599731445312,681.3099975585938,19003400
2026-07-16,677.280029296875,681.9000244140625,660.1599731445312,664.5399780273438,15816000
2026-07-17,647.7000122070312,652.2000122070312,626.0,646.010009765625,22267900
2026-07-20,646.7000122070312,653.2999877929688,636.010009765625,645.8499755859375,10225200
2026-07-21,654.1799926757812,655.8800048828125,643.2000122070312,643.8099975585938,9140500
2026-07-22,647.7000122070312,649.0,624.0,627.1699829101562,11019600
2026-07-23,608.4099731445312,614.6500244140625,597.219970703125,606.0999755859375,15494800
2026-07-24,605.2999877929688,609.97998046875,594.4500122070312,595.1900024414062,11503500
2026-07-27,607.219970703125,611.260009765625,593.1300048828125,593.8699951171875,11195300
2026-07-28,596.8200073242188,601.0,587.0,593.4099731445312,12009300
2026-07-29,593.25,599.969970703125,582.219970703125,585.6099853515625,22371100
2026-07-30,526.0,539.8800048828125,524.489990234375,539.030029296875,42271500
2026-07-31,543.5999755859375,558.3300170898438,540.219970703125,556.7100219726562,24261500
2026-08-03,562.239990234375,597.52001953125,559.3599853515625,590.239990234375,25938100
2026-08-04,581.5,592.7899780273438,578.25,587.9400024414062,17959200
2026-08-05,600.4600219726562,601.0,580.1199951171875,588.77001953125,14897200
2026-08-06,586.9500122070312,595.3099975585938,586.0,589.9000244140625,11811500
2026-08-07,585.6400146484375,598.739990234375,585.6199951171875,592.0999755859375,11250300
2026-08-10,599.1300048828125,608.2100219726562,592.030029296875,594.9199829101562,14967300
2026-08-11,598.0,612.4299926757812,593.4000244140625,599.1199951171875,13146900
2026-08-12,601.0700073242188,604.5,578.2100219726562,578.8499755859375,16186900
2026-08-13,580.7100219726562,595.8499755859375,579.3900146484375,594.969970703125,11164200
2026-08-14,596.97998046875,601.8599853515625,589.2899780273438,589.8499755859375,8758000
2026-08-17,589.75,590.239990234375,564.75,568.969970703125,17225600
2026-08-18,557.47998046875,560.6599731445312,543.2100219726562,543.6699829101562,27094900
2026-08-19,541.3400268554688,554.0700073242188,537.27001953125,546.030029296875,16971700
2026-08-20,546.9500122070312,549.989990234375,539.3099975585938,545.8300170898438,13872200
2026-08-21,546.8900146484375,553.8699951171875,543.22998046875,549.9000244140625,13848000
2026-08-24,550.2000122070312,561.4199829101562,546.2999877929688,559.02001953125,12990600
2026-08-25,563.8800048828125,570.7999877929688,561.4000244140625,570.0499877929688,9769100
2026-08-26,590.3099975585938,593.3400268554688,561.8800048828125,576.1400146484375,31416300
2026-08-27,576.47998046875,588.3900146484375,567.6199951171875,571.0999755859375,15221400
2026-08-28,571.5499877929688,589.1900024414062,571.0,578.02001953125,16042400
2026-08-31,577.6300048828125,578.6799926757812,569.1400146484375,572.3400268554688,13383800
2026-09-01,558.3499755859375,584.9500122070312,556.0999755859375,578.5399780273438,15796900
2026-09-02,578.7899780273438,600.3800048828125,577.0,592.8499755859375,16552700
2026-09-03,604.489990234375,619.4600219726562,604.3499755859375,610.6799926757812,19737100
2026-09-04,612.3499755859375,617.4600219726562,605.27001953125,616.77001953125,15966200
2026-09-08,616.2100219726562,624.7999877929688,609.739990234375,613.47998046875,18909700
2026-09-09,648.6400146484375,657.8599853515625,638.5599975585938,653.6900024414062,35900700
2026-09-10,653.7100219726562,663.5,642.1400146484375,644.3800048828125,21531900
2026-09-11,653.510009765625,664.239990234375,646.2000122070312,648.030029296875,16908400
