Date,Open,High,Low,Close,Volume
2018-01-02,55.26681403739827,55.82959747314453,55.26681403739827,55.82959747314453,6511000
2018-01-03,55.820796966552734,55.97907926903526,55.18766775662264,55.820796966552734,6091100
2018-01-04,55.750442782951936,55.882342445626115,55.00299794339932,55.785614013671875,5780500
2018-01-05,56.01425970886639,56.54186855704932,55.812010824448144,56.260475158691406,11632300
2018-01-08,56.409971848935186,56.90240280395242,56.26048148442331,56.76171112060547,11905700
2018-01-09,56.480322703190424,56.91119980148018,55.8120187382837,56.357208251953125,8771300
2018-01-10,56.17255730670912,56.48033005713793,55.78564337524833,56.471534729003906,5010600
2018-01-11,56.304434318759334,56.55064973620131,56.08459816620515,56.53306579589844,5103500
2018-01-12,56.71772722961305,56.91118411683819,56.55944493178038,56.86721420288086,5135700
2018-01-16,56.96394904150329,57.47397058165091,55.72407313890941,55.76803970336914,9117000
2018-01-17,55.987885149261416,56.28686588772702,55.469074906536825,56.11099624633789,7422600
2018-01-18,56.27806173633165,56.46272332133986,55.8735639726659,56.37479019165039,5656900
2018-01-19,57.430001295527916,59.12713686695667,57.26293036140046,59.10075759887695,12896100
2018-01-22,58.52039426891902,58.76660971907498,57.82571112948307,58.379695892333984,8491800
2018-01-23,58.50279527072176,59.206273635544825,58.423657476834286,59.0391960144043,6412000
2018-01-24,59.21506994114915,59.95372299102532,58.97764981978724,59.795440673828125,7421800
2018-01-25,59.909762836413286,60.358230593045974,59.311808063859324,59.54043960571289,5707600
2018-01-26,59.971311488613495,60.358225339787865,59.72509602290918,59.83061981201172,6290500
2018-01-29,59.63715396643332,59.91854398641735,59.28541476423646,59.42611312866211,5067300
2018-01-30,59.35576674223162,60.068033796300774,59.056792767045714,59.20627975463867,6350500
2018-01-31,59.355773719230235,60.52530390782644,59.32939444877396,59.9889030456543,11036400
2018-02-01,59.505247209063874,59.769053271445514,58.65228187741234,59.48766326904297,5790500
2018-02-02,59.109554290771484,59.61078052247465,58.916097375225014,59.109554290771484,9348300
2018-02-05,58.59075604426388,59.10077776405028,56.62102508544922,56.62102508544922,12549500
2018-02-06,54.94145471786546,57.52672684660045,54.59851083240848,57.350860595703125,13356700
2018-02-07,57.289324888332345,58.77541329320333,57.24535495724303,57.71140670776367,8845700
2018-02-08,57.62345390799642,57.78173621353491,54.923866097716214,54.95024871826172,14121800
2018-02-09,56.067025011411,58.08072883615516,55.25802937611329,57.58829116821289,13733300
2018-02-12,57.983994259121886,58.75781521455136,57.75536274840965,58.019168853759766,9792200
2018-02-13,57.90484511015282,58.239000378038014,57.53552195931199,57.92243576049805,9538400
2018-02-14,57.790535089505894,59.8218192113408,57.64104809977512,59.7602653503418,8662600
2018-02-15,60.13839777923766,60.46375781070344,59.13594511986327,60.05046463012695,7390200
2018-02-16,59.707518216362864,60.674796234854874,59.56681981643073,60.05925750732422,6842100
2018-02-20,59.47886499975787,59.76905031223701,58.96005493399198,59.346961975097656,4859100
2018-02-21,59.49646857939344,59.813026514968996,58.94247709718325,58.96006774902344,5107900
2018-02-22,59.13591926593242,59.338171458445714,58.687451680005616,59.0303955078125,6515800
2018-02-23,59.259035203464975,59.936134338378906,58.78418828919043,59.936134338378906,4428500
2018-02-26,60.13838455875111,61.38705244468301,60.09441463942724,61.246360778808594,6499500
2018-02-27,61.55411767502974,61.77395380958341,59.821807861328125,59.821807861328125,6843100
2018-02-28,59.88338455580861,60.05925755586591,58.924901863754926,58.94248580932617,6091800
2018-03-01,59.127141342347706,59.5052598674686,57.746570301114325,58.318145751953125,7323900
2018-03-02,57.250915689496566,58.291674546128874,56.63350849806953,58.11527633666992,8380500
2018-03-05,57.75365949430133,57.762474694591866,56.74816814085671,57.37439727783203,8838400
2018-03-06,57.51550642914084,57.647808435691914,57.003942259361814,57.54196548461914,6550100
2018-03-07,56.89811349066555,57.145073679692324,56.351268265563064,56.598228454589844,6457600
2018-03-08,56.942198233868766,57.550783383903024,56.87164300058583,57.427303314208984,5573000
2018-03-09,57.78012894177147,58.66213362895826,57.647826892861104,58.47691345214844,5838400
2018-03-12,58.78560390358608,59.63232745400794,58.49454079055214,58.935543060302734,7522700
2018-03-13,59.358905412442105,59.702886628360446,58.32695503552679,58.36223602294922,5167300
2018-03-14,58.785616185166795,59.006117366109535,57.92124859503997,58.388710021972656,6463800
2018-03-15,58.64448497383206,58.75032795014208,58.32696277406317,58.5562858581543,5260800
2018-03-16,58.485723400774745,58.820889458464265,58.13292694091797,58.13292694091797,12860900
2018-03-19,57.947701964727656,58.51218439412825,57.4978844448112,57.95652389526367,7255600
2018-03-20,58.15939078073748,58.97965540270175,58.150568849767936,58.91791534423828,6906200
2018-03-21,58.85617361354504,59.279532079791295,58.485726544127694,58.5210075378418,5805200
2018-03-22,57.85948723127531,58.34459234241182,56.65114551125088,56.818721771240234,12313300
2018-03-23,58.82970906169967,59.191334208022276,56.85402047618672,57.00395965576172,17343800
2018-03-26,57.400860055001665,58.26522078069738,57.3214761431213,58.12410354614258,10796000
2018-03-27,58.11527584015249,59.65878371179233,57.70955457853496,58.36223602294922,9452500
2018-03-28,58.73268370648375,59.22661086354819,57.56843789131088,57.7183837890625,7208400
2018-03-29,57.947699326519356,58.69740861723718,57.86832214279312,58.60038757324219,10748300
2018-04-02,58.185841446346274,58.256403425594876,55.75150699555526,56.554134368896484,12383900
2018-04-03,56.86282304113288,58.85615480958005,56.76580202170673,58.829689025878906,8766400
2018-04-04,58.18583994433951,60.4173103294779,58.150558955625954,60.34674835205078,10275800
2018-04-05,60.417314664576324,61.54627946777418,60.320293620942664,61.37869644165039,9093300
2018-04-06,60.42613412071034,61.13173372923981,59.032565304810554,59.579410552978516,9719300
2018-04-09,60.3202917340263,60.46141569459195,59.226607956285704,59.25306701660156,6504500
2018-04-10,59.808736224936794,59.87047628443097,58.644490296502404,59.09431457519531,10098900
2018-04-11,58.723872915575924,59.27071150777636,58.670948059210794,58.944374084472656,5185500
2018-04-12,59.15603331289252,59.97629765290002,59.15603331289252,59.773433685302734,5145300
2018-04-13,60.08214656938496,60.26736669950828,59.076662017766914,59.31480026245117,4300200
2018-04-16,59.80872399769928,59.95866987938333,59.147220611572266,59.147220611572266,6484400
2018-04-17,59.42065974098148,59.68525711651009,59.34127581790956,59.54413986206055,5605700
2018-04-18,59.561777919586916,59.746998104079374,58.35343575468439,58.388710021972656,7384000
2018-04-19,58.238771883916215,58.47691693195861,57.321486147157245,57.97417449951172,8274300
2018-04-20,57.99180105553239,58.30932324223016,57.72719699023062,58.29167938232422,10402800
2018-04-23,58.21230650591855,59.12077021260266,58.16820358205253,58.988468170166016,6338400
2018-04-24,59.367734202959674,59.54413918045467,58.847354659963564,59.06785583496094,8176100
2018-04-25,58.953177063804006,59.094301012637075,58.432797643092634,58.80323791503906,5188900
2018-04-26,58.90025540888006,60.23208399704562,58.77677532564986,60.02040481567383,5355200
2018-04-27,60.39084089962757,61.740306522671894,60.37319704372041,61.35222244262695,7814900
2018-04-30,61.369881042897795,61.57273833045175,60.32029342651367,60.32029342651367,6484100
2018-05-01,59.95868552681302,60.161542849835186,59.12077698155339,60.06452178955078,4957800
2018-05-02,60.01159298474358,60.47023240974707,59.517672568715064,60.20563507080078,5752100
2018-05-03,59.79989732847312,59.84399350826143,58.77676905749298,59.0060920715332,6155900
2018-05-04,58.95319392666903,60.26738584173513,58.91791965853123,60.06452178955078,5132900
2018-05-07,60.02922320011415,61.22874984013204,60.02922320011415,61.15818786621094,5041600
2018-05-08,61.034715823681665,61.06118161426167,60.15271122085875,60.38203430175781,6534900
2018-05-09,60.34675608866905,60.39085901250525,59.10313304059282,59.932212829589844,7956300
2018-05-10,60.09978470746018,60.21444286732168,59.3853632322459,59.90574264526367,4965200
2018-05-11,60.0027685802858,60.443770856171085,59.896932340736186,60.35557174682617,4145100
2018-05-14,60.50551818448778,60.761300342771314,60.07333778629357,60.71719741821289,3453800
2018-05-15,60.24972133655369,61.31694590488178,60.1791660952886,61.29930877685547,5045000
2018-05-16,61.44926821693624,63.07216042703437,61.40517201772334,62.92221450805664,9693000
2018-05-17,62.97512204598976,63.151520252645426,62.463557825863965,62.569400787353516,6064700
2018-05-18,62.41063972701025,63.14269834107856,62.154857616876406,62.90456008911133,5688100
2018-05-21,63.04569868136918,63.23973406214856,62.366551296575025,62.95749282836914,5480700
2018-05-22,63.028057824469066,63.67192424459704,62.85165956838142,62.895755767822266,5675300
2018-05-23,62.57823320005037,63.433778868893384,62.47239693860973,62.92221450805664,6806400
2018-05-24,63.00158255358132,63.75128504285708,62.90456151894041,63.6630859375,5613800
2018-05-25,64.47454089049579,64.8185221780475,63.17799293164931,63.72483825683594,5889700
2018-05-29,63.08097071001152,63.16035462906334,62.119588854701206,62.5517692565918,5857900
2018-05-30,63.02805551904076,63.760121040435195,62.569416032491624,63.70720291137695,5799900
2018-05-31,63.50432867175222,63.69837075269275,62.834003318274256,63.32793045043945,7856200
2018-06-01,63.787860770412706,64.52196438327283,63.787860770412706,64.35391998291016,4085900
2018-06-04,64.5661751530374,65.3356648752215,64.3804376507081,65.30028533935547,4581900
2018-06-05,65.10571246277159,65.64523866859096,64.69001127980019,65.49488067626953,4928700
2018-06-06,65.78674274752926,66.28204953160922,65.61869837696287,66.11399841308594,5318100
2018-06-07,66.29089289026996,67.1399883516995,66.02555646303583,66.12284851074219,6846300
2018-06-08,66.14053496422407,66.39703156767686,65.71599398109737,66.24667358398438,5524900
2018-06-11,66.38818959121046,66.52086118810529,65.9282690363272,65.97248840332031,4902800
2018-06-12,65.82213941717356,65.9901905794358,65.51257681402625,65.70716094970703,4356500
2018-06-13,65.6894392357914,66.24665842709759,65.44178926096896,65.54792785644531,4696200
2018-06-14,65.98133296313688,66.46779322092578,65.76021589104329,66.06977844238281,4636000
2018-06-15,66.07862485998002,67.08691816652941,65.89288732961118,67.07807159423828,10977300
2018-06-18,66.58275769564423,67.00730535406682,66.25550881631717,66.8746337890625,4515900
2018-06-19,65.8928734820192,66.26434846469024,65.1410769462451,65.68060302734375,7562200
2018-06-20,65.62754372351732,66.25552214096675,65.42411979782874,66.08747100830078,4424900
2018-06-21,65.18531337896563,66.1493873699279,65.05264852751208,65.39759063720703,5537900
2018-06-22,65.07032005451647,65.81327679265759,64.75191098787833,64.94649505615234,9404900
2018-06-25,64.84922652282859,64.88460607060478,63.70826141189182,63.99129104614258,9064100
2018-06-26,64.12395889674072,64.82268974137055,63.99128728736269,64.1770248413086,7072600
2018-06-27,64.32739375514552,64.52197114712315,62.929931975564614,63.1068229675293,7624700
2018-06-28,63.19525713225522,63.787856019794155,63.10681165213164,63.41637420654297,9118500
2018-06-29,69.66071714707749,71.64192402069091,69.3069285183716,70.47442626953125,31314100
2018-07-02,69.5015034427254,70.29752606542544,68.12172864739333,69.2980728149414,11867000
2018-07-03,68.46669285588155,68.8912338518102,67.3080348194202,67.46723937988281,5794900
2018-07-05,67.76797483826606,68.47554554708937,67.34342701460508,67.70606231689453,6534500
2018-07-06,67.6441421508789,68.17482180951255,67.28150688957183,67.6441421508789,5916200
2018-07-09,67.96253925674813,68.44015293672315,67.52915168986536,68.3517074584961,4871400
2018-07-10,68.49322163303901,69.06812058201196,68.2455716092432,68.60820007324219,6281800
2018-07-11,68.21902419570503,68.67010482983311,67.95368780641981,68.42245483398438,3656600
2018-07-12,68.93545152001826,69.14772199197816,68.3074799273343,68.43130493164062,4879200
2018-07-13,68.28096568773177,68.64360101274484,68.22789973693342,68.44017028808594,2963100
2018-07-16,68.42246059026611,69.07696516977974,68.36939465753596,68.76740264892578,4755100
2018-07-17,68.5551473068479,69.00622133056385,68.45785524338956,68.51976776123047,4355400
2018-07-18,68.48436602304979,68.65241712328553,67.50260588117305,67.74140930175781,6101600
2018-07-19,67.15766753014755,68.2455663339657,67.04268909883203,68.05982208251953,4875100
2018-07-20,67.49378162781304,68.17482607651789,67.36111676581972,68.06868743896484,5246400
2018-07-23,67.84754790421557,68.05981836117492,67.33455478093731,67.74140930175781,4198200
2018-07-24,67.9713842436306,68.18365473601614,66.72428750941363,66.80388641357422,6054000
2018-07-25,66.54740562344834,68.26327661021385,66.3882010293365,68.24559020996094,5542400
2018-07-26,68.10406816099965,69.37770484179883,67.94486357589976,69.12120819091797,6706200
2018-07-27,69.13886235182824,69.351139531619,67.91829893383048,68.00674438476562,6125700
2018-07-30,67.99789778777608,68.0686568476777,66.71542187984703,67.18418884277344,7275300
2018-07-31,67.60875866035211,68.62589180170552,67.361108617311,68.02445983886719,8265600
2018-08-01,67.66181730129014,69.04158553397025,67.66181730129014,68.5816650390625,6878300
2018-08-02,68.78508684579823,69.9348981698924,68.4578379404772,69.56342315673828,5313800
2018-08-03,69.63420369214057,69.85532080354359,69.37770703315802,69.6430435180664,3762100
2018-08-06,69.64303700263514,70.38599393638073,69.36885396949329,70.32408142089844,4280600
2018-08-07,70.51865625825798,71.3146722816938,70.11179492669038,71.22622680664062,5418900
2018-08-08,70.94321038250041,71.71270032874915,70.79285237225501,71.19970703125,5327100
2018-08-09,71.19085047709717,72.42026085525622,71.12009814263865,71.87189483642578,4558500
2018-08-10,71.48273612435227,71.8984373538067,71.01396895001716,71.40313720703125,5036700
2018-08-13,71.48269809695354,71.77457413444175,70.76628123035047,70.89010620117188,4101200
2018-08-14,71.04933775174753,71.5092582830666,70.47443202663067,70.88128662109375,6079700
2018-08-15,70.37714385986328,70.63364048208066,69.97913581557017,70.37714385986328,5057200
2018-08-16,70.66900994007007,71.2969815470767,70.58056447039925,70.80168151855469,5475800
2018-08-17,70.79283539338408,71.14662402225396,70.47442630219687,70.53633880615234,9001400
2018-08-20,72.10185557108102,72.89787842074821,71.59770889095144,72.68560791015625,9345200
2018-08-21,72.8005866174688,73.48163101542553,72.54408999013062,73.36664581298828,6337000
2018-08-22,73.49930757349519,74.01230075949572,72.77404390458156,73.09245300292969,4308300
2018-08-23,72.90672815240487,73.91502155635123,72.82712249001007,73.3312759399414,4156900
2018-08-24,72.89788261652248,73.3047372635568,72.61485300345694,72.9244155883789,3453000
2018-08-27,73.44624518244188,73.80887366041162,72.72982805058066,73.10130310058594,4012400
2018-08-28,73.61430397226803,73.9680859150198,72.95095270767143,73.03939819335938,3788800
2018-08-29,72.89787248783313,73.49931117552615,72.72098153472938,73.22512817382812,5712400
2018-08-30,73.03938501822863,73.19858956293218,71.65077022474185,71.99571228027344,7122100
2018-08-31,72.040050633379,72.9266974104052,72.040050633379,72.88236236572266,5177100
2018-09-04,70.39090759545842,71.79181153481437,70.0451157928374,70.57710266113281,18565800
2018-09-05,70.62141006737966,71.21546172496947,70.31108507942805,70.86080169677734,12269100
2018-09-06,71.08246811299969,71.67651981023761,70.72780806113688,71.2863998413086,8576900
2018-09-07,70.94061787313096,71.96026312525814,70.94061787313096,71.19774627685547,6633900
2018-09-10,72.16418275350745,73.09516460246945,72.01345442049936,72.793701171875,6965600
2018-09-11,73.7689991638002,74.10592922282261,73.19268424835543,73.26361083984375,7166800
2018-09-12,73.32570089899278,73.62716438302682,72.74051742287176,73.5916976928711,5384300
2018-09-13,73.77790035345369,74.38968898373633,73.69810536580647,74.00843048095703,5382100
2018-09-14,74.10595530926251,74.33647865075733,73.6448950971138,74.02615356445312,4884400
2018-09-17,74.02612188793925,74.41624855211377,73.53847032229774,73.82219696044922,4861100
2018-09-18,73.80446706615791,75.67529208481214,73.80446706615791,75.59549713134766,7277700
2018-09-19,75.97676547062994,76.11862543920817,74.58473028327906,74.85958862304688,8053100
2018-09-20,75.44477976121414,76.13637000975964,75.3029197780158,75.69304656982422,6620300
2018-09-21,76.25162660825936,76.28709329284982,75.37384814952532,75.8526382446289,13852700
2018-09-24,75.50685729722717,75.59552063906263,74.700005327992,74.71773529052734,8770400
2018-09-25,75.24084460467584,75.45363793302204,74.54039285243424,75.17877960205078,10519500
2018-09-26,73.24589945432848,75.12559327918956,72.6607092652814,74.21234130859375,16357100
2018-09-27,74.27437828502114,75.2940231672506,74.23891837595912,74.95709991455078,6080600
2018-09-28,74.73544851005319,75.60435845714129,74.69998183155896,75.11670684814453,7452700
2018-10-01,75.45363039158094,76.1186153952046,74.80638210955054,74.88617706298828,7876400
2018-10-02,74.77979162302927,74.96599341321561,73.14836467604015,73.38775634765625,8446900
2018-10-03,72.64298037589654,73.55622559538831,72.48338366421787,73.14836883544922,10046700
2018-10-04,73.00647696924487,73.13061371524797,70.94945715115074,71.09132385253906,9161100
2018-10-05,71.01153425877922,71.80951767880926,70.42635092714238,71.03813934326172,7019100
2018-10-08,70.96723130551493,71.41055483433655,70.11605094192704,71.13569641113281,8058700
2018-10-09,71.25979465045705,72.25283458243206,71.07359966321175,71.30412292480469,7643400
2018-10-10,70.63030264422113,70.96722606600161,66.29459262903752,66.44532775878906,12977800
2018-10-11,66.29457969899323,68.3338700891022,65.5232012955749,66.06405639648438,11532100
2018-10-12,67.35855552772345,68.14767060399039,66.41871212555789,67.30535888671875,10393800
2018-10-15,67.18123809689301,67.52703663941126,66.47192457798934,66.48965454101562,5789000
2018-10-16,67.03050249727949,68.84813129957796,66.782242454241,68.69740295410156,7744200
2018-10-17,68.73285962356289,68.98112641943105,67.33196276634581,67.81075286865234,6816900
2018-10-18,68.62644596517504,68.63531432496863,66.49849284133695,67.03047943115234,7622200
2018-10-19,67.23441999704652,67.4294833508042,65.73598492916013,65.79804992675781,7301200
2018-10-22,66.18819696345741,66.68471709674112,65.8778718801551,66.40985870361328,7042500
2018-10-23,65.78030907331792,65.94876731627767,63.90061597023996,65.0355224609375,11423800
2018-10-24,65.1419332232502,66.15270990599373,63.79422646987393,63.94496154785156,8333900
2018-10-25,64.4503516566943,65.16853332871325,64.04249498094417,64.81387329101562,7648000
2018-10-26,63.83855451608392,64.46807278359056,62.67704964719192,63.90061950683594,8371100
2018-10-29,64.95574610191426,65.62073119822703,63.29771415985957,64.00703430175781,9874200
2018-10-30,64.78728281209764,66.1793180477388,64.5567527450104,66.06405639648438,9470000
2018-10-31,66.94183039177001,67.68661042330356,66.4275736473809,66.53397369384766,8755500
2018-11-01,66.70245004978842,68.12994535220489,66.35665153129902,68.08561706542969,6117800
2018-11-02,68.74170265069124,69.68154578406644,67.12800627747056,67.8993911743164,6995100
2018-11-05,67.8196011392547,68.95450778188864,67.42948120871003,68.74171447753906,7143300
2018-11-06,68.57324838860988,68.78604845425079,67.70433846326264,67.89053344726562,6424200
2018-11-07,68.21859102905604,69.362365945758,67.89052935440338,69.1318359375,5403900
2018-11-08,68.88356870950392,69.30029364659312,68.48457372599097,68.96336364746094,5425000
2018-11-09,68.90132521517646,68.95452186098122,66.9684348308538,67.70435333251953,4737600
2018-11-12,67.69548196415823,68.06787199741349,66.48964177255031,66.58717346191406,5204900
2018-11-13,66.9684143887413,67.62453095684171,66.35662609042078,66.67581939697266,4584600
2018-11-14,67.66886599119812,68.70624085520348,66.40096112477717,66.67581939697266,7984200
2018-11-15,66.00196585765651,66.2058907590345,64.62766111361908,65.90443420410156,7858300
2018-11-16,65.39906484434647,66.95955822212146,64.77840807321932,66.26797485351562,8064200
2018-11-19,66.22367381095388,66.27687047208512,63.714460904029806,64.29964447021484,6744900
2018-11-20,62.49973865448546,63.9006423927062,61.63969007134262,63.05833053588867,9053900
2018-11-21,63.82971865945506,64.63657071467297,63.67012192131197,64.1666488647461,7326100
2018-11-23,63.88289452711755,64.29961277486585,63.315441206165424,63.38636779785156,2582300
2018-11-26,64.1400169098824,64.72520695952727,64.077951913518,64.46807861328125,6458300
2018-11-27,64.08681906333418,64.326217448057,63.21790913065131,63.91835403442383,5008000
2018-11-28,64.1045428902356,66.28569240841233,64.1045428902356,66.19702911376953,6167200
2018-11-29,66.17931154480517,66.45416986709972,65.00893812898043,65.91331481933594,5436700
2018-11-30,65.96668069777516,67.12274548435695,65.71768379842688,66.80260467529297,7947300
2018-12-03,68.56338144640984,70.2530122109464,68.41220570667879,69.31037902832031,10211800
2018-12-04,68.84793604439207,69.7194319115738,67.06049124293082,67.3984146118164,8800400
2018-12-06,66.13565493295287,67.20278658763321,65.44201189428729,67.17610931396484,9693700
2018-12-07,66.73146608657632,67.55849544516074,64.8017331780984,65.21968841552734,6133700
2018-12-10,65.00623059875205,65.54869080627083,62.79192993252282,64.48155975341797,7235000
2018-12-11,65.69101880186085,66.31351116653522,64.52605911274462,65.42423248291016,7794500
2018-12-12,66.26904718284447,66.94490090927651,65.37088056122599,66.09119415283203,6950400
2018-12-13,66.25125438313579,66.33128619890951,64.55272903426157,64.85508728027344,7454800
2018-12-14,64.0013578439493,65.49534560115067,63.50336418643374,64.49935150146484,7221200
2018-12-17,63.46781260710005,63.82351859966105,61.76928731859657,62.16057205200195,10647700
2018-12-18,63.04983617491345,64.39264837892095,62.631874266174634,63.27215576171875,7533300
2018-12-19,63.53893699002834,64.02804280867907,60.75549812707148,61.33353042602539,8426100
2018-12-20,61.12010518332301,61.86709575538591,59.16368870403612,60.0529670715332,14488500
2018-12-21,65.17520530395745,66.06448357506946,63.361076816730396,64.35707092285156,28487900
2018-12-24,63.49449378540141,63.96581036073984,60.542089086724395,60.559871673583984,8551400
2018-12-26,61.09342171171523,64.92621612548828,61.04896186371267,64.92621612548828,10019200
2018-12-27,64.18812985697149,65.56651440593635,63.129886147964186,65.51315307617188,9004900
2018-12-28,65.77993826839057,66.21568287699525,64.53494688772,65.21968841552734,6197000
2018-12-31,65.78883315023303,66.21568307452318,65.37975902785725,65.93111419677734,5519100
2019-01-02,64.73058177207122,66.37574561327344,64.19701603771595,65.8599624633789,6762700
2019-01-03,65.13963886798453,65.20188808084076,63.32551022733185,64.69499969482422,8007400
2019-01-04,65.31750524896636,66.80260554891235,65.02404849070054,66.3846435546875,7844200
2019-01-07,66.4646629711872,67.90529636216255,66.0733851049136,67.3361587524414,8184800
2019-01-08,68.32327097834752,68.83015946824612,67.76302116316813,68.23434448242188,8809000
2019-01-09,68.44774758004746,68.60781793547952,67.70964500862998,68.10981750488281,8591000
2019-01-10,67.26503532097333,68.77680628464029,67.10496489549561,67.95867156982422,11148600
2019-01-11,67.88752995566139,68.3766359347428,67.4073254475823,67.6207504272461,10689900
2019-01-14,67.10496382130462,68.30548860084114,67.10496382130462,67.66520690917969,5677400
2019-01-15,67.75412034167687,69.3459294184074,67.70075902657244,69.25699615478516,6212400
2019-01-16,69.36371615941702,70.11960145294104,68.99910875373912,69.07914733886719,5697100
2019-01-17,68.9546569827988,70.60871556624286,68.75011993875715,70.36860656738281,7737300
2019-01-18,71.09781829968121,72.00488623209493,70.91107061586825,71.5424575805664,10404100
2019-01-22,71.43574688930624,72.30723606084038,71.32013633669479,71.80924224853516,8781700
2019-01-23,72.20051065933608,72.38725829674206,71.33790958323083,71.58690643310547,5823000
2019-01-24,71.6758427325455,71.91595171686812,70.74210441755822,71.53356170654297,4753200
2019-01-25,72.25389890829905,72.32504283708064,71.52469059993393,71.68476104736328,4457100
2019-01-28,70.96442752713861,71.59581445254656,70.91106620318622,71.42684936523438,5452000
2019-01-29,71.46241194497945,71.88037387371796,70.99998338289,71.3379135131836,4187500
2019-01-30,71.49799308399422,72.28945040984216,71.1956348645897,72.28055572509766,5200200
2019-01-31,72.19164035552582,72.87638192392008,71.77367830866568,72.81413269042969,8599200
2019-02-01,72.76964569193987,72.8318949022163,72.14714680452046,72.48507690429688,5351900
2019-02-04,72.22716984498304,72.92080569162711,71.880351921661,72.91191101074219,4236600
2019-02-05,72.90305291809798,73.97907906684172,72.85858628014854,73.68561553955078,6545600
2019-02-06,73.37436261021232,73.55221557617188,72.60068796051115,73.55221557617188,3682800
2019-02-07,73.05423708772261,73.67672938313002,72.66295233937672,73.26766204833984,4827500
2019-02-08,73.14317611062067,73.5611382025124,72.86750187327009,73.24099731445312,3786500
2019-02-11,73.76564158385362,74.54821092883012,73.69450446721055,74.4148178100586,6158500
2019-02-12,74.6727082840422,75.44637614934963,74.36146220117969,75.33077239990234,6290300
2019-02-13,75.37525161541072,76.11334765378639,75.37525161541072,75.94438934326172,5032800
2019-02-14,75.24186606217103,75.7131826545041,74.43261924540477,75.30411529541016,5179000
2019-02-15,76.02440349673954,76.28229502987078,75.67758548641086,75.92658233642578,6111300
2019-02-19,75.21518588446622,75.63314791350146,75.10847000960915,75.20629119873047,5105900
2019-02-20,75.25963295446275,75.54420178773229,75.0106360734339,75.44638061523438,6436100
2019-02-21,74.31698393017743,74.83276694938729,74.1213416273975,74.6549072265625,8579200
2019-02-22,74.87723601066075,75.60644400238746,74.72606031613759,75.37523651123047,4449500
2019-02-25,75.9355182202352,76.2378765483448,75.55312805462124,75.73987579345703,6229700
2019-02-26,75.8643584456563,76.54910679640547,75.76653725269212,76.30010986328125,6678700
2019-02-27,76.05998222664826,76.67358650793823,75.64202028343078,76.62911987304688,4588200
2019-02-28,76.54910014326005,76.83366901133452,76.19338736200271,76.23785400390625,4988100
2019-03-01,77.50386770356961,78.44892591430178,76.88868470867543,77.70893096923828,6314900
2019-03-04,77.85157630257393,78.44892414676228,75.88121541211645,76.35374450683594,7339500
2019-03-05,76.56772253086247,76.89760455859881,76.1754379272461,76.1754379272461,4976300
2019-03-06,76.31809283414843,76.66580323315561,75.81881775908433,75.89905548095703,3198000
2019-03-07,75.75639093607114,76.14868229166872,75.48000755486986,76.01494598388672,4321800
2019-03-08,75.40869741814842,75.67616329119261,74.90941554466309,75.60484313964844,4669700
2019-03-11,76.13087017582015,76.62123451858832,75.82774080182764,76.51424407958984,3999800
2019-03-12,76.47857371076189,76.74604638310764,75.80098126236858,76.1665267944336,4431600
2019-03-13,76.40724141276516,77.2631511835511,76.31808612892434,76.6123046875,5037800
2019-03-14,76.80844949841371,77.45928918477053,76.40724052263579,77.45037841796875,5906100
2019-03-15,77.76241857793312,78.11012891224324,76.63904306594807,77.3879623413086,11031400
2019-03-18,77.83375173252894,78.31519161684572,77.56627908380892,78.29736328125,7750700
2019-03-19,78.65397893394784,78.98385410681396,77.82482201488519,78.18144989013672,6642200
2019-03-20,78.01207611933573,78.08340307858059,76.7549639705698,77.28990936279297,5991500
2019-03-21,77.78027149663137,78.5648544904366,77.41473271261054,78.46678161621094,10386900
2019-03-22,75.96144944650123,76.58554996576268,73.24217619079147,73.27783966064453,21659800
2019-03-25,72.64483409631963,74.19615774548258,72.11880637720131,73.40266418457031,15558300
2019-03-26,74.56169010657752,74.97180980420022,73.91976805950152,74.33879852294922,9611900
2019-03-27,74.61519123214394,74.71326407642161,73.14410537009034,74.08024597167969,6485100
2019-03-28,74.82918085841673,75.53351924959227,74.62411755886417,74.92725372314453,6032700
2019-03-29,75.4265373542023,75.64942901707057,74.76677993670404,75.07882690429688,6492000
2019-04-01,75.81880516852605,76.06844266460303,75.5156690646386,75.98820495605469,6737400
2019-04-02,75.78314280947448,76.01495197442415,75.03423031025329,75.2214584350586,4433800
2019-04-03,75.6939740304446,75.77421172585915,75.11445462248994,75.31060028076172,4080900
2019-04-04,75.32844521747717,76.12193879022904,75.21254403118164,76.03278350830078,3660700
2019-04-05,76.6747089774655,76.81736286383253,75.82772363402422,76.1397705078125,7367400
2019-04-08,75.79204926734452,76.04168673048981,75.39975793833864,75.54241180419922,4705800
2019-04-09,75.08773590586084,75.42652874599425,74.86484426843053,75.14122772216797,3804500
2019-04-10,75.4621734468396,75.79205543691195,75.39084650810321,75.6761474609375,3918400
2019-04-11,75.69400967377005,75.82774603121284,75.14123590399292,75.78316497802734,3347400
2019-04-12,76.05061176753381,77.11157109011168,76.04169419951394,76.88867950439453,6037000
2019-04-15,77.46822570906635,77.78027267628352,77.06702343723194,77.41473388671875,5034900
2019-04-16,77.5662699787159,78.41325526338612,77.5662699787159,78.27952575683594,4652700
2019-04-17,78.41328354721652,79.32268533244819,77.96750022562435,79.10871124267578,5694900
2019-04-18,79.13544819596162,80.24098880377761,79.081949577989,79.5277328491211,7016600
2019-04-22,78.76991720172975,79.02847236300919,77.83377624066367,77.88726806640625,5390500
2019-04-23,78.07448766534797,78.1636429658108,77.57521254106547,77.94966888427734,7513700
2019-04-24,78.16361319001136,79.18891576003654,77.94963918998958,78.8055419921875,8063000
2019-04-25,78.81447877302253,78.93929753697304,78.00315000523177,78.06555938720703,7069900
2019-04-26,78.41325798104245,79.29591356753221,77.86049119584723,78.73422241210938,6219600
2019-04-29,78.61833216802702,78.91255073777216,78.57375112335811,78.68965911865234,5008400
2019-04-30,78.71640178952894,78.81447464208007,77.798089444834,78.30628204345703,7614100
2019-05-01,78.21714756995394,78.41328652512779,76.55883300648397,76.58557891845703,6524600
2019-05-02,76.86193934771012,76.92434872429142,75.7742272397685,76.02386474609375,6813700
2019-05-03,76.58555919203626,76.94218713141848,76.40724182128906,76.40724182128906,6798300
2019-05-06,74.68651215306693,74.77567423215147,73.87519028986826,74.5082015991211,12836600
2019-05-07,74.0178299041068,74.56168588151095,72.95687065159147,73.58988189697266,9811300
2019-05-08,73.49183066133666,74.8826722964673,73.23327554673442,73.79496002197266,9501300
2019-05-09,73.29568296199754,74.0089389004877,72.69833502472686,73.98219299316406,6336600
2019-05-10,73.80385397079168,75.13228579461457,73.27783314200337,74.84698486328125,5450500
2019-05-13,72.79640991048447,73.67014131721133,72.50219131751784,73.58098602294922,6445200
2019-05-14,73.80388025200621,74.89159256570333,73.16195122739065,74.59737396240234,7529200
2019-05-15,74.15158565385788,75.32845318528427,73.9465291639444,74.90050506591797,4862200
2019-05-16,75.34629102153356,76.13978470661642,75.06990076568316,75.14122772216797,6745200
2019-05-17,74.45472947331923,76.24677346111841,74.44581190263136,75.39978790283203,5068200
2019-05-20,74.7132718174684,74.7132718174684,73.76820674761177,73.86627960205078,7181900
2019-05-21,74.32098015697446,74.71327157344925,73.5631500314218,74.57061767578125,5762500
2019-05-22,73.99108610029462,74.30313294811087,73.78602965834872,74.17831420898438,5237800
2019-05-23,73.55423549570293,74.05351055390685,73.09953468077434,73.6790542602539,9704200
2019-05-24,73.28674766981842,74.15156807541828,73.18867483193941,73.25109100341797,5999000
2019-05-28,73.8662732662212,74.16940937269837,72.33277800337727,72.39518737792969,7927300
2019-05-29,71.95831939755926,72.09205571067727,69.27470277554053,70.31784057617188,10116900
2019-05-30,70.36241413829649,71.08458750136971,70.0860307487158,70.6655502319336,6177800
2019-05-31,69.73572425939783,69.96817858348786,68.90425958192483,68.96684265136719,8891100
2019-06-03,69.05626603413333,70.25429390843293,68.91322190019835,69.69998168945312,11665500
2019-06-04,70.89802227338988,72.99903409872267,70.43311340740749,72.97221374511719,7526800
2019-06-05,73.57121701335393,74.11658688555167,73.24935916021934,73.95565795898438,8173200
2019-06-06,73.95566072541916,74.25963380861384,73.3834704808974,73.71426391601562,4953000
2019-06-07,74.2864460007172,74.81393787444053,74.03611364886682,74.57254791259766,3891100
2019-06-10,74.87651696343822,75.27883581870451,73.71425188215505,73.83048248291016,4419800
2019-06-11,74.78711658996383,75.40400507186573,74.32220781001857,74.43843841552734,3939400
2019-06-12,74.63513706319766,75.11791702609978,73.77684489992696,73.87519073486328,4025900
2019-06-13,74.34008916018901,75.02850308740689,74.25068572849176,74.75135040283203,3383400
2019-06-14,74.66197122718302,74.97488675030512,74.24176745854183,74.5993881225586,4355600
2019-06-17,74.5099534880174,74.61724169847052,73.32087488879054,73.4102783203125,5101900
2019-06-18,73.93776575068993,75.68116341688707,73.7589588818186,75.36824798583984,6456500
2019-06-19,74.8586599694497,75.01064652879877,74.33116797617525,74.6977310180664,6217700
2019-06-20,75.90466044151916,76.5930742540354,75.47551449141304,76.20863342285156,6163800
2019-06-21,76.13713437619377,76.66461944580078,75.63646283537983,76.66461944580078,9289800
2019-06-24,76.8881379076715,77.648077441387,75.43084193546306,75.54706573486328,8043300
2019-06-25,75.63646032551068,75.71692819340059,73.45498781816033,73.86624908447266,7339900
2019-06-26,74.34009259716161,74.822879335901,73.70531933540563,73.80366516113281,5838500
2019-06-27,74.14341574178057,74.89441293788103,74.14341574178057,74.79607391357422,11436700
2019-06-28,75.09106820929011,75.77054640553264,73.91092545847044,75.05530548095703,12443800
2019-07-01,75.93151820607194,77.13848198032791,75.904697849918,76.36066436767578,6587300
2019-07-02,76.31593353237155,76.41427935252248,75.29671941539316,75.95831298828125,7187200
2019-07-03,76.28911530582843,77.14740054287586,76.10136604969725,77.06693267822266,4012800
2019-07-05,76.70931284819179,77.70170656675351,76.36957027939583,77.6212387084961,6440900
2019-07-08,76.94177565754845,79.14113311798063,76.86131460437136,79.10537719726562,7052000
2019-07-09,78.76563869077029,79.39147647282445,78.51530630636698,78.71199798583984,6219700
2019-07-10,79.10537074434814,79.51663200947804,78.13085486874328,78.1755599975586,5985500
2019-07-11,78.41693644752804,78.94442822827507,78.13978379555134,78.93548583984375,3942400
2019-07-12,78.83716670792433,79.84743866912753,78.6851801583802,79.67757415771484,4240900
2019-07-15,79.62390721846491,80.34809068694548,79.62390721846491,79.9994125366211,3750900
2019-07-16,80.0172987051815,80.20504797300343,79.18583376422998,79.21265411376953,5812800
2019-07-17,79.05174023655377,79.29313707043018,78.17557682001166,78.22921752929688,4461500
2019-07-18,78.3454244807578,78.46165508725962,77.56760707931332,78.1755599975586,4607000
2019-07-19,78.43485234210019,78.5689541165536,77.31729208134503,77.37987518310547,6635300
2019-07-22,77.3887749026369,77.7732157270811,76.7361238324914,76.86128997802734,6810300
2019-07-23,77.46031346859071,77.87157470508114,77.09375735780242,77.51395416259766,5659900
2019-07-24,77.46925585794004,77.96992052479021,77.1652760094635,77.51395416259766,6362900
2019-07-25,77.62126276434952,78.2292157999798,77.41562868155778,78.03252410888672,4546400
2019-07-26,78.17555018791415,78.53316388938252,77.576532913762,78.26495361328125,3707200
2019-07-29,78.36331479656666,78.56000646357704,77.94311111178001,78.33649444580078,4387300
2019-07-30,77.62123989403199,78.5957556706674,77.20997867066878,77.96097564697266,3561200
2019-07-31,77.86262074989885,78.02354962905957,76.48579312057697,76.91493225097656,5818200
2019-08-01,76.22654052658773,77.57654820411912,73.9377728240176,74.31327819824219,7871800
2019-08-02,73.7857633017577,74.42053641657938,72.23012205105324,72.54303741455078,8761400
2019-08-05,71.21987695675864,71.56855518004605,69.905625120808,70.60298156738281,8493300
2019-08-06,71.38973015149548,72.94537173361704,71.06787233160209,72.68610382080078,8664500
2019-08-07,71.97087172592151,73.1510149397656,71.60430873247019,72.66822814941406,6275000
2019-08-08,73.14205917120205,74.52783619492114,72.96325231312932,74.20597839355469,6208900
2019-08-09,74.33115191070121,74.5904266552833,72.70398478553219,73.29405975341797,5460200
2019-08-12,72.78443860500882,73.26721844057765,72.57880459863829,72.99900817871094,3762500
2019-08-13,72.56988351547143,75.23414988687469,72.28378839286165,74.4920883178711,6896800
2019-08-14,72.63246669217762,73.03479243511198,71.9798153903543,72.44471740722656,7266100
2019-08-15,72.3552853148245,72.68608544080077,71.02315606553512,71.08573913574219,6713600
2019-08-16,71.60429101354647,72.02449460603967,70.85329407286889,71.77416229248047,5649000
2019-08-19,73.31191980794199,73.61589278670336,72.26588551602543,72.53409576416016,7027900
2019-08-20,72.16753666331286,72.62350293323581,71.03209218227535,71.99766540527344,5903100
2019-08-21,73.25831439538204,74.06295234825159,72.98115480483793,73.97354888916016,6454200
2019-08-22,74.20597873110464,74.84969433676567,73.75895476284497,74.4831314086914,5571600
2019-08-23,73.32981168147361,73.99141209207987,71.55065812661803,71.91722106933594,8497800
2019-08-26,72.81126193351771,73.56225888277928,72.18542432142237,73.53543853759766,4336000
2019-08-27,73.8751878412251,74.36691699664601,73.31194002587094,73.33876037597656,3842500
2019-08-28,73.22252683992417,74.73346320349383,73.06159793966324,74.63512420654297,4123700
2019-08-29,75.29670933367791,76.68247937754641,75.25200421376064,76.33380126953125,5101900
2019-08-30,76.81786762694443,77.07781223294162,75.66157197907359,75.74224090576172,5235400
2019-09-03,75.29404193562979,76.03802041984504,74.95342849355507,75.89459991455078,6360800
2019-09-04,76.71028979207453,77.53493719378052,76.6385795383611,77.40048217773438,4151200
2019-09-05,78.23409610475042,79.43521893499273,78.23409610475042,79.25594329833984,6328400
2019-09-06,79.23801080550636,79.75789983902489,78.89739055108673,79.49795532226562,3625300
2019-09-09,79.72204662523043,80.08954968278641,79.25593684654271,79.48002624511719,4282400
2019-09-10,79.11254144085369,79.44418945051756,77.34671547847891,77.83074951171875,7072400
2019-09-11,77.94725985822579,78.20720439548109,76.9702333093692,77.75902557373047,4623300
2019-09-12,78.07275557543356,78.942223652799,77.28396324849032,78.58367919921875,4057500
2019-09-13,79.10357147756262,79.58760548344779,78.25203435009811,78.26995849609375,5894700
2019-09-16,78.06379875252192,78.71814296587144,77.68733011185543,78.22514343261719,4171700
2019-09-17,77.77694233685601,78.55677587461867,77.50803917252317,78.51195526123047,3248400
2019-09-18,78.56575305277444,79.23802132161391,78.17135348001533,78.95118713378906,4722200
2019-09-19,79.23803504041979,79.52486927790544,78.44027710370449,78.61058044433594,4231200
2019-09-20,78.87946551285717,79.31867880372742,77.68730831325814,77.69627380371094,6991100
2019-09-23,77.96520270268931,78.897408775734,77.80385802876482,78.60161590576172,4790000
2019-09-24,79.28282608614232,79.49795683154393,77.76798640960043,78.14445495605469,10202900
2019-09-25,82.26770718383689,83.17303035994921,80.80664662011746,81.39823913574219,25330700
2019-09-26,82.12429405561332,82.86826574125197,80.89628155785668,82.6172866821289,10408300
2019-09-27,82.33045125265926,83.23577442112325,82.10636183344208,82.7427749633789,6420500
2019-09-30,82.93998395327196,84.32934124211134,82.91309431416762,84.18592071533203,7401200
2019-10-01,84.3741649493866,84.92990929800641,82.51870440766288,82.71590423583984,8464900
2019-10-02,81.98983495033652,82.32148290251526,81.18311170143421,82.00775909423828,6933900
2019-10-03,81.8464130196193,82.75173614088617,80.98591051532577,82.66210174560547,5762300
2019-10-04,82.66209343043626,83.51363035794385,82.40214892320444,83.42399597167969,4551400
2019-10-07,82.91307579329082,84.1859019101351,82.82344140340956,83.51363372802734,4975400
2019-10-08,81.07555405234116,83.10132443969904,81.03970576111959,82.2408218383789,6916800
2019-10-09,82.83240671426984,83.40607501466381,82.30355218938645,82.93099975585938,5115900
2019-10-10,83.80944594516549,83.80944594516549,83.11028802505022,83.36126708984375,5794100
2019-10-11,84.25762031310911,84.76854390741856,83.86322075305753,84.15005493164062,6220100
2019-10-14,84.43689371873838,85.3780720516245,84.30244553289747,85.04641723632812,4636000
2019-10-15,85.15397066156163,85.31531530057227,84.36517844787943,84.96573638916016,4292500
2019-10-16,84.33829382334395,85.27947215623009,84.3203696781207,85.04641723632812,4883300
2019-10-17,85.66490268639663,85.9517368687167,85.12708944937981,85.65593719482422,3427400
2019-10-18,84.9836591549451,86.4626505154688,84.97470050307042,86.13996124267578,6209200
2019-10-21,86.59712230848598,86.8301772370583,85.53045440335389,86.24754333496094,5185800
2019-10-22,86.10409607503819,86.79429515414732,85.62006222231179,85.6917724609375,5470100
2019-10-23,85.18086795765204,85.63801228241691,82.5724707041105,82.75173950195312,11933600
2019-10-24,83.07445682718831,83.24476702964503,81.5596096714465,82.01675415039062,12085800
2019-10-25,81.96296661602732,82.312545641624,81.34447749135568,81.49685668945312,8147200
2019-10-28,81.62232394309717,81.8374546990425,80.8245661961315,81.43408966064453,10304700
2019-10-29,81.43409092572364,81.49683568751593,79.89235467749472,80.02680969238281,9044700
2019-10-30,80.17918919332969,80.91420219403248,80.08955479591054,80.84249877929688,8127500
2019-10-31,80.67219521570952,81.03970516536333,79.72205821598673,80.26883697509766,6752000
2019-11-01,80.83355269090043,81.14727657650546,79.77585013466934,79.93719482421875,5263600
2019-11-04,80.7887283866949,81.17416252537977,80.06268073608726,80.54671478271484,8161200
2019-11-05,80.80663370806519,80.9769369906032,80.25985506083217,80.56461334228516,5589700
2019-11-06,81.2458565187464,81.31756677173486,79.542775622934,80.20608520507812,7033800
2019-11-07,81.0934759617883,81.20999999188565,80.46602151695808,81.03073120117188,7110000
2019-11-08,80.92316601274968,80.9859107735128,80.0357738709095,80.50187683105469,4555400
2019-11-11,80.10749458386094,80.76183191174374,80.10749458386094,80.7170181274414,3247300
2019-11-12,80.95006183204995,82.49179817277772,80.21504879038515,80.22401428222656,3979600
2019-11-13,80.4301604583528,82.06153081400268,80.28673997762253,81.82847595214844,5923600
2019-11-14,82.00775426904177,82.42904343193982,81.31756193144217,81.81055450439453,6035300
2019-11-15,82.59037168519109,83.86319757343024,82.4290270769168,83.3970947265625,6785500
2019-11-18,83.80945226731461,84.49068609361903,83.2806044607014,84.41897583007812,6165600
2019-11-19,84.80438516523635,85.26152941338098,83.41502827948892,83.90802764892578,5368400
2019-11-20,84.35621907491947,84.61616361432542,83.1550962665839,83.40608215332031,6235400
2019-11-21,83.02066883354412,83.63019246201098,82.52766926689156,82.60834503173828,5493100
2019-11-22,82.65314906664369,83.6749963763067,82.40216998548676,83.66603088378906,4264400
2019-11-25,84.06042932684498,84.23073948898677,83.12821643926239,83.27163696289062,5419700
2019-11-26,83.70188776079796,83.92597720774248,83.37919841010446,83.65707397460938,5907400
2019-11-27,83.80945684286348,84.59824926887602,83.80945684286348,84.38312530517578,4017400
2019-11-29,84.80999183582858,85.02567707769055,83.92926624208441,84.01913452148438,2541800
2019-12-02,84.55834690771574,84.72910142975915,83.5608001418318,84.08203887939453,3892000
2019-12-03,83.11145311096108,83.17436159001585,82.05997302317425,83.09347534179688,5570700
2019-12-04,83.40803570590191,84.28876145891591,83.33614518328743,84.2258529663086,4456400
2019-12-05,86.1670228921648,86.22993137651135,85.08858977293536,86.08614349365234,6946000
2019-12-06,86.77814003419054,87.45216247279043,86.61637437466614,87.17356872558594,6368500
2019-12-09,87.19153265641832,87.73973807775612,86.41865996338711,86.8410415649414,6517800
2019-12-10,86.95788200990349,87.70379495185705,86.8410470676677,87.18255615234375,4234300
2019-12-11,87.08370082999828,87.4611517517489,86.85902668278801,87.33533477783203,4319700
2019-12-12,87.46113772658843,88.23401721757459,87.08368686536537,87.82061767578125,4762800
2019-12-13,87.56000889000636,88.33288850462127,87.09268968086079,87.86556243896484,5247600
2019-12-16,88.19807638999865,89.27650947708906,88.12617902245653,88.80020141601562,8211300
2019-12-17,89.31244761463054,90.0224186081256,89.01588300743147,89.55509948730469,7050700
2019-12-18,90.04939203786425,90.57962657051998,89.49220456211994,90.38191223144531,7332000
2019-12-19,90.31901352948458,91.01100693468629,89.53714497387034,90.90316772460938,12214500
2019-12-20,90.76837040451285,91.12785047048658,88.83617104935202,89.83372497558594,17641600
2019-12-23,90.07634839201675,90.48974793711515,89.46523453045612,89.90559387207031,6350500
2019-12-24,89.71688962663782,90.46280950343659,89.6539811344085,89.9954833984375,3328100
2019-12-26,90.17521598673592,90.54368489380627,89.96851960280323,90.50773620605469,3709900
2019-12-27,90.76834478042974,91.47831582476084,90.75935589577719,91.28060150146484,5307500
2019-12-30,91.25364894785005,91.31655743239163,90.28305502362812,90.58861541748047,3495200
2019-12-31,90.39091418322403,91.1188563036711,90.32800568956208,91.04695892333984,3213600
2020-01-02,91.09189223978154,91.85578301466686,90.78633181592066,91.84679412841797,5644100
2020-01-03,90.39988571136291,91.66705118057247,90.14825176594816,91.59515380859375,4541800
2020-01-06,90.72340208986039,91.52324136601415,90.65151158623023,91.5142593383789,4612400
2020-01-07,91.49629726392818,92.3320853635098,90.5976006775613,91.4693374633789,6719900
2020-01-08,91.04692695329864,91.79284658516353,90.63352744632161,91.26261901855469,4942200
2020-01-09,91.61311418626839,92.03550259581066,91.11882841839775,91.19971466064453,5007500
2020-01-10,91.5682128212177,91.60416151459285,90.55268794529077,90.67850494384766,5135300
2020-01-13,90.76834557153094,91.9725955780878,90.60657992892524,91.81083679199219,6722400
2020-01-14,92.0714698113672,93.3655951921538,91.9816015169262,92.49385833740234,5088500
2020-01-15,92.79042905490738,93.19483980455185,92.09843565170185,92.37702941894531,4209200
2020-01-16,92.45789579109599,93.07799858586955,92.43093599245546,92.89826202392578,6571700
2020-01-17,92.95218527945276,93.95872789287843,92.87129902383745,93.94075012207031,6271200
2020-01-21,93.689115747499,94.08454442531283,93.29368706968516,93.98568725585938,4854700
2020-01-22,94.36312990787701,94.92032419091473,93.841884306633,93.90479278564453,5031400
2020-01-23,93.49139509479286,93.79695546787997,92.22423660470866,92.58370971679688,7102900
2020-01-24,93.09596455101052,93.3655762361055,91.36148693656813,91.69400024414062,3839300
2020-01-27,88.2609819892368,90.50772322770584,88.08124543276331,90.08533477783203,9841400
2020-01-28,90.17522094209795,90.81330161411377,89.4382899439721,90.2381362915039,5673200
2020-01-29,90.83126037319276,91.03796359732875,89.12373555051872,89.72586059570312,4503700
2020-01-30,88.98892435820119,89.64497581966066,87.50608061932469,88.24301147460938,7065100
2020-01-31,88.17112568294638,88.47667924174162,86.20297789672756,86.54448699951172,8780300
2020-02-03,88.97094750750432,90.69644302572388,88.58450776427193,89.21359252929688,9727000
2020-02-04,91.58617826193947,92.36803995388813,91.00202407215984,91.10986328125,6559600
2020-02-05,91.45136081484011,91.64008626336344,89.44726453602696,90.35494995117188,6108300
2020-02-06,90.67851096328627,91.24468749437631,90.01347723298029,90.1123275756836,5641800
2020-02-07,89.69889974625637,90.22913427191435,88.94399794140018,89.36638641357422,4121800
2020-02-10,89.16866594761431,90.32798523096031,88.97095162473995,89.88761901855469,4213900
2020-02-11,89.9325565852116,90.18419050286623,89.36638027048868,89.88761901855469,4871800
2020-02-12,90.53468641718834,92.63763986056269,90.26508157237804,92.56574249267578,8075600
2020-02-13,92.12538246584899,93.23077534917279,91.37946270641272,92.89826202392578,5386800
2020-02-14,93.04205176418388,93.3655830673656,92.07145785463872,93.05104064941406,4305300
2020-02-18,92.56575752707089,92.9072597952344,91.31656969731387,91.66706085205078,4916200
2020-02-19,92.26018775329618,92.91623237125206,92.05348453746126,92.0804443359375,6200500
2020-02-20,92.08045546308679,92.23323224392075,90.36394847307527,92.14336395263672,6427600
2020-02-21,91.66706433379441,91.73896171608963,89.5371506647532,90.09434509277344,5750900
2020-02-24,85.86146481054492,87.23646936455289,85.60084200161704,86.19398498535156,8364200
2020-02-25,86.58941497920453,86.95788387182125,83.2372805418668,83.4889144897461,9602100
2020-02-26,83.65067044823842,85.0616236550717,82.67108771445055,82.6800765991211,9308400
2020-02-27,80.88269722307281,83.6327067345737,79.53465226935492,79.57958984375,12825700
2020-02-28,77.52938483777385,80.62948104731662,76.73634000824347,80.54837036132812,16552400
2020-03-02,80.74661136883047,83.93682434917946,79.22360515650041,83.52227783203125,14102000
2020-03-03,83.57635736269648,85.59502788138775,81.62077674352739,81.94520568847656,14767600
2020-03-04,82.98156442245741,84.5496328624673,81.86408403943149,84.52259826660156,6904400
2020-03-05,82.24259304368528,82.62109115544402,81.0530226384911,81.6297836303711,8851100
2020-03-06,79.62914276123047,80.557367289003,77.3941887096971,79.62914276123047,12336400
2020-03-09,73.79845215596586,78.1692224944277,72.92429671316661,75.7990951538086,13272700
2020-03-10,78.1241494205221,79.66518322167573,74.69061145516623,79.57506561279297,12755900
2020-03-11,75.69995880126953,76.26770601708684,73.96066185379044,75.69995880126953,16172000
2020-03-12,70.50009515686111,70.73439960126414,65.78686853647848,66.86829376220703,21534800
2020-03-13,70.4730517592754,70.4730517592754,64.66939312209219,68.1119384765625,21859600
2020-03-16,58.82969913290833,65.75985443957074,57.10842587205786,60.19049835205078,17976700
2020-03-17,60.839349585665396,66.08427603830212,56.234267321132364,62.939117431640625,17122100
2020-03-18,58.38809231309751,61.57830526762032,54.07139202472624,61.316959381103516,19498800
2020-03-19,60.41577167162096,65.52551675031125,57.811333412795044,63.38969421386719,16177200
2020-03-20,64.44409915565093,66.74212954211593,60.559965560368,60.78526306152344,15761900
2020-03-23,58.57734113532074,60.27157560373505,54.59408358824685,56.594722747802734,17690000
2020-03-24,59.20818079573644,65.48046930404227,57.67616053182353,65.18307495117188,18849500
2020-03-25,72.19434894173351,75.24036940454981,68.67069188774386,71.20304107666016,27053200
2020-03-26,72.24839520598229,78.2773580518731,72.10420839212443,75.9703140258789,17200800
2020-03-27,73.62722357219549,77.26803216155011,71.6536220585004,75.00605010986328,14183400
2020-03-30,75.69996372954627,77.46629539150489,73.44698861854786,76.943603515625,10960100
2020-03-31,76.71829651464618,77.25901597482755,74.25805184806187,74.564453125,9610100
2020-04-01,71.63560301127907,73.15861656309916,70.77046129339486,71.40129852294922,9771300
2020-04-02,71.19397321619823,73.537064630486,69.53578777318953,72.22132873535156,12731300
2020-04-03,71.51844323254792,71.9059552307734,70.21172040451533,71.0678482055664,8476900
2020-04-06,73.81646939668788,76.63719136151333,73.18563232951088,76.2677001953125,11266500
2020-04-07,79.93555898387775,80.08876652602373,75.7270028741616,75.84416198730469,10468100
2020-04-08,76.33077868937568,77.29505156831374,75.34848503840188,76.87149810791016,6642700
2020-04-09,78.12414631072008,78.7549764233215,76.7453270106537,78.21426391601562,7773600
2020-04-13,77.32212330639227,77.49334477211976,75.82614424712283,76.1145248413086,5077600
2020-04-14,77.45728230095297,79.097447922303,77.03372875151479,78.82709503173828,6397200
2020-04-15,76.48396829345867,77.39416489222711,75.43858499615881,76.63716888427734,8053900
2020-04-16,76.9886672492213,77.9799749420252,76.19562247008508,77.772705078125,9373800
2020-04-17,80.20589962361316,81.33238697787739,79.62913864827253,81.02598571777344,8111400
2020-04-20,79.69223686800984,80.60244074904459,78.87215061740139,79.21460723876953,7244400
2020-04-21,77.49332057330905,78.31340671428615,76.68224825682994,76.78137969970703,6597000
2020-04-22,78.38551774295415,80.6024445587912,77.88084661275118,79.99864196777344,6463000
2020-04-23,80.1518363302307,80.68353510032235,78.63783693964267,78.71894073486328,5343500
2020-04-24,80.10676879386483,80.31404549385587,78.98929525510992,79.63815307617188,4450100
2020-04-27,79.64714673593829,80.98992439875161,78.6828739892815,80.5393295288086,6875100
2020-04-28,81.60274759663479,81.74693440429982,79.87245777592163,80.02566528320312,5145400
2020-04-29,81.10707132344743,82.35972443051148,79.15149136499856,79.3677749633789,9461400
2020-04-30,78.40351279446308,79.30470259669829,77.96193171651694,78.56572723388672,9371400
2020-05-01,77.20495130565556,77.60147713487464,76.42992729883709,77.08779907226562,6151200
2020-05-04,76.31276559822653,77.32210082214316,75.97932283997362,77.27703857421875,6348900
2020-05-05,77.98898888558625,79.78235518600208,77.52938002825647,78.58377075195312,6321500
2020-05-06,79.34976941704087,79.92653037371907,78.7910292322132,79.70123291015625,7342300
2020-05-07,80.56637500731188,81.32337119084858,79.64715749812247,79.80937194824219,4565900
2020-05-08,81.20622947506304,81.68385906336138,80.73760683616112,81.52164459228516,5488000
2020-05-11,80.61144148418175,82.38678685639417,80.33207478873872,81.94520568847656,4937600
2020-05-12,82.48593610565945,82.61210218086303,79.43991577133163,79.53904724121094,5622600
2020-05-13,78.74597408690256,79.07040301371744,76.7813797525385,77.52035522460938,6739800
2020-05-14,76.60113879397568,78.02502043580338,75.79908036135198,77.99798583984375,7431800
2020-05-15,76.82643984324439,78.61079889064476,76.49299710128405,78.3945083618164,9165000
2020-05-18,81.54867718565401,82.54899858676305,80.9989507625028,82.0443344116211,8517200
2020-05-19,81.87309168274491,84.54962647993324,81.84605708891999,82.46788024902344,6514100
2020-05-20,83.99089959665241,84.58568825687561,83.54030462698039,83.7656021118164,6347000
2020-05-21,83.70252045528204,85.05430538632974,83.24291852911009,84.9461669921875,7504300
2020-05-22,85.09034493353093,85.29762162657144,84.12607205832438,84.4865493774414,4049500
2020-05-26,86.49621414262522,87.80293681562718,85.86537705437345,87.0729751586914,7185200
2020-05-27,88.42475634338355,90.10997707281714,87.97416138889827,90.00183868408203,7915900
2020-05-28,90.2001079466381,90.74082747192459,88.54192157066035,88.73117065429688,7260700
2020-05-29,88.70856524428456,89.66620716553217,87.57023161631223,89.06090545654297,10332500
2020-06-01,88.89829630774888,90.14503820648721,88.43754101993237,89.92821502685547,4295400
2020-06-02,89.81979891819509,91.13881749195568,89.27773752924594,91.01233673095703,10798700
2020-06-03,91.4821336257146,94.4544454668508,91.3556528573841,94.05693054199219,5867700
2020-06-04,93.6503851880136,93.86720837528242,90.76841579929749,91.50019836425781,8775000
2020-06-05,93.95754235591635,94.58091671759051,92.26811098795807,92.79210662841797,8363600
2020-06-08,93.09928988164236,94.22858739649642,92.79211737340584,94.21955108642578,6165400
2020-06-09,92.89148114489888,93.7497443608809,92.53914092842761,92.7198257446289,5385900
2020-06-10,93.0541326147418,93.18964972038792,91.88869653448336,92.25910949707031,5194200
2020-06-11,88.88022928805171,89.4313270277095,85.71819624075587,85.98019409179688,10976900
2020-06-12,88.35625060455733,88.35625060455733,85.59172527935819,87.11853790283203,7416400
2020-06-15,84.83282371500943,88.60919456969928,84.41724309085598,88.39236450195312,8645300
2020-06-16,91.47310644230105,91.55441256176067,88.2839710933646,89.47650909423828,6054400
2020-06-17,89.44037525455346,90.56063661061803,89.34099650841131,89.63009643554688,3405500
2020-06-18,89.16028861600584,89.81979442354168,88.40139719530494,88.9434585571289,4392400
2020-06-19,90.31671139437172,90.32574770566735,86.53130340576172,86.53130340576172,10304000
2020-06-22,87.49794480322025,89.9281945589968,86.74808981566854,89.90109252929688,6918200
2020-06-23,91.38274785656667,92.34942616446277,90.98523296232305,92.0783920288086,6499000
2020-06-24,91.1930261963232,92.01515112244539,88.61822260041038,90.41606903076172,8611600
2020-06-25,89.6481607747998,91.86158124122608,89.25968213741682,91.6086196899414,11531400
2020-06-26,88.98866953033,89.24163114291625,84.5347185867593,84.62506103515625,24918500
2020-06-29,84.65214402174493,86.73005433048702,84.65214402174493,86.61260986328125,9624200
2020-06-30,86.73004923118582,88.80795941775699,86.40481099515407,88.58209991455078,9065500
2020-07-01,88.98863043988942,89.18738787466582,87.73285234854833,87.9948501586914,5733800
2020-07-02,89.24161700470061,90.03664696708891,88.55500209882507,88.9254150390625,5354900
2020-07-06,90.00050804880229,90.37091409402392,89.4765122846489,90.29863739013672,4995000
2020-07-07,89.6390935672086,89.93722967532517,87.5611840104169,87.69670104980469,6352900
2020-07-08,88.08520329666428,89.42229454358983,87.59734595897596,89.29580688476562,5634600
2020-07-09,89.03382641870701,89.35906468212782,87.06433110918569,87.62445831298828,6282300
2020-07-10,87.6334988743548,88.58211167079075,86.47709916729615,88.52790069580078,3967000
2020-07-13,88.76276921081325,89.38614353612053,86.96492981018437,87.14561462402344,4845600
2020-07-14,87.0281930974798,87.85935448826564,86.28737413739928,87.41667175292969,4850600
2020-07-15,88.90732819689093,89.47649159988283,87.91354097989581,89.02477264404297,5343700
2020-07-16,88.08521616185925,88.74472901821186,87.66963545632048,87.86839294433594,3594700
2020-07-17,87.58831114275117,87.84127957202837,86.76618614882622,86.9830093383789,7405700
2020-07-20,86.27830894173799,87.04622968467228,85.92596875506598,86.41382598876953,5822300
2020-07-21,87.56121435767959,89.4403671603434,86.82039543064477,88.86216735839844,5855600
2020-07-22,88.68149121854898,89.43133963704882,88.45563168332572,89.35906982421875,4097000
2020-07-23,88.85312064256493,90.50641373858467,88.28395721774636,88.80795288085938,4530500
2020-07-24,88.66341715533781,89.76561277215,88.26590217414366,88.9254150390625,5638400
2020-07-27,87.59735215830516,88.89830515087674,87.53411177075989,87.82321166992188,4273400
2020-07-28,87.5883296380712,88.05812135610321,86.87461953455666,86.97399139404297,3822600
2020-07-29,87.11851175465331,88.13036462341363,87.00106731605406,87.60636901855469,6872400
2020-07-30,87.15466903544102,87.84128387747731,86.54936720140053,87.47087097167969,4018400
2020-07-31,87.53410152177022,88.22071628664416,87.0010764452533,88.18457794189453,5509900
2020-08-03,88.56402596278258,89.70235977177825,88.37430481006413,88.8350601196289,5472700
2020-08-04,88.3471983686276,88.49174485710408,87.22693723536764,87.9316177368164,7539300
2020-08-05,87.74188384435958,91.47307957169575,87.70574550432033,91.1930160522461,7217500
2020-08-06,90.92198345883216,91.40984071844163,90.37088582627428,90.75032806396484,4060900
2020-08-07,91.24722046912761,92.06935219966432,90.24440393037895,92.02417755126953,5545600
2020-08-10,92.57528228737236,96.51427206455665,92.51204191037242,95.23139190673828,12678000
2020-08-11,96.5323345159999,96.96598772406747,94.7344950942422,94.96939086914062,5400700
2020-08-12,95.51146478061824,95.66504758366885,93.3974163136561,95.05974578857422,4714800
2020-08-13,95.13204127305549,96.65884708072981,95.04169194265205,96.2342300415039,4281700
2020-08-14,95.87283713870282,96.469102597796,95.27656478692512,96.15290069580078,2985700
2020-08-17,96.21614472540679,96.21614472540679,94.96940279624691,95.45726013183594,3017000
2020-08-18,96.18002221297849,96.66787962888206,95.28562039683153,96.64077758789062,5023000
2020-08-19,97.2912563320013,99.09813262741112,96.98408377758489,97.92366027832031,9508100
2020-08-20,97.17379389801656,98.23985106664269,96.98407273572106,97.5803451538086,4304000
2020-08-21,97.5712968483058,99.17037895831633,97.34543736486066,99.15231323242188,5564000
2020-08-24,99.37817808997295,101.18505405524519,99.2878356702463,101.0314712524414,8173100
2020-08-25,101.18505328363291,101.43801481401243,100.36292141721472,100.74237060546875,4380900
2020-08-26,101.1127925853675,101.26637541129386,100.54362905198319,100.76045227050781,4477900
2020-08-27,101.17601712495045,101.89877026370058,99.82989646903019,100.1370620727539,4390800
2020-08-28,100.51284483453888,102.0158708722959,100.11444922811765,101.67180633544922,3731100
2020-08-31,101.53596065084565,101.88002509154903,100.63052136777554,101.30960083007812,3519800
2020-09-01,101.40919997119379,104.03497528061006,101.25527695057494,103.98064422607422,4912400
2020-09-02,104.17984826247066,106.30763623809149,103.67280444255452,105.75531768798828,6775400
2020-09-03,105.75532271605996,105.84586527278493,101.40921091371888,102.1788330078125,7264400
2020-09-04,102.27842902266669,102.99372694424494,99.78847078884978,101.7713851928711,5157600
2020-09-08,100.76634060327814,103.07520667527768,100.08726112775705,102.06111907958984,5300100
2020-09-09,102.33275791085568,105.22111180633857,102.16072912232795,104.03498840332031,5997900
2020-09-10,104.94041721316582,107.05009245940578,103.22008114581155,103.93537902832031,5032800
2020-09-11,105.7191073476318,107.97364954221047,105.41125435638142,106.84185028076172,8565200
2020-09-14,107.29456710093496,108.58934569754288,106.99577044603598,108.00080871582031,4990300
2020-09-15,108.3810841802547,109.08733265474778,107.91025877187981,107.99174499511719,5934200
2020-09-16,107.12253093508646,108.37204170171833,106.98672055432584,107.37605285644531,7023700
2020-09-17,106.2442372938836,107.33982485522209,104.84986694081373,105.3569107055664,7376400
2020-09-18,104.51488098801707,106.76037397090303,103.66376565376878,103.81769561767578,12876600
2020-09-21,102.26936843865099,103.27440663656427,101.17378769032153,102.649658203125,8486400
2020-09-22,102.40519975416848,106.11750009367933,102.17883989312568,105.81871032714844,13007200
2020-09-23,117.90630991766442,118.05118352537278,113.41533169801295,115.09039306640625,37822700
2020-09-24,114.48376233333009,115.47974431250367,111.64068311069325,112.95356750488281,13485800
2020-09-25,111.95756300616092,112.95354478499914,110.70805243835107,112.48271942138672,9182800
2020-09-28,113.32478923894665,114.25739063847448,112.17487742768031,112.56421661376953,7525000
2020-09-29,112.58231730147551,115.08133166053545,112.23825286028207,114.40225219726562,7796400
2020-09-30,114.17590523496109,115.24432398715183,113.32479690921728,113.66886138916016,8699700
2020-10-01,115.65177319880742,115.65177319880742,113.46060468417662,114.66484069824219,5637200
2020-10-02,112.59138372222111,114.80971431254518,111.90324787019019,114.66484069824219,7491100
2020-10-05,115.05418560390432,116.34896423710232,114.49281068258932,115.81475830078125,8270300
2020-10-06,116.65679853646647,118.10550697313417,115.23525908204815,115.57933044433594,5978000
2020-10-07,116.25841139829245,118.07835340261225,116.12260101703362,117.76144409179688,4390500
2020-10-08,118.06926812543584,118.54914980417757,117.26342777661425,117.44452667236328,3595600
2020-10-09,117.69806814485946,118.78459262073743,117.10047484755869,118.59444427490234,4293400
2020-10-12,118.78460710917531,118.92041750425956,117.03710173560145,117.21820068359375,5136500
2020-10-13,115.94150787505313,117.589400255823,115.86001474398651,116.98275756835938,4245000
2020-10-14,117.28156137866591,117.34494876668177,114.99985718849291,115.58839416503906,3586600
2020-10-15,114.51996233046972,116.89221571346154,114.18494731247382,116.80166625976562,4235800
2020-10-16,117.26344100026563,117.87914692025151,115.4887876754101,115.89623260498047,6010900
2020-10-19,116.89221579063151,117.5079078652681,115.03606251589513,115.380126953125,5160800
2020-10-20,115.8962193379878,117.61654831742366,115.64269746345843,116.33988952636719,3799200
2020-10-21,116.34894240069113,118.9566118343414,116.30366767548624,117.19099426269531,4916300
2020-10-22,117.3449520941982,117.942531599777,116.67492196259911,117.72523498535156,2869900
2020-10-23,117.70711613124742,118.2503852705241,116.4847674758289,117.69806671142578,4046300
2020-10-26,116.85600999149388,117.36305385899848,114.70106664664475,116.23125457763672,5422500
2020-10-27,116.60247440469243,117.24534240023218,115.8056902907733,115.88717651367188,2985700
2020-10-28,113.43343668560274,114.44753120891072,109.59437591043236,110.5360336303711,8618300
2020-10-29,110.71713016539591,112.44652275768591,109.69398611696467,111.2422866821289,4947000
2020-10-30,111.96664107575477,111.96664107575477,107.56620497796806,108.72516632080078,7791600
2020-11-02,110.798613308074,112.36501948064864,109.64870149042528,110.81671905517578,4740400
2020-11-03,112.28353572976988,113.63263842706729,111.54107573907453,112.80868530273438,3490900
2020-11-04,113.47873189391836,116.73830573833573,113.41535140652061,115.29866027832031,5061800
2020-11-05,116.97372432516669,118.07836155537046,116.31275739755607,117.43549346923828,3940000
2020-11-06,117.62563083266006,117.62563083266006,116.21314763849232,116.71112823486328,2954000
2020-11-09,122.28862004442601,123.45664438661197,116.59341337365599,116.75638580322266,7491700
2020-11-10,117.7523910486468,117.81576461931483,114.31171873156461,115.63365936279297,8014700
2020-11-11,116.52099561792632,117.52603387887093,115.15378022464913,115.58839416503906,6058700
2020-11-12,114.64673495043138,115.75136517369803,113.75034500482846,114.66484069824219,4780400
2020-11-13,115.81474925067329,116.43950460557825,114.83687310594046,116.1497573852539,3986100
2020-11-16,117.21819444641051,117.99687290724997,115.32582244945495,117.80672454833984,6116200
2020-11-17,118.14173261419909,120.06127359503228,116.90128501979927,119.7081527709961,7002900
2020-11-18,120.48682595670687,121.31076529944951,119.0924415626957,119.18299102783203,5572800
2020-11-19,119.44556522847212,119.61760092680115,117.64373583006403,119.43651580810547,4642800
2020-11-20,120.69505878570446,120.90330595164797,119.43649873915615,120.40531158447266,4318100
2020-11-23,121.67293116320621,122.13470020822133,120.50490679065834,121.44657135009766,6118400
2020-11-24,122.23431921500722,123.13070919631112,121.51902816674891,121.96268463134766,7204700
2020-11-25,121.55526325521525,122.95869736324362,120.98483190041193,122.72327423095703,4484500
2020-11-27,123.13974027438314,123.25745180014735,120.73126850908126,121.55522155761719,3506800
2020-11-30,121.24739358308935,122.49689056246919,120.14275640787362,121.96268463134766,9652500
2020-12-01,123.53812965162447,123.59245379439571,122.00793515600603,122.6326904296875,3833100
2020-12-02,122.37920042306348,123.42951350985254,121.93553011504663,122.75948333740234,4132700
2020-12-03,122.32486957486014,124.90536359869905,122.23432010767607,124.00898742675781,4930900
2020-12-04,124.36733330961182,124.65764961633884,123.06087532008141,124.46713256835938,4344000
2020-12-07,124.29477742513022,125.98228371618316,124.11332796405381,125.88248443603516,4590800
2020-12-08,125.41975942163684,127.41573075419379,124.88446493689233,126.2181396484375,6953600
2020-12-09,127.53369197693758,127.53369197693758,125.44698880083011,125.91875457763672,4341300
2020-12-10,125.456048551998,126.23629355691166,124.51250321391137,124.82096862792969,4511000
2020-12-11,124.64860657736183,125.32905242748436,123.59618034001618,124.66675567626953,4172400
2020-12-14,126.03670147961617,126.10928402375211,123.56895035381328,123.64153289794922,7599000
2020-12-15,124.68487420313427,126.508477696771,124.52157386599305,126.4631118774414,7637000
2020-12-16,126.17280095188589,127.46110998249293,124.71211010667209,125.51049041748047,6573400
2020-12-17,126.94394843415292,127.68790904624186,125.88245480086032,127.47016143798828,8727000
2020-12-18,128.00546004207823,128.05082586396426,124.44899833675467,124.54879760742188,17970800
2020-12-21,131.3895690275413,134.22928707036962,129.29378410022437,130.66375732421875,16111300
2020-12-22,129.78371159826204,130.16475962389873,128.00547363491745,129.23934936523438,6339400
2020-12-23,129.3390926317973,130.282651581244,128.5588478190128,128.61328125,3388300
2020-12-24,128.01458525592483,129.00349682991285,128.01458525592483,128.4682159423828,1821900
2020-12-28,129.32094486895159,129.66570839368026,127.96005370548681,129.2211456298828,4081500
2020-12-29,129.58407698643535,129.79274311877373,127.40664250377692,128.44093322753906,3232400
2020-12-30,128.97624056206044,129.38450528598818,127.61534891983085,128.4500274658203,3052100
2020-12-31,128.5588858883713,128.64053605903064,127.35222705059914,128.3502197265625,2949900
2021-01-04,129.60220587437166,129.71107273623502,125.49231571462151,127.10723876953125,6178500
2021-01-05,125.7463896106033,128.5226062647573,125.7463896106033,128.13247680664062,4163100
2021-01-06,128.1505975956823,130.25544945426634,126.59010779533959,129.14859008789062,6072900
2021-01-07,129.91975501074197,132.13347376890428,129.73830560381276,131.50746154785156,5256900
2021-01-08,132.0518829048332,133.20410861393205,131.46215476289208,132.77769470214844,3950500
2021-01-11,132.4600930013057,133.45808554085147,131.37138267688485,133.4127197265625,4252000
2021-01-12,132.91371578383624,133.23126262182453,130.9903271936043,131.5981903076172,3678800
2021-01-13,131.3986483322547,131.67082947565146,129.22121302878884,129.77464294433594,3330100
2021-01-14,130.33715145811533,131.46214652190807,127.86031833590361,128.19601440429688,4104000
2021-01-15,127.52462706648409,129.175849030845,126.90769611960643,127.66979217529297,6412400
2021-01-19,127.9147767505171,128.1234429750401,125.57404091551292,126.35428619384766,6537800
2021-01-20,127.3612996169166,129.92884982766253,127.02560364372256,129.55686950683594,4654400
2021-01-21,129.20304547310232,130.47320536649514,128.04175247237043,128.47723388671875,4011200
2021-01-22,128.00544403978296,128.72218794234686,126.39052065720308,126.42681884765625,4150500
2021-01-25,126.10018951801014,126.27255744942373,122.24433093630873,124.79373168945312,5998700
2021-01-26,124.98428018551441,125.06594420313893,122.21714499330236,122.57097625732422,5312300
2021-01-27,119.95804171110701,120.53868815468388,118.18888565987307,118.86933135986328,7815900
2021-01-28,120.08507488484535,123.72318676472361,119.30482981670652,122.22621154785156,6244600
2021-01-29,121.52761856998897,122.50746219499494,119.8945458616457,121.20100402832031,7166100
2021-02-01,122.8159484555391,123.43289329157346,120.93792490540817,123.12442779541016,4366800
2021-02-02,124.34919999812738,126.88953376202922,124.06795128151313,126.64456939697266,7132800
2021-02-03,126.74434441861446,127.07095889496419,125.2110712891866,125.7735824584961,4678600
2021-02-04,126.60826838982102,127.9691598153432,126.03668956111659,127.5881118774414,4533700
2021-02-05,128.23225609606212,132.06997978462974,128.1868902809728,131.6526336669922,6151500
2021-02-08,131.68894653985572,132.35125712748572,129.55689120583313,130.11032104492188,6304300
2021-02-09,130.28267206238243,130.84516939594513,128.55886802915992,128.64051818847656,3436300
2021-02-10,129.23934687333698,129.3754443508231,127.8330893348855,129.24842834472656,4125700
2021-02-11,129.73832610629682,130.9631340231038,129.20304542596972,130.22824096679688,3828700
2021-02-12,129.83810413700834,130.14656951145437,128.28668195237304,128.93991088867188,3637000
2021-02-16,130.0740208256723,130.0740208256723,127.95103315214972,128.56797790527344,4873400
2021-02-17,128.1959860057977,131.15365197289773,127.20707480791602,130.6365203857422,6437100
2021-02-18,129.72016976413846,131.9066720268519,128.11432781285106,131.63449096679688,4486800
2021-02-19,131.94296217249155,132.00647708823377,128.37743304457098,128.84921264648438,7486000
2021-02-22,128.4136943398959,129.2483865025474,123.62335816975788,123.9953384399414,8985900
2021-02-23,123.41473099556876,124.14054267177492,119.37742171653643,123.50546264648438,10364100
2021-02-24,122.53466563383186,123.35120882132136,121.52760539318754,123.0699462890625,6360900
2021-02-25,124.83912315748891,126.27258340118877,122.05382515282011,122.97015380859375,5674300
2021-02-26,123.54745261978358,124.41111408709618,121.23833036616456,122.52925872802734,6650200
2021-03-01,123.31106963555882,126.50202495110351,123.18379542025689,125.13836669921875,5717800
2021-03-02,125.05658482982109,125.69295608085415,123.2838313905673,124.565673828125,5292700
2021-03-03,124.62928918730017,124.9202096513566,121.9565163791495,122.0565185546875,4888400
2021-03-04,121.82012170283195,122.84741522782458,118.34733247042868,120.03826904296875,7181500
2021-03-05,121.4019664738194,121.52924071421896,117.44736508664265,121.229248046875,5957100
2021-03-08,121.49289377075226,123.30201923534668,120.33832556611898,122.32926940917969,4983000
2021-03-09,123.19287164092687,125.4565491521018,123.13832753470423,123.59288024902344,5977800
2021-03-10,124.09294032292873,125.63841739140769,123.7293035557055,125.0838623046875,4519600
2021-03-11,126.52930214939647,129.2748047589046,125.96566115469898,128.3566131591797,5696500
2021-03-12,127.27473567094293,128.10202478204693,126.00199386297163,127.68383026123047,4143200
2021-03-15,127.91119419096819,131.82035223862243,127.88392212439135,131.76580810546875,5413900
2021-03-16,132.62033086000065,132.86577938703144,130.76574764688587,131.5021209716797,5623000
2021-03-17,130.18390168003322,132.86576006586242,130.18390168003322,131.6566619873047,5134400
2021-03-18,131.24757067113765,133.329430257634,129.59300569706187,130.15664672851562,10188400
2021-03-19,127.27479303416163,129.87483578959072,123.1929036065566,124.9929428100586,24980400
2021-03-22,125.12018419076537,126.19292193471311,123.66560996075876,125.70201110839844,7537300
2021-03-23,125.90202386682505,127.85659511479908,124.13835700285279,124.65653991699219,5582600
2021-03-24,124.0474545735571,125.38384089621428,120.80195484128282,121.05650329589844,8157600
2021-03-25,115.50183722741993,117.6291404123061,114.03817706239721,116.94731140136719,18475800
2021-03-26,119.63829091481695,121.08376534949458,117.97462616341753,120.90194702148438,10010500
2021-03-29,120.85650311263078,121.73833667210309,118.78374341271774,121.35651397705078,7153900
2021-03-30,120.32011510673269,121.22922058129251,119.2928214814885,120.86557006835938,6026600
2021-03-31,120.99283056800346,121.98375209373047,119.9291789479322,120.8110122680664,6878900
2021-04-01,122.44743608330062,122.44743608330062,120.1928580683748,120.4837646484375,5720600
2021-04-05,121.00196500227881,123.34744532239871,121.00196500227881,122.83834838867188,5508900
2021-04-06,123.12926179445267,125.19293534214984,122.66560907134722,124.69292449951172,4670100
2021-04-07,124.53837342368234,125.67475535329233,123.965632492167,124.12926483154297,6646000
2021-04-08,124.80202954206514,124.82930160335103,121.28379491766536,121.52924346923828,8748400
2021-04-09,121.76559188186597,123.18379423063426,121.36558324568026,123.13833618164062,6056800
2021-04-12,122.50193773723905,124.45650856056055,122.02011304364173,124.22014617919922,5638200
2021-04-13,123.274708328561,123.6292589100007,121.27466518008198,121.40193939208984,8778200
2021-04-14,121.4019582203985,121.98378526150596,119.83830931830104,120.2383041381836,7354100
2021-04-15,120.91103493448836,121.88378450560694,120.62011450773718,121.52013397216797,6284800
2021-04-16,122.46564036528338,122.52018449019864,121.57470675215832,122.10198974609375,6852500
2021-04-19,122.09286729101707,122.16559739317674,120.1382822090785,120.5201187133789,5613600
2021-04-20,117.42915152720927,118.09279463411156,114.27455444644913,115.556396484375,13268700
2021-04-21,115.99275739225881,118.48371124086906,115.79276002571815,118.09278869628906,7110900
2021-04-22,118.08373406408141,118.52010089839473,116.34734585366986,117.43826293945312,6442900
2021-04-23,117.21096352340848,118.77462606736768,116.78369670755632,118.3564453125,7489000
2021-04-26,118.62916760640154,119.72917736258394,117.56551596228947,119.63827514648438,8217800
2021-04-27,120.00193417364665,120.72012146395069,119.46556522135693,120.10193634033203,5833100
2021-04-28,120.23828018729587,120.30192422641717,118.501899344024,118.82917785644531,8195400
2021-04-29,119.79287169497725,121.92926194024594,119.30194680889878,121.14743041992188,6612500
2021-04-30,120.40196516118671,121.71107963254083,120.04741448118268,120.56559753417969,5643600
2021-05-03,121.24740891865949,122.22924462711647,120.53830766341564,120.93831634521484,5053000
2021-05-04,120.21103490823465,120.53831349354996,118.62010003803411,119.59284973144531,6129500
2021-05-05,120.63833166789189,122.02017630824464,120.07469053526313,120.19287872314453,6234200
2021-05-06,120.54741053166236,121.6746926203356,119.94739749435837,121.35651397705078,5201000
2021-05-07,122.72929677586797,126.69299906365168,122.47474823304421,125.28388214111328,10566700
2021-05-10,125.45657341726414,126.27476291254952,123.9110966640303,124.00199890136719,5669300
2021-05-11,125.8020217083983,125.8020217083983,122.73832678487841,124.65653991699219,8045400
2021-05-12,123.11105448975844,124.38381040270716,121.22011354880298,121.26557159423828,5865100
2021-05-13,121.54742286886916,122.75653505036125,120.44741279844985,121.46560668945312,6284300
2021-05-14,122.12927028028905,124.25657453066535,121.86563570096017,123.57474517822266,4367900
2021-05-17,123.93837827984905,124.61112147290343,123.18381890532706,124.0111083984375,3934200
2021-05-18,124.03835190421199,124.97472942371695,123.13833249970544,123.23833465576172,5664700
2021-05-19,121.34740446187463,121.79287117352251,119.96557401893588,120.87467956542969,5582300
2021-05-20,121.62016358716042,122.01108626486574,120.17468880407073,121.15652465820312,4934800
2021-05-21,121.66561117765907,121.97470377036373,120.37468281531784,120.60195922851562,5329700
2021-05-24,121.00197636377382,122.13835850891876,120.73832793786288,121.87471008300781,4313200
2021-05-25,122.67470974878562,122.88380014902899,121.68378799127316,122.11106872558594,4885800
2021-05-26,122.91109592421263,125.38386470008622,122.72927754666226,124.4474868774414,6781500
2021-05-27,125.04744975409908,125.73836485986754,124.05652820360488,124.14743041992188,12882300
2021-05-28,124.10645399227873,125.11759781293065,123.96980467066447,124.3068618774414,4153500
2021-06-01,125.57308296207844,125.75526817979197,122.25726196026436,122.53053283691406,5577900
2021-06-02,122.60341069616491,123.42326503227231,121.63781652461195,122.22081756591797,5226100
2021-06-03,121.33720465802337,122.69451025567949,120.70865383696007,122.22081756591797,5027400
2021-06-04,122.5214031776022,122.92221891383018,120.49911570833426,121.82909393310547,5217100
2021-06-07,122.06593551301826,123.15906051376416,121.56491583355682,122.0203857421875,3765000
2021-06-08,122.69451032400544,122.72183741190678,120.6175682444561,121.4738540649414,4915200
2021-06-09,121.71979201086374,122.8857940381317,119.74305398182602,120.09832000732422,6448100
2021-06-10,119.78861121482589,120.76332369663469,118.59528202669846,119.3149185180664,6584100
2021-06-11,119.78859919022253,120.23496475388518,118.90498635797285,120.18941497802734,5414500
2021-06-14,119.97078802280149,120.28962256361064,118.54061953651696,119.66107177734375,5743600
2021-06-15,119.8250535940831,120.0163571293472,118.26735382056668,118.6863784790039,5168100
2021-06-16,118.69548203000336,119.487995363693,118.05782682474496,118.78656768798828,7915500
2021-06-17,117.72986954135341,118.31287048105735,116.47276811830727,117.43836212158203,8568100
2021-06-18,115.39785645681395,117.53856363977152,115.39785645681395,116.97378540039062,9784800
2021-06-21,117.72988518233252,119.11450391068334,117.23796982107471,118.49507141113281,6288500
2021-06-22,119.17826730464074,120.87261605358844,118.54061216252916,120.68131256103516,6043800
2021-06-23,120.98194387340962,121.79267994889454,120.43538819209321,121.24612426757812,4566000
2021-06-24,121.97483179006096,122.81290862507002,121.06389200402664,121.7015609741211,11420500
2021-06-25,138.83636612816494,140.82220861894055,137.07824473327068,140.6035919189453,46285400
2021-06-28,140.21189683443222,140.33032349395486,138.01652788392465,138.79083251953125,13133300
2021-06-29,139.6106652644306,142.47101642866852,139.29184459093412,142.06109619140625,10279900
2021-06-30,141.0043651798099,141.5053848485472,139.84748164453438,140.73109436035156,10281800
2021-07-01,140.34851035064298,144.11980080023065,140.18453394857093,143.92849731445312,9011500
2021-07-02,144.11979770747115,145.72304681642416,143.60055532853139,145.51353454589844,6396700
2021-07-06,145.6775203755894,146.15121305858202,143.80098623507075,145.85060119628906,6671000
2021-07-07,145.8961181640625,147.11677413048437,144.18354693366663,145.8961181640625,5408300
2021-07-08,144.08339157768472,146.49739114286066,143.33642793589658,146.32431030273438,6081600
2021-07-09,147.2898972871025,147.53585498985078,146.21498081201733,146.66134643554688,5002300
2021-07-12,147.2443335169883,147.96396996427086,146.39716603221868,147.40830993652344,4992200
2021-07-13,146.9801443271944,147.85463876340617,146.67041422702425,147.19876098632812,5747700
2021-07-14,147.45384060175274,148.2372494900052,146.9710435554874,147.15322875976562,4928000
2021-07-15,146.53377426803246,147.7544302431128,146.10563145739656,147.28985595703125,6432500
2021-07-16,147.22612337841068,147.29900024887968,145.42246600878866,145.61376953125,6603700
2021-07-19,144.06518176352367,144.6755239069052,142.6532356254072,143.81011962890625,7377100
2021-07-20,143.25439374257155,146.1420713574756,142.63496132542113,145.51353454589844,4629200
2021-07-21,146.20589072801226,147.05305837619375,145.7595250607869,146.73423767089844,5393100
2021-07-22,146.76153740641834,149.16641834310127,146.5975609858187,149.10264587402344,4851500
2021-07-23,149.71300654621828,151.62597235946882,149.14821424910792,151.5439910888672,4217700
2021-07-26,150.95189254280845,151.69885620904273,149.23021628179174,150.38710021972656,3858800
2021-07-27,150.14114137799507,150.86077788078694,148.10063072096628,149.9134063720703,4359000
2021-07-28,149.84053862256968,151.1249535702844,149.46704985415786,150.72415161132812,4093600
2021-07-29,151.12495415033698,152.15432089167183,150.660379712133,152.11788940429688,3605600
2021-07-30,151.75345926151272,152.91946110363315,151.53484260351414,152.59152221679688,5364400
2021-08-02,154.00355013062557,154.84161345830395,153.06528282355933,153.72116088867188,5532500
2021-08-03,154.14931593682437,156.22625867190342,153.48433342160627,155.9803009033203,5718100
2021-08-04,156.09866593078323,156.9913831643374,155.73429552112358,156.5996856689453,4646200
2021-08-05,156.14421718228755,158.5035482717502,155.9346909899054,158.36691284179688,3824000
2021-08-06,158.83149504927513,158.8497177407825,157.31933135050735,157.41043090820312,4088700
2021-08-09,157.13713495433424,157.64725908151593,156.33550338314015,156.47215270996094,3612800
2021-08-10,156.28083889339035,158.46710287960806,156.16241226459982,156.9276123046875,3747100
2021-08-11,156.6816754037717,157.7930232831578,155.71608125607182,156.01669311523438,4078300
2021-08-12,155.67054507180077,156.06225652243475,154.38611626135105,155.44281005859375,3997100
2021-08-13,155.26970623122267,156.42660381894913,153.74843823626014,156.39927673339844,2966200
2021-08-16,155.49743424632112,157.04602925747622,154.55006289003407,157.0095977783203,3530200
2021-08-17,156.262662165727,156.40841592097968,154.29504206918816,155.46104431152344,3602900
2021-08-18,154.63205787926964,156.49948757324367,153.63913666095507,153.77577209472656,5487400
2021-08-19,152.09057252211994,152.61890557365243,149.73122698583813,150.8425750732422,7336300
2021-08-20,151.4619847200258,153.0470112883781,150.6876802264044,152.8466033935547,4039100
2021-08-23,154.35877863868916,155.67963884518923,154.11282094925335,154.604736328125,3796500
2021-08-24,154.49540504120145,155.65228864971593,153.84863162791552,154.841552734375,3133100
2021-08-25,154.85978875956212,155.48833953791362,154.4316458786514,154.7140350341797,3003800
2021-08-26,154.29502624876622,154.42255729657532,151.46200220829655,152.05410766601562,4069600
2021-08-27,152.62435617972474,153.3543134201004,151.72103252844752,152.90721130371094,3012400
2021-08-30,153.1900685839382,153.66454288527734,151.98565095472534,153.31781005859375,3537100
2021-08-31,152.87986595840414,152.99847411080478,149.8231755690456,150.31590270996094,7545600
2021-09-01,150.48013722727336,152.03128794821484,149.71368824837694,150.1516571044922,4706500
2021-09-02,150.77212692924584,150.9454794507917,148.53662983909356,149.33958435058594,4632100
2021-09-03,148.91072708160263,149.79579809720292,148.01653664622543,148.9928436279297,4254500
2021-09-07,149.36693724373112,149.5129314856529,147.73367017090987,148.39974975585938,5648800
2021-09-08,147.8158091150349,147.89792566752067,145.76281176621498,146.63876342773438,6591700
2021-09-09,150.7903566623992,151.6024305451008,148.91072591745703,149.03846740722656,8414800
2021-09-10,149.86878686328203,151.1553350417485,149.12971014201162,149.26657104492188,4252100
2021-09-13,147.4143415157879,148.65526499601594,144.46715347128887,145.55296325683594,8814500
2021-09-14,145.23357157813658,145.43431018089981,143.31744935554718,144.85946655273438,5323900
2021-09-15,143.70978781094215,144.4579978335891,142.04001527231037,144.08389282226562,6827100
2021-09-16,143.7919530811366,145.08762104756315,143.43610070953198,143.80108642578125,5085900
2021-09-17,144.12950475646636,146.90332539568035,142.40498801525416,142.72433471679688,7944800
2021-09-20,140.26991033189395,141.6750808679642,138.983375807732,140.744384765625,7041200
2021-09-21,141.51082423865068,142.45977304181199,140.13303990501353,141.44696044921875,5857900
2021-09-22,143.0619633800479,144.1660257794446,141.9761676658302,143.65505981445312,6844800
2021-09-23,144.8138753553909,146.25552344851818,144.41239809491324,145.60769653320312,11981500
2021-09-24,137.81539501213987,138.5544855931427,135.0415742084739,136.4923553466797,26913300
2021-09-27,136.41937178209156,136.78435739960486,134.39374685392028,135.0780792236328,11479300
2021-09-28,134.43936550336338,134.6127319232197,132.30425195127143,132.57798767089844,10692300
2021-09-29,132.9520996805164,134.9868440398184,132.93384691884103,133.23495483398438,7794900
2021-09-30,133.1071954521927,134.5670959660556,131.7750224845516,132.51409912109375,10133600
2021-10-01,132.50499165930782,135.04158243170275,131.7294094343392,134.1838836669922,8112300
2021-10-04,134.1838693421746,134.6948352097236,132.99769062234975,134.25686645507812,7951000
2021-10-05,135.04160597675695,137.77893582763716,134.87737286863833,136.373779296875,10881900
2021-10-06,135.04158809535554,136.37376123907518,134.59448593338038,135.77154541015625,7610700
2021-10-07,137.14022976418403,140.20603978650806,137.10372423569626,138.5545196533203,7958000
2021-10-08,138.89211851203464,139.4852010805449,137.47782863007214,139.1293487548828,6333700
2021-10-11,138.6822320724865,140.14213268188678,136.92120964594372,137.1219482421875,5551200
2021-10-12,139.0746229033684,140.15131336718437,138.05269073929756,139.92320251464844,7408600
2021-10-13,140.80824967782715,142.95248297163243,139.7498121614374,142.61488342285156,8456300
2021-10-14,144.33026725573586,144.58576417584976,142.56925845819424,143.38133239746094,6024500
2021-10-15,143.98356558880127,144.4671594577814,142.85213080551486,144.1751708984375,5532100
2021-10-18,143.5364499003549,145.50733072320577,142.2955264847947,145.4708251953125,5765300
2021-10-19,145.6989161792604,145.9270269678097,143.07108936266152,144.0017852783203,6198200
2021-10-20,144.62228511276626,144.89602092908183,143.54560853744883,144.57666015625,4487000
2021-10-21,144.5766022203428,148.12600521956338,144.4214885685715,147.98001098632812,6121700
2021-10-22,148.07128490774332,150.2063987051134,148.07128490774332,149.1662139892578,5323000
2021-10-25,148.9381068401781,150.3067717063659,148.41802143087182,149.8414306640625,3878200
2021-10-26,150.38891082533377,150.96374063468923,148.83774608292308,149.44908142089844,4711200
2021-10-27,149.3213274014321,149.6954324631429,147.50557430399707,148.13516235351562,4163900
2021-10-28,148.7373406897275,150.18813576073796,148.5548548592261,150.06039428710938,3762000
2021-10-29,148.7829780112698,152.95284989530595,148.72823364984066,152.64260864257812,6740600
2021-11-01,153.10795506939684,154.02039817002165,151.36518540573704,151.76666259765625,3610800
2021-11-02,152.15900938077584,153.4364380999384,151.5659269230491,153.1353302001953,5038000
2021-11-03,154.20290261973506,157.7340533901168,153.88354192685497,157.39645385742188,7176700
2021-11-04,157.1318678069809,160.25242224186763,156.94024858675297,160.0790557861328,5460100
2021-11-05,160.34362579553112,163.41856858156777,160.13376777602562,161.9677734375,5892200
2021-11-08,160.90935413648967,161.0827066388491,155.44381468755262,156.80335998535156,8301100
2021-11-09,156.2558902636605,158.70123123565634,155.9821545326577,158.6008758544922,4343000
2021-11-10,156.23762118520096,157.09531988880474,152.87983740905761,153.5276641845703,8185200
2021-11-11,154.75037711884042,154.75037711884042,152.04041961644091,152.35064697265625,4994900
2021-11-12,152.8342224442543,154.8233417608943,152.74297256323646,154.28500366210938,5126300
2021-11-15,154.84160840615036,155.4438242602033,153.76493211203604,154.0660400390625,3856700
2021-11-16,154.4310204704694,158.76512591941906,154.4310204704694,156.78512573242188,4401000
2021-11-17,156.57529192905804,157.6154768409716,155.34348777844247,156.70303344726562,3940200
2021-11-18,157.24131248303854,158.27237758486493,155.4437985606501,156.3471221923828,4044200
2021-11-19,157.07711956708945,161.68496134053797,155.59896577247721,159.56809997558594,6145600
2021-11-22,159.6593146895219,162.1867863698664,158.97498225758153,158.98411560058594,5906400
2021-11-23,157.89829461557667,158.24501355546002,155.48944518442715,157.07708740234375,5302100
2021-11-24,153.73757767172887,157.3325926029724,152.98936747772078,156.96762084960938,4637600
2021-11-26,153.34517689874704,154.82333018584092,152.87070261392608,153.30868530273438,4751100
2021-11-29,154.9602277589787,156.16464552317626,154.41275627893918,154.99671936035156,5448700
2021-11-30,154.01129490389116,156.5296472639787,152.86162138479435,154.42190551757812,11033700
2021-12-01,155.9273865131735,158.19024129543192,152.08599528817015,152.104248046875,6618200
2021-12-02,152.63346458442015,155.61715710566463,152.3779816571404,155.1153106689453,4398900
2021-12-03,155.9608675140868,157.2862992816782,152.43250588576853,155.613525390625,4878500
2021-12-06,156.1528038363267,156.50015984690236,153.6207899678778,154.39776611328125,5636900
2021-12-07,156.40877494366987,158.45632630713874,155.7597697427954,156.57330322265625,5898700
2021-12-08,156.50935791999856,157.03037819533955,155.24791838842745,155.62269592285156,5614400
2021-12-09,154.74511098801244,156.46359155855103,153.55681419975514,153.65736389160156,5171600
2021-12-10,154.02299730421439,155.6135068673178,152.95352178598648,154.53488159179688,4791100
2021-12-13,154.30639086637407,154.8365608239613,151.0613925463473,152.50564575195312,5972300
2021-12-14,152.00287975305187,152.72501324698385,150.1015990891695,151.18934631347656,4872200
2021-12-15,150.8237190855898,151.43615311965567,147.9169413763397,149.81822204589844,7144600
2021-12-16,148.72133845348677,151.6829731343608,148.56594597841357,148.7396240234375,7138100
2021-12-17,147.74328160502415,148.86760010812966,146.7560700116375,147.49647521972656,7705100
2021-12-20,145.65000410112637,145.8876746439906,142.1125068145417,143.49276733398438,8411900
2021-12-21,152.3685329466568,156.4819074035381,150.5586520910139,152.31369018554688,13862900
2021-12-22,152.8712432741355,154.48002430486,149.9918735056907,151.22589111328125,5811300
2021-12-23,151.96634245155056,152.79816156823193,151.22593724027732,151.43617248535156,3876900
2021-12-27,152.21311156379736,153.28258704572036,151.2624573924434,153.18203735351562,3769300
2021-12-28,153.3831585972755,153.79449323389784,152.0120338433329,152.12171936035156,2658600
2021-12-29,152.71587161822669,155.2113145988216,152.28625144144644,154.27894592285156,3830900
2021-12-30,153.84934874736368,155.50383718930559,152.83471578741538,153.0998077392578,2666800
2021-12-31,153.16378376078848,153.31004042503608,151.9297797691828,152.35025024414062,2752000
2022-01-03,153.13635798806314,153.48371406873886,149.2789257529265,150.52207946777344,5670500
2022-01-04,151.6281371292018,152.81643422069158,150.8237393891624,152.0943145751953,6064200
2022-01-05,152.18569964736855,152.66101281478777,148.17287541454937,148.3099822998047,5021000
2022-01-06,148.16372374361632,149.16922071517422,145.39405311481704,147.2039337158203,4144600
2022-01-07,146.95716156540962,147.29536788978584,143.38309286712087,143.483642578125,5108000
2022-01-10,137.58780728487585,138.3282124458489,135.99729749433178,137.51467895507812,10439000
2022-01-11,137.551231767166,137.88030226687846,134.9186817172687,137.38670349121094,8175400
2022-01-12,139.05947055306783,140.2752027855327,137.78889556463938,139.13259887695312,6351200
2022-01-13,140.03752667176647,140.40316827663855,136.2166660485103,136.73768615722656,4990900
2022-01-14,135.64080088278624,136.0521355192539,134.23311893963407,135.44883728027344,6030500
2022-01-18,135.33912609118838,136.04297390315463,133.730345040208,134.32449340820312,6931000
2022-01-19,135.06489237602847,136.28977413575132,132.5603140065422,132.642578125,4823800
2022-01-20,132.96251278422125,134.71755038425553,130.2568211001274,130.46705627441406,5366500
2022-01-21,131.9205165722773,133.7852404806266,130.57681292375005,130.668212890625,7553400
2022-01-24,128.71205223470366,133.7395097985481,127.56944824292083,133.45614624023438,9733200
2022-01-25,132.51465749780678,135.24777159387406,130.26600643630798,132.9808349609375,8195400
2022-01-26,135.08323570991948,136.17099712293677,130.46711202463507,131.61886596679688,7444600
2022-01-27,132.53293214519428,134.69016911949794,131.24407144725035,132.21299743652344,6396400
2022-01-28,131.73765426062914,133.48355636027122,128.52922754355723,133.37387084960938,6130200
2022-01-31,133.70292960568898,135.4488176044418,132.74313962815245,135.34828186035156,6932200
2022-02-01,136.6554687553082,136.8199970729096,134.1874463566464,135.48544311523438,6695000
2022-02-02,135.6042638030505,136.6188968289678,134.8547087984069,135.93333435058594,5491700
2022-02-03,134.7358392081933,135.7047789804827,132.51462403859784,132.82540893554688,5240200
2022-02-04,132.88025874373176,133.89489156524567,131.29889885088988,132.89854431152344,4313400
2022-02-07,132.81628533893675,133.56582627390134,131.82907385685002,132.67002868652344,3877500
2022-02-08,132.30441109784942,132.9991093281136,130.07404579568137,131.1983642578125,5829400
2022-02-09,133.55667973784338,134.69928359093294,133.1544809499077,133.69378662109375,4551000
2022-02-10,131.59143603363816,134.86384192454588,131.49088631423234,132.37754821777344,5142600
2022-02-11,132.32267193960783,132.59689967451393,127.56944234317592,128.13616943359375,6710500
2022-02-14,128.04477299449718,130.9058577992701,127.77968106263262,129.42503356933594,6841200
2022-02-15,131.82905115402335,133.74863102991355,131.7193656575038,133.07220458984375,7820200
2022-02-16,132.560349317108,134.32452319480527,132.18557185834857,133.904052734375,4817500
2022-02-17,133.03567671566725,134.28798031525037,130.3848407373282,130.53109741210938,5202300
2022-02-18,131.05212622623208,131.57316043385921,129.6261584231758,130.668212890625,5177400
2022-02-22,129.42502327397415,129.4707302187083,124.46155871703334,126.31714630126953,9604500
2022-02-23,127.66084666570512,128.8582932722847,124.7814765867823,125.07398986816406,7636600
2022-02-24,121.57307071203493,125.6133169521872,119.68091171352609,125.38479614257812,8417200
2022-02-25,126.26232176541127,127.25866914449539,124.48899805713855,126.874755859375,5424500
2022-02-28,125.28423923222984,126.49083573260565,123.43778729126193,124.81806182861328,6613300
2022-03-01,124.97345113700091,125.00087251606143,119.88200122513109,120.86007690429688,6534000
2022-03-02,121.55476740732591,124.87289354204012,121.36281776602914,124.02278900146484,7743900
2022-03-03,124.99172315947425,125.04656591165163,121.98438206894214,122.45970916748047,4576500
2022-03-04,121.40152777838536,122.41847574848484,119.74326441714815,120.18302154541016,7084500
2022-03-07,120.01812220273932,120.04560615052242,113.76068713094959,114.008056640625,11383400
2022-03-08,114.74099544346988,114.95171737400366,110.67321012580943,111.04883575439453,9089400
2022-03-09,116.70160064095612,118.7813011230374,116.01447391487692,116.30764770507812,8845100
2022-03-10,113.6232659762963,115.98698345899345,113.60494567348007,115.46476745605469,7167400
2022-03-11,116.36261683559371,117.15052266834364,112.23985668321984,112.34979248046875,5882000
2022-03-14,111.34200977965236,112.18488352401893,106.96272337977571,107.71398162841797,13884900
2022-03-15,109.79368882770534,110.32506852149946,107.87889898637042,109.39057922363281,10431300
2022-03-16,112.551351501658,115.53806416660218,111.70847776474332,114.6951904296875,11100400
2022-03-17,114.46615691422231,116.72909545898438,113.33010232336716,116.72909545898438,6845300
2022-03-18,116.21604097586916,120.43958778654357,116.07861422232023,120.23802947998047,10350900
2022-03-21,118.84543859402119,121.21831284499979,117.83764714630148,119.27603912353516,14388500
2022-03-22,125.7716725056501,127.34748422012555,121.84131385593612,121.93292236328125,19731200
2022-03-23,121.52061967731933,124.04924033715082,120.20133447058103,121.8504409790039,8068800
2022-03-24,122.53759164890923,122.94070820584054,120.20135813369599,121.0075912475586,5853800
2022-03-25,121.89629411406288,122.64754546082108,120.66863095007378,122.4917984008789,6287000
2022-03-28,122.54674030978711,123.55453163636213,121.09003519379642,123.50872039794922,5804100
2022-03-29,126.29389436949128,128.0346097691343,125.46933393311144,127.47574615478516,7275900
2022-03-30,127.32914957201383,128.13538267600242,126.02819141397731,126.92603302001953,5545800
2022-03-31,126.27559347557097,127.08182678734846,123.22474858037468,123.27971649169922,7206500
2022-04-01,123.17888876942284,123.93931052878712,121.62140465079922,122.32685852050781,5807500
2022-04-04,121.89627328608094,123.87520143832604,121.72219896070368,123.078125,5307300
2022-04-05,122.80328494247848,123.38963253533636,120.95263365292574,121.20915985107422,5707800
2022-04-06,119.14777694861188,119.37681919035099,115.73962727316358,117.59944915771484,6961000
2022-04-07,116.74740953060756,119.0836361582687,116.43590845303078,118.53394317626953,5320500
2022-04-08,118.58890921206145,119.03782304335867,117.1596809200392,117.40704345703125,4877400
2022-04-11,114.61274342651119,116.234366512185,113.89813270664744,114.5028076171875,6365400
2022-04-12,114.70433789876068,117.36123596716477,113.91643212394116,114.55775451660156,5146800
2022-04-13,114.55775721148254,117.14135316486366,114.55775721148254,116.8023681640625,5119300
2022-04-14,118.2591019898543,123.11480072361101,118.08502763458746,122.27192687988281,12811300
2022-04-18,120.93429203765511,122.20776622038169,119.38596439528108,120.5953140258789,5298200
2022-04-19,121.93292362682534,125.95490480519148,121.64891348574344,125.56095886230469,7346100
2022-04-20,126.39466193825795,127.02680670807888,124.28747076663946,124.4798583984375,5309700
2022-04-21,126.9352300646853,127.47576647203198,123.75612220779014,124.1042709350586,6562400
2022-04-22,123.06896696809768,123.61865990671375,117.92010235103399,118.24992370605469,7321700
2022-04-25,117.08638230540204,118.13081423949397,114.38367999294613,117.21464538574219,6512500
2022-04-26,116.3076460426331,116.89399361465453,110.3800387751605,110.41667938232422,7977900
2022-04-27,110.93889771881251,113.60495278855822,110.93889771881251,111.07632446289062,6007800
2022-04-28,112.84452906755261,117.24214286921452,112.32231304021403,116.3992691040039,6551600
2022-04-29,115.63884227021187,117.6818950487428,113.83398837835777,114.24626159667969,5867900
2022-05-02,113.99888675773748,115.60218219562829,112.50553409477772,115.51056671142578,5428400
2022-05-03,114.53944539365337,115.21741548684781,110.14183838411857,112.5605239868164,8201200
2022-05-04,112.26735193666983,115.62052689685989,110.01357699855178,115.49226379394531,6924000
2022-05-05,113.70572853225828,114.29207609895151,106.75200259221579,108.68511962890625,8411600
2022-05-06,104.2050546822279,106.18398297439747,101.38325962127357,104.89218139648438,11237500
2022-05-09,103.49962077236597,104.8372267734114,101.31913391615862,101.88716125488281,7506000
2022-05-10,103.5545872577043,103.93021992568997,99.26691579700906,100.31134796142578,7526900
2022-05-11,101.41990398576613,101.83218422348294,98.57061787923622,98.87295532226562,6611800
2022-05-12,96.36265633128977,100.66864786359143,96.19774563061613,98.8546371459961,10245400
2022-05-13,101.01679771682245,103.62787801589441,99.56008534587816,103.53626251220703,9618800
2022-05-16,103.50877031508746,103.93020719033171,102.20780510302163,103.1606216430664,5722500
2022-05-17,105.81750626759032,107.28337508632143,103.59121559639391,106.18397521972656,6026100
2022-05-18,103.06900705912554,103.85691291671823,99.66085744066682,100.20140075683594,8188300
2022-05-19,99.81663135167719,99.96322177850645,97.37046126994808,97.51705169677734,7702000
2022-05-20,99.56006710779425,100.49456324773685,96.26186065053237,98.94623565673828,7621900
2022-05-23,98.4607001740407,99.63339557368687,96.94901967082157,99.52345275878906,7136400
2022-05-24,98.13085042850267,98.93707653587425,95.95037098527098,98.29576110839844,6023400
2022-05-25,94.78683225587267,99.76162959427008,94.78683225587267,99.12947082519531,7158800
2022-05-26,100.77858327537318,103.98517456140777,100.77858327537318,103.47212219238281,6520300
2022-05-27,104.6448177626193,106.28476100897191,104.45242312341337,106.26643371582031,5043000
2022-05-31,107.64986143517227,109.74788936064407,104.85554308709924,108.88668823242188,13774600
2022-06-01,109.78452986141181,110.62740364016233,107.75063362021615,108.7309341430664,5543100
2022-06-02,109.4913694041345,113.22017730385102,109.26232713267818,113.0644302368164,5838100
2022-06-03,110.40553178299106,112.54549595545701,110.21266046802788,111.08517456054688,5201500
2022-06-06,111.59031865840943,112.17811895332348,109.68915054673663,110.42390441894531,3963400
2022-06-07,108.98194157830648,112.02197149084716,108.79824963053385,111.7464370727539,5373600
2022-06-08,111.03925762771978,113.72109737016665,110.62595594368993,112.41691589355469,4365800
2022-06-09,111.45255627592844,112.07709499231265,108.9176630144711,108.92684936523438,3892600
2022-06-10,107.54000690530349,107.54000690530349,104.94083015658907,105.37249755859375,6292600
2022-06-13,101.38646356055138,102.88351635565228,100.33025748715018,101.43238830566406,6423100
2022-06-14,101.36808489508296,102.76410867799773,101.03744639255262,101.68953704833984,4548400
2022-06-15,103.01211292324862,105.36331432284513,102.13959174249034,104.18771362304688,4828700
2022-06-16,100.5782393489779,100.9364299360735,97.09735530387897,98.38317108154297,7384800
2022-06-17,97.49227535270795,99.69652976857681,97.21674092304998,98.58521270751953,10256800
2022-06-21,99.61386794801993,100.86294523321587,99.22812534712665,99.81592559814453,6211400
2022-06-22,96.80344829969057,98.18110646237935,96.07788082648534,96.36259460449219,9884000
2022-06-23,96.44526092484011,99.28323347033195,95.89419904298201,99.19139099121094,8898400
2022-06-24,100.96397704141111,103.7284797770912,100.67007690721844,103.700927734375,10463700
2022-06-27,103.08556934915971,103.97645610975043,100.88131481919825,101.48748779296875,12644700
2022-06-28,99.3750852417564,104.74795836188919,94.12162066919731,94.39714813232422,31296500
2022-06-29,94.59000797136393,96.99632009705213,93.24908819368682,94.82880401611328,10326600
2022-06-30,93.62565187927379,94.94819896332808,92.56025952645567,93.86444091796875,9027400
2022-07-01,93.3501238510412,94.13998182005321,91.41221732324806,92.92764282226562,7934300
2022-07-05,92.25717054668924,95.86663515015718,91.94490473202538,95.81153106689453,9948800
2022-07-06,96.33504013917002,97.09734598506107,95.01248609397413,95.72887420654297,6432900
2022-07-07,97.03306657584666,99.44855824550545,96.68405532586519,99.310791015625,7633900
2022-07-08,97.88721466241292,99.75164441339432,97.82292422296985,99.12710571289062,5938600
2022-07-11,97.90558905534847,98.35562217143584,96.31669362202379,96.53711700439453,4935200
2022-07-12,96.44525145811923,97.22592296471797,94.73695488704699,95.29720306396484,6017400
2022-07-13,93.62566726257946,97.24431190110326,93.27665598276505,96.53711700439453,5299400
2022-07-14,94.70024068618883,95.333965803912,93.5430056473001,94.80126953125,6951300
2022-07-15,96.21565644529029,97.00551442143585,95.45335051366317,96.1605453491211,7862000
2022-07-18,97.5290271581198,97.97906024846998,95.22374360144566,95.46253967285156,6834800
2022-07-19,96.9871408017084,100.6425304943966,96.83100787949466,100.28433990478516,8973900
2022-07-20,100.31188832475621,102.52532222143128,99.99043614147959,102.04773712158203,5884600
2022-07-21,101.36810281567948,102.5620691684448,101.09256834581606,102.51615142822266,4291400
2022-07-22,102.80085785021832,102.80085785021832,99.88022210962403,100.22004699707031,6039300
2022-07-25,100.6700832684304,100.6700832684304,98.89749600131753,100.36699676513672,5079500
2022-07-26,98.71379715358961,99.12709177659957,96.04113710292228,96.6197509765625,8459500
2022-07-27,97.6300429530186,99.54039024765824,97.1248988323617,99.06280517578125,7437000
2022-07-28,100.50475415771095,103.23251840611104,99.21893848754299,103.07638549804688,6773500
2022-07-29,103.56316519718435,105.81333754443972,102.40593030084592,105.54698944091797,7560000
2022-08-01,104.70202749652405,106.12561049779461,104.01319836825745,104.9775619506836,4802900
2022-08-02,104.30710051830626,104.49997183706739,102.56206529177348,102.6539077758789,6334400
2022-08-03,104.16932482727019,105.71230225916091,103.39783961489074,104.95918273925781,5986500
2022-08-04,105.28982987400832,105.94192062080553,104.54589664305264,105.14288330078125,4332000
2022-08-05,103.59071077921564,104.9775552982382,103.38865312658737,104.58262634277344,4162200
2022-08-08,104.7020492553711,106.15318460220148,104.06832408338475,104.7020492553711,6071600
2022-08-09,102.24061315324154,102.63554214154352,99.9445160136097,101.12930297851562,7377600
2022-08-10,104.00402052940946,104.54590313170145,102.73657735224096,103.91217803955078,6951800
2022-08-11,105.51025018424602,107.22773331755299,104.4540511362885,104.79386901855469,5582100
2022-08-12,105.06021766890376,106.65829927819169,104.49078306921164,106.60319519042969,4407900
2022-08-15,106.03375753367486,107.07159787081862,105.4826956505459,106.83280181884766,4279000
2022-08-16,106.48379200030766,108.80744094029998,106.36439047702905,108.43087768554688,6189800
2022-08-17,107.24608196257775,108.35739893561266,106.91545048316028,107.49406433105469,5108400
2022-08-18,106.53890172365388,107.16344039335368,105.89599736093291,106.54808807373047,4750200
2022-08-19,106.07967771674801,106.21744493339091,103.81113283837432,103.93053436279297,5967600
2022-08-22,101.96506136222312,102.57123426747583,100.88130341624228,101.34052276611328,5802900
2022-08-23,101.79974043009429,103.62743845744717,101.55176506840834,101.65279388427734,4806700
2022-08-24,101.6528244394906,103.26009262054056,101.04665136207069,102.32328796386719,4769000
2022-08-25,102.77330255051211,104.09584965031551,102.30489680311719,103.98564147949219,5433700
2022-08-26,104.06828520030382,104.45403477359112,99.4026220038954,99.44853973388672,6203600
2022-08-29,98.09844750685932,99.68734973863533,97.75862963015446,99.0811767578125,4132400
2022-08-30,100.08227275955672,101.10174034333217,98.39234179810315,99.06280517578125,5129500
2022-08-31,99.1546515504452,99.20057629308644,97.18000673811386,97.76780700683594,8884800
2022-09-01,97.17083213575123,97.85966126618293,95.33395445460002,97.80455017089844,5590800
2022-09-02,98.97892195748591,99.6144672616017,96.75913030224477,97.39466857910156,7763800
2022-09-06,97.11834757202014,98.01179326166606,95.49725031067557,96.85123443603516,9158900
2022-09-07,96.78676360717188,99.99210732592076,96.71307576766385,99.91842651367188,7238300
2022-09-08,98.55521571510678,100.20394399884545,97.7078267618553,100.148681640625,5628300
2022-09-09,100.74739048334717,102.8750829365991,100.67370967082725,102.21190643310547,5171500
2022-09-12,102.58953565012072,104.41327088070554,102.58953565012072,103.51061248779297,4836900
2022-09-13,100.24999880344387,100.31448092771163,97.11834320327169,97.3762435913086,5955600
2022-09-14,97.7538746122644,98.88680212604964,96.85122331715826,98.55521392822266,4888700
2022-09-15,97.77231590196676,99.605256994608,96.55649465563933,97.17361450195312,6598900
2022-09-16,95.85647782649743,96.98019282893385,95.10119500920958,95.90253448486328,8000800
2022-09-19,95.50646951167464,98.89603290905069,95.17488125333551,98.7486572265625,5162300
2022-09-20,95.62620185362053,96.19727205173967,93.68272906543095,94.3366928100586,10006600
2022-09-21,94.56696754549142,95.45120056277112,91.89584301962563,91.91426849365234,6279300
2022-09-22,91.91425855623642,92.30110914186037,90.1089487960661,90.77212524414062,9638800
2022-09-23,89.27077822995271,89.84184848106442,87.81547493106969,89.36288452148438,9026500
2022-09-26,88.50628413929742,90.0168568601814,88.15627741471707,88.47865295410156,8521600
2022-09-27,89.40894492363037,90.02606483271138,87.502315797347,88.69050598144531,9890300
2022-09-28,89.4457695657508,91.58266748348944,89.12339408775844,90.9102783203125,9423300
2022-09-29,90.36685956540234,90.36685956540234,87.02335278748262,87.80626678466797,19339200
2022-09-30,76.72571540247932,79.3968330281574,75.98885100606212,76.55992126464844,48176100
2022-10-03,76.56911710060969,79.64551747757521,75.73094080935319,78.65996551513672,19108200
2022-10-04,80.778434500761,82.04031227706184,80.23500254871527,81.64424896240234,15114800
2022-10-05,80.58502938030195,84.46276292924475,80.27186655544084,83.91011810302734,12732700
2022-10-06,83.34824927983308,85.32856608126296,82.72191668745664,83.05350494384766,9951900
2022-10-07,81.55214275105374,81.75478077647351,79.84815203396874,80.28105926513672,8554700
2022-10-10,80.83370408172003,80.85212252621538,78.35600517521591,79.84815216064453,7991200
2022-10-11,79.24946541652928,81.28504473024206,78.98235224496608,81.04556274414062,11903200
2022-10-12,81.05475450219171,81.86529951740077,80.41920929203154,81.52450561523438,8772900
2022-10-13,79.57183369475574,82.72191504049417,79.25867091843212,82.49164581298828,9335000
2022-10-14,83.36666833191192,83.70746227170844,80.58501228726549,80.6402816772461,7811700
2022-10-17,82.46401711156173,83.53246973242541,81.69952156669473,82.86929321289062,8451900
2022-10-18,85.29170771078154,85.57724628873423,82.11399565720309,82.60216522216797,7364700
2022-10-19,81.29425659163415,82.65744659295973,80.8337180995426,81.57978820800781,5102000
2022-10-20,82.40876221984527,83.43115827566625,79.77448137675374,79.97711944580078,13500000
2022-10-21,80.15210017776657,81.77319731610423,79.86656861801272,81.51529693603516,7976300
2022-10-24,80.861349670086,81.8284762917317,79.43367752689412,81.0639877319336,8847100
2022-10-25,81.08240211741577,84.67460359832978,80.95345190765686,84.4811782836914,8639900
2022-10-26,83.61537019403644,86.9036148524336,83.54168234638509,85.09830474853516,8648200
2022-10-27,85.54960326205543,86.10225491610879,83.09954283993346,83.394287109375,8617900
2022-10-28,84.00220780266304,86.47069409739768,83.32061288593106,86.42464447021484,6022400
2022-10-31,85.66014653080286,86.47990436015351,85.36540222167969,85.36540222167969,6426400
2022-11-01,88.13784232531441,88.84706837804823,85.63251227412341,86.36936950683594,7250700
2022-11-02,85.77989062149152,86.98650615948453,83.07192926811715,83.17324829101562,7176600
2022-11-03,82.86929460024186,84.37986024124487,81.71794840879082,83.2653579711914,6550300
2022-11-04,86.99571087358892,90.47738747767642,86.53517242105058,88.2299575805664,12543300
2022-11-07,88.70890808776751,89.22471589598287,85.3561889570313,86.06542205810547,9094500
2022-11-08,86.98649740497271,88.45100618032615,85.60488217059772,86.3509521484375,7017800
2022-11-09,85.35619028294431,86.48911790415437,84.70222656057021,84.8311767578125,6550900
2022-11-10,88.72734747004988,91.81295395803457,88.63524117719028,91.63794708251953,9361000
2022-11-11,92.39321787222565,98.74864963192468,92.23663649206891,97.717041015625,12597500
2022-11-14,96.8972846210374,98.03942500780835,96.08673949932866,96.15121459960938,7134900
2022-11-15,99.46708605739252,100.68290720599968,97.20123787259095,98.2881088256836,7242900
2022-11-16,96.94333757325519,98.18678990389748,96.50121759731687,96.92491912841797,5998700
2022-11-17,95.89332389267504,97.0815140270454,94.79724004983721,97.04467010498047,5252900
2022-11-18,99.13549343511872,99.21839400127709,95.94856855100271,97.09991455078125,5498900
2022-11-21,96.35386065218161,97.15520013140998,95.4235709616649,95.63542175292969,4774800
2022-11-22,96.36306917920098,97.78152846865882,95.64462328407882,97.60652160644531,5313200
2022-11-23,97.63415533590117,98.5368138262838,96.92492918630431,98.23285675048828,3873100
2022-11-25,98.04864633047589,98.72103564955539,97.22888834182693,97.59732055664062,3426100
2022-11-28,96.94334453076861,97.91047809471081,96.39069979162699,96.67623138427734,6967400
2022-11-29,97.05387290909283,98.38943156777223,96.82360369019922,97.86441802978516,8494400
2022-11-30,98.62891717046378,101.03292846679688,97.12755731030975,101.03292846679688,16251000
2022-12-01,101.401371172437,103.03168152014328,100.90399573907138,102.34087371826172,7822900
2022-12-02,100.38219266169249,104.13324145514957,100.09577756671109,103.66204833984375,5892000
2022-12-05,102.57183386694659,102.67346388560456,100.88109465864304,101.27837371826172,6220100
2022-12-06,101.30607306966468,102.11910603651624,98.62675011121046,99.71695709228516,7086100
2022-12-07,99.15338748045033,100.81641767579558,98.91317044138293,100.08653259277344,5751500
2022-12-08,100.3359860932641,103.00606843804798,100.20664008027886,102.8859634399414,6192800
2022-12-09,101.83272360289939,102.90444882583218,100.94577640324923,101.09359741210938,5677700
2022-12-12,101.72183896603586,103.63432015163866,101.36151693460555,103.54193115234375,6426000
2022-12-13,106.8125582736682,107.58863436844315,102.78433565618033,104.26258087158203,8655300
2022-12-14,105.04790057898197,105.43594568479394,101.84195905239228,102.9691162109375,7528500
2022-12-15,100.88107786453338,101.2783568580153,99.53217889915538,100.25282287597656,7500700
2022-12-16,98.73763908214177,99.42132617970543,97.12080681908398,97.88764190673828,14083600
2022-12-19,97.00068978399081,97.48112386481422,94.65397251690585,95.20832061767578,10620300
2022-12-20,95.16211351010475,95.53167652573488,93.94256049270508,95.35613250732422,17147900
2022-12-21,107.87504890584897,110.11089522351561,106.56309967546294,106.96961975097656,32777300
2022-12-22,105.59300349735356,107.93047981033433,105.38050244670573,107.82884979248047,17147600
2022-12-23,107.27450073651107,108.25383678234972,106.96961070565726,107.40384674072266,6603700
2022-12-27,107.60711415084413,109.20546433357494,107.00657506214837,108.61416625976562,6661100
2022-12-28,108.63264857995392,109.24242163633721,106.21201723775583,106.23049926757812,5437800
2022-12-29,107.2467880392179,109.08535519745077,106.9880960228429,108.4201431274414,4588600
2022-12-30,107.69027220239961,108.32776836138852,106.96038703239935,108.10603332519531,4355500
2023-01-03,109.52884502759106,110.39731017682114,108.50331080825705,109.713623046875,8124800
2023-01-04,110.8315395056818,112.92880584547362,110.43426044454256,111.98641967773438,8550700
2023-01-05,111.12719885472981,113.03043929917109,110.94242082959506,111.44132995605469,6046700
2023-01-06,112.71629581833452,115.82061403756543,112.50379478211045,115.05377197265625,10080700
2023-01-09,115.48802093381224,116.97550720734608,115.07226687798227,115.34943389892578,9397900
2023-01-10,115.68201165800569,116.71678660996213,114.90593573065912,116.26406860351562,5899900
2023-01-11,116.70755759148169,118.49992662882353,116.42114959583411,118.20428466796875,6989200
2023-01-12,118.58309075110677,118.68472076076549,116.83690560734726,118.15808868408203,8366400
2023-01-13,117.02169179530871,119.39611790222246,117.02169179530871,119.0450439453125,4856500
2023-01-17,118.25972259583273,119.22982470228317,118.10266059347904,118.38906860351562,6172200
2023-01-18,118.07493992364303,118.80481791717044,116.41190982095515,116.80918884277344,6828800
2023-01-19,115.29398900299029,115.89452805441107,114.20378192541719,115.05377197265625,5273500
2023-01-20,115.1923649778496,117.00321619169463,114.60106691001569,116.9847412109375,5673200
2023-01-23,117.24342985967182,118.95265100808042,116.91082382498564,118.52764892578125,5581600
2023-01-24,117.16028231302663,118.26896446693853,111.28425138986923,117.17876434326172,5486200
2023-01-25,116.28256285654115,117.34505391064602,115.3309428246412,117.16950988769531,5933700
2023-01-26,118.68472334763615,119.17439137821275,116.42115414087955,117.82548522949219,5838800
2023-01-27,117.40049020203273,118.79558732507769,117.05864315765442,117.82548522949219,5730000
2023-01-30,116.87386628449461,117.85320235504778,116.60593325505805,116.7537612915039,6494600
2023-01-31,116.79996039678771,118.12114360696873,116.42116336247722,117.64071655273438,7686900
2023-02-01,118.1673464523444,120.31080387562017,116.61518714246682,119.64559173583984,6387900
2023-02-02,120.52328556780385,121.3178436481004,118.13037736118265,119.23905944824219,5214500
2023-02-03,117.14180532948741,119.57167065050932,116.81844029419236,117.89940643310547,4930200
2023-02-06,115.9684418886282,116.50430796924348,114.85975976561572,116.16246795654297,4666400
2023-02-07,114.5271489577535,116.34724112391007,113.87117790654482,115.79290008544922,5288900
2023-02-08,113.99128160413188,114.65649366225759,112.53151853083234,113.55705261230469,5877800
2023-02-09,115.22007503220938,115.50648303656499,112.25434383117121,112.88259887695312,5929000
2023-02-10,112.26358281863037,113.30759185503616,111.36739476447751,112.92879486083984,5195500
2023-02-13,113.47388141677256,116.15320424753064,113.14127543508796,115.62657928466797,5689800
2023-02-14,114.51791071512349,116.74452298616539,114.3238916994075,116.59669494628906,4845900
2023-02-15,115.39562262338409,117.79777185537499,115.39562262338409,117.779296875,5687900
2023-02-16,115.88529379374735,117.52984199584776,114.66574064003466,114.91519165039062,4722200
2023-02-17,114.29617795368789,115.38638509833174,114.04672694252311,115.3401870727539,5161500
2023-02-21,113.89888426110298,114.56409627048605,111.77390928538279,111.88477325439453,5110300
2023-02-22,111.88477452497357,112.16194854830685,110.53587551232991,110.77609252929688,5022000
2023-02-23,111.5706614412159,111.5706614412159,109.52883421964185,110.83153533935547,4101900
2023-02-24,108.99295944620195,109.70436244716014,108.41089539658964,109.05763244628906,4693000
2023-02-27,110.18480619052019,110.70219023676844,109.31633407103583,109.5103530883789,4239800
2023-02-28,109.70438180484393,111.23806614728784,108.88210763771713,109.75057983398438,8414100
2023-03-01,108.97446980453145,110.67445676477801,108.86360584002979,109.55653381347656,4120500
2023-03-02,108.60492930414675,110.83153451011195,108.60492930414675,110.48045349121094,4443200
2023-03-03,111.3050563341258,112.14820967792947,110.27659813641633,112.05555725097656,3871800
2023-03-06,112.23160101147316,113.02842465185245,111.14755271081559,111.34212493896484,5183800
2023-03-07,111.36991464558687,112.12967586306264,110.47117832101507,110.80472564697266,5345700
2023-03-08,110.50823975215248,111.22167832971817,110.00791520106608,111.05490112304688,4175200
2023-03-09,111.25873922239866,112.9079765390387,108.9145980654489,109.21109008789062,5635900
2023-03-10,110.10056636590615,110.24880884294699,108.07144488626201,108.85900115966797,5979600
2023-03-13,107.3116829773747,109.6002340795007,107.28388795490797,108.27528381347656,6038200
2023-03-14,110.2580795288086,110.71208140639219,108.61810952345616,110.2580795288086,6050800
2023-03-15,107.77494951379884,109.91525101747497,107.3024129368699,109.48904418945312,6599200
2023-03-16,108.27529844546585,111.93512298932879,108.0436638017042,111.78688049316406,5658700
2023-03-17,112.26867366463833,112.78754005607874,109.95232730495398,111.54597473144531,12868900
2023-03-20,112.1018831604146,113.66773537607178,111.00856752543946,112.29645538330078,7594100
2023-03-21,114.42750292548193,116.79943918560511,113.93643865934027,116.38249969482422,15078800
2023-03-22,114.57574731204268,116.0582074078022,110.56383415529403,110.72134399414062,17625500
2023-03-23,111.62008953412177,114.21439298371459,110.69355107306846,112.08335876464844,7628100
2023-03-24,111.39773371337799,112.11116529126673,110.55458023421764,111.84246826171875,6158800
2023-03-27,112.12969016223062,112.1760199164555,108.97019744029244,109.15550231933594,6564200
2023-03-28,109.28520779180549,109.73921672376892,108.26601690647004,109.21109008789062,4461400
2023-03-29,109.92453122273317,111.71275087797274,109.7855490287028,111.63862609863281,5644000
2023-03-30,112.13896388219393,112.51884809536898,110.5731114105,111.27728271484375,4578900
2023-03-31,112.03703650828514,113.69554131278079,111.74054446367255,113.63068389892578,5659400
2023-04-03,113.50096989941389,113.8252569710552,111.94438488660766,112.73194122314453,4838400
2023-04-04,112.46322997327006,114.844433410825,112.44470231534652,114.6035385131836,5895300
2023-04-05,113.96423063488993,114.26999002337979,111.70347452934428,112.01850128173828,4331400
2023-04-06,110.73062435752848,111.63862818012413,109.1925669677242,111.38846588134766,4256900
2023-04-10,110.53604159923789,112.95430755615234,110.37852468794954,112.95430755615234,3731200
2023-04-11,113.07474713718656,114.96488632067074,113.07474713718656,114.2421875,4471000
2023-04-12,115.5949508735868,115.68760331431727,114.16808066576748,114.57575988769531,4524900
2023-04-13,115.48375300003441,117.36462494135891,115.31697579460564,117.14225769042969,5355300
2023-04-14,117.67037792247613,118.12437976350738,116.27130294583058,116.697509765625,4828700
2023-04-17,116.77162657024532,117.18857306714021,115.9377406453821,116.91987609863281,3917900
2023-04-18,117.88349638469137,117.92981906830302,115.83584008043562,116.93842315673828,3857700
2023-04-19,116.74385450349196,116.81797928225912,115.74319119691931,116.43809509277344,3547400
2023-04-20,115.63200285699733,116.14159476961669,114.62207225782112,115.30770874023438,3891600
2023-04-21,115.26139413658422,116.44736231974531,114.53869521677842,116.30838012695312,3651400
2023-04-24,116.28985106808268,117.79083893918698,115.95629663696442,117.75377655029297,3790900
2023-04-25,117.23490348563041,117.45727072397091,114.93709219528216,115.50228118896484,4383300
2023-04-26,115.08534497942806,115.79878357523334,114.2329312652833,114.74252319335938,4003200
2023-04-27,115.29844798015763,116.75311307651832,114.09394515713879,116.46588134765625,4252100
2023-04-28,115.9562846704676,117.73523674022816,115.7802401086205,117.41094970703125,4421400
2023-05-01,117.59625818239626,119.22696076206364,117.54066813754524,118.52279663085938,4112600
2023-05-02,117.80938085073923,118.20779271948057,115.97483136773938,117.91130065917969,3831600
2023-05-03,116.27132354886288,118.94902652830204,114.58502362872531,117.42949676513672,4560100
2023-05-04,115.76171448649751,115.99334909555874,113.79745045684446,114.58500671386719,6177100
2023-05-05,116.6789775466906,117.69816834278635,116.0211361504022,117.29048919677734,4887800
2023-05-08,117.91129326096654,118.30970510470996,116.72532509417532,117.5592041015625,3892600
2023-05-09,116.06746008485655,116.42881655750469,115.04826927772149,115.90995025634766,4082100
2023-05-10,117.01255117611417,117.17006102882898,113.19520990811765,114.43677520751953,5052600
2023-05-11,114.38116200967255,114.76104614462278,112.94503173909898,113.24152374267578,5923100
2023-05-12,112.10189509146578,112.29646733506037,110.28588041565499,111.37919616699219,6574200
2023-05-15,111.01783224595518,111.17534207945675,109.34079998224846,111.027099609375,5518200
2023-05-16,108.86826093366939,109.18328059349892,107.5896404990068,107.9231948852539,8306400
2023-05-17,107.83054586567565,108.52544972637223,106.78355992704009,108.386474609375,7765400
2023-05-18,108.80340149846677,110.39704863214361,108.26600754521726,110.13761901855469,5970500
2023-05-19,106.14424738640662,107.00592846676386,104.79150203629494,106.32955932617188,11674300
2023-05-22,104.55986993071967,104.55986993071967,101.93776423856379,102.08601379394531,12710300
2023-05-23,101.70612763847464,102.90136314708992,100.24220218656248,100.78885650634766,11790400
2023-05-24,100.99270328630406,101.08535572874439,99.32493104666537,100.3348617553711,8503200
2023-05-25,100.39044216294666,100.96489856117611,99.52876110006623,99.58435821533203,6729800
2023-05-26,99.13960791115187,100.48308575153595,99.13960791115187,99.61214447021484,7911200
2023-05-30,100.4367667595445,100.88150124528073,98.46323538869247,98.69486999511719,9335200
2023-05-31,97.93512272003493,98.37059697317672,97.12903869896054,97.52745056152344,21465200
2023-06-01,96.52677272485029,96.91591716408892,95.3408046801647,96.01717376708984,12025200
2023-06-02,100.05157749953166,100.78595304391156,98.65719517044978,100.1910171508789,11838200
2023-06-05,100.28399904114951,100.28399904114951,97.7741130728307,97.7927017211914,7434000
2023-06-06,98.0622585443158,99.23354167780289,97.79267711164523,98.71297454833984,7896300
2023-06-07,98.57355043108707,100.61864198383559,97.99720309536514,99.54961395263672,11123900
2023-06-08,99.61468579082641,99.9493310545389,98.2295941152405,98.72227478027344,9137600
2023-06-09,98.45270173499792,98.79664487215503,97.93212745649106,98.40621948242188,5795200
2023-06-12,98.80594381721609,99.32651100919651,97.23493728002309,99.30792236328125,7964600
2023-06-13,99.59609646926395,99.91216020007015,98.80594778054304,99.26144409179688,8460500
2023-06-14,99.91216239604033,105.41532391414768,99.91216239604033,104.91334533691406,17415500
2023-06-15,103.95586271127308,104.87615315503037,102.40345193119254,104.49502563476562,10374200
2023-06-16,105.9730688207813,106.67955793206806,105.09925352766861,105.59193420410156,14445500
2023-06-20,103.56543532555968,104.87615113325593,101.2879397480341,101.82710266113281,10602400
2023-06-21,101.44598913106054,102.58938609174126,101.05556366827095,102.23614501953125,8377800
2023-06-22,103.01697964056109,103.4167029107805,102.05020691509564,102.68232727050781,6002900
2023-06-23,100.16314912464328,102.5243044887147,99.74483718559533,101.80851745605469,14329200
2023-06-26,101.9479449276149,104.30910000900158,101.9479449276149,103.8721923828125,6887100
2023-06-27,104.60657753208895,106.1403997520948,104.51362011406964,105.61053466796875,7138600
2023-06-28,105.35953546252671,105.74067007319844,104.22544368380161,105.07136535644531,6766000
2023-06-29,105.60123726625771,106.22405977116179,104.68094676705643,105.38743591308594,12465500
2023-06-30,103.73277052725871,104.34630230139226,102.06881346220501,102.59867858886719,19629600
2023-07-03,103.2400778324966,103.46318413844993,101.42738342285156,101.42738342285156,5734200
2023-07-05,100.97186928226921,101.24145070184146,99.03832419221679,99.55889129638672,10405300
2023-07-06,97.87635396775833,98.62002036011248,96.37041835303255,97.6997299194336,9923500
2023-07-07,97.42086874175989,98.043691277765,96.70508169048506,97.10480499267578,7463100
2023-07-10,97.12340269456686,98.82454413853645,96.90959423420294,98.33186340332031,5374600
2023-07-11,98.21100948603201,100.04229964958755,98.18312297059857,99.8284912109375,5454900
2023-07-12,100.88823483046562,101.40880210063379,99.67047621252344,100.17245483398438,8305000
2023-07-13,101.39020778003909,101.44598081523792,100.09808045515682,100.24681091308594,6692300
2023-07-14,100.33976165273941,100.99047061471477,99.64257043968189,100.34905242919922,6933600
2023-07-17,99.70764181073528,101.41808085732833,99.24284766648336,101.0555419921875,6682900
2023-07-18,100.93470043561418,102.57077075537912,100.68370762020066,101.99443054199219,5717200
2023-07-19,101.39949158807559,102.48710817680448,100.93469744668418,102.14315795898438,5027100
2023-07-20,101.8549867201603,102.27329860584962,99.91215063515583,99.95862579345703,6458000
2023-07-21,100.39553619548263,101.5947059511033,99.94003991522538,101.38089752197266,6631600
2023-07-24,102.63584415170313,102.76598594194583,100.86962502272914,101.11131286621094,6787600
2023-07-25,100.65582747876009,101.18569256549799,99.82849439757628,100.67442321777344,7692800
2023-07-26,100.67442316694586,101.8735859214343,100.34906156414418,101.60401153564453,5148900
2023-07-27,102.09668986884883,102.46852662614529,99.83778990160334,100.08877563476562,6544600
2023-07-28,100.49779365303161,101.28794230510215,100.05158813970692,100.97188568115234,5988300
2023-07-31,101.70625600238795,103.04485828819789,101.37160365788654,102.61724853515625,6406000
2023-08-01,102.25471967659178,102.7474003730094,101.45527311901726,101.69696807861328,4566700
2023-08-02,100.65582046217578,100.87891966940916,99.88426046742363,99.9400405883789,6213200
2023-08-03,99.46594666362165,101.40878277831132,99.14059218175925,100.99047088623047,5084300
2023-08-04,101.05555637030817,102.54289642509293,100.61864867779708,101.14851379394531,5621400
2023-08-07,102.13386307849846,103.12852221741991,101.49244491964976,102.70091247558594,4887300
2023-08-08,101.91077260830005,102.15246757543396,99.79131221456296,101.966552734375,5851900
2023-08-09,102.05951015490449,102.27331151290264,100.67442544008446,101.966552734375,4328600
2023-08-10,102.54289170339433,104.06741607587495,100.87892765578026,101.35301971435547,7276500
2023-08-11,101.23217366362002,101.81781177631055,100.2654009196732,100.47920227050781,5104300
2023-08-14,100.32116615376789,100.67441424156156,99.53101752886467,100.06088256835938,5305200
2023-08-15,98.60144002208366,99.29863131301728,98.16453234501381,99.04764556884766,6197600
2023-08-16,98.6014429144558,100.74878988401866,98.6014429144558,99.029052734375,5953100
2023-08-17,99.86567700333735,100.23751376281598,97.40226645051224,97.65325927734375,5692800
2023-08-18,96.5191527217769,97.65325155703842,96.45408182592728,97.43014526367188,5836100
2023-08-21,98.04368059530287,98.05297846425614,95.40364609605949,95.6174545288086,6697600
2023-08-22,93.85123823826677,95.16196120587233,93.6374368910521,94.31603240966797,9814700
2023-08-23,90.1514688218985,92.20585793990028,89.75174560305321,91.79683685302734,20909100
2023-08-24,91.75035831098972,92.20586166420392,90.69062826328361,90.75569915771484,10310000
2023-08-25,91.5644517904686,92.11290550861418,90.923033564261,91.88050842285156,7290600
2023-08-28,92.57771429098653,93.01462201592551,91.90841653580479,92.61489868164062,6006600
2023-08-29,92.98671304527018,94.9667405894083,92.6985429525234,94.60419464111328,8641600
2023-08-30,94.48335519458452,95.57097181439269,94.36251126756005,94.91096496582031,4822100
2023-08-31,95.39435251204306,95.64533822882724,94.45546635688073,94.54842376708984,7046200
2023-09-01,95.10805453015716,96.03143169682346,94.68833246095703,95.47180938720703,6359400
2023-09-05,94.66969318836978,95.09873724939398,93.48515927162734,93.56909942626953,6698700
2023-09-06,93.04675699044054,93.55974104531863,92.3658784469332,93.43849182128906,6096000
2023-09-07,91.64772245825431,92.11407560534253,91.06944199411055,91.33992767333984,9927100
2023-09-08,91.49848371975415,91.52646376931379,90.73366486252583,91.09741973876953,6435000
2023-09-11,91.71300262243328,91.7596336629797,90.08076676765299,90.2766342163086,7584700
2023-09-12,90.46317303977324,90.63106044170101,89.70768328909006,89.81961059570312,6307700
2023-09-13,89.81959907339429,90.65902885936512,89.22266774666791,89.6610336303711,7140700
2023-09-14,90.21135377153456,91.10675095863854,89.44653489613421,90.64972686767578,7075300
2023-09-15,91.54513260384061,91.54513260384061,89.66106173162567,89.78231811523438,10467300
2023-09-18,89.53980301608308,89.88490690196188,88.86825335490498,89.08277893066406,6946300
2023-09-19,88.64439755242705,89.06411249343188,88.05679521182358,88.2526626586914,9386600
2023-09-20,87.64640366002195,88.98017382447075,87.51582535994866,87.7116928100586,10274200
2023-09-21,87.13341354215716,87.19870269305088,85.32396831053812,85.42655944824219,7958600
2023-09-22,85.41724500473912,86.11677473254734,84.45655865043999,84.73636627197266,9289400
2023-09-25,83.94356673189827,84.73636566116933,83.74769926344196,84.50318908691406,8291700
2023-09-26,83.94356870880385,84.59646028570074,83.73837218006925,84.10212707519531,8060500
2023-09-27,84.46588785789488,84.59646618237605,83.20673566269234,83.40260314941406,7631000
2023-09-28,83.10412417010721,83.73836469496482,82.69373826530558,83.59845733642578,16315600
2023-09-29,92.68301179849135,92.77628098940033,88.25265762847522,89.18536376953125,34935400
2023-10-02,89.7263387361959,89.89422614645757,87.42256026758298,88.19670104980469,12776300
2023-10-03,87.97286687547343,89.58645206955812,87.84228854947641,88.69104766845703,10964300
2023-10-04,89.14807339566144,89.78231398944207,88.71902933457227,89.43721008300781,8045400
2023-10-05,89.34392547607422,89.75431847073509,88.8682433337158,89.34392547607422,7430000
2023-10-06,89.343931804559,91.13472608195337,88.66305311664156,90.57510375976562,8532900
2023-10-09,90.26731886249772,90.60309371572338,89.4651908371236,90.36058807373047,5964200
2023-10-10,90.70568499682969,92.20734266477058,90.68703400241348,91.05078887939453,8499000
2023-10-11,91.69435077846722,92.29128221972223,91.41454316811998,92.011474609375,7642900
2023-10-12,92.84157635117776,93.31725850744263,91.89021203864803,92.57109069824219,10705200
2023-10-13,92.8881956173631,94.06340727729105,92.75761733470252,93.1866683959961,8774700
2023-10-16,93.009469238021,95.6770097066626,92.89754192524452,95.17334747314453,10845400
2023-10-17,95.1080713572785,96.6190511489766,95.1080713572785,96.07808685302734,9253800
2023-10-18,96.04076552495142,96.90818263856374,96.00345642032481,96.78692626953125,8757300
2023-10-19,96.78692183807568,97.32789315641658,95.92883381890418,96.1153793334961,8391100
2023-10-20,96.36723169488195,96.78694675780619,95.66770184601783,95.76097106933594,7823500
2023-10-23,95.25728474725494,96.77760045700877,94.92150993503839,95.89152526855469,5966100
2023-10-24,96.68432527108737,98.54040856215705,96.68432527108737,98.10203552246094,9252200
2023-10-25,97.43049866657364,97.97147002520333,96.52577242237881,96.5724105834961,7054700
2023-10-26,95.30391724734996,95.72363217971193,93.22397934604085,93.28926849365234,11222600
2023-10-27,93.0654254585015,93.58773866439284,91.22799306722607,91.38655853271484,9602700
2023-10-30,92.33792063781137,95.18267760486486,92.33792063781137,94.94950103759766,8206700
2023-10-31,94.57639947434163,96.00343866140818,94.57639947434163,95.85420227050781,6558500
2023-11-01,95.64903268505635,95.76095288539142,93.2426487540729,94.0914077758789,7272400
2023-11-02,95.18267502363017,98.4471468768426,95.0334386089539,98.00877380371094,8135100
2023-11-03,99.26793498839425,100.40583784957303,98.91350914474206,99.85553741455078,7568000
2023-11-06,99.76225208601315,100.35918347149845,99.21195885588715,100.0327377319336,5231900
2023-11-07,100.09803372030301,102.0007553100586,100.0140935741001,102.0007553100586,7745800
2023-11-08,102.01008130653565,103.25057516446246,101.57170824688428,102.02873229980469,8639700
2023-11-09,102.42979167104116,102.50440987274399,99.72494234517217,99.799560546875,9154200
2023-11-10,100.1166765042305,100.57370764935906,98.50309882101057,98.96945190429688,8897700
2023-11-13,98.27927543064575,98.60572124579089,97.16935254316724,97.18800354003906,7055600
2023-11-14,98.45648102435871,99.89284967179972,98.28859359502185,98.63369750976562,9674800
2023-11-15,99.63167823947826,101.72093818197776,99.53840904057792,100.56438446044922,11140800
2023-11-16,99.89284045216095,100.73227752136918,99.79957124802317,100.36852264404297,5386800
2023-11-17,100.7882333649024,100.92814072319358,98.4191586767189,98.82955169677734,6352600
2023-11-20,98.86687086826342,99.37986219557749,98.02743374901522,99.16533660888672,6197400
2023-11-21,99.02541937100247,99.51975253753862,98.26060054210083,99.37985229492188,5803500
2023-11-22,100.26592650274402,100.76025969950238,99.63168593883148,100.65766143798828,6280300
2023-11-24,100.26592132877913,100.73227445123857,100.17265212748403,100.39649963378906,2443600
2023-11-27,100.41515395452464,100.93746715485514,99.70629524265922,100.69496154785156,5785000
2023-11-28,101.26392105577685,102.50442212239315,100.8721861239983,101.43180847167969,7287400
2023-11-29,103.34386644440852,104.60301859393107,102.7376058936059,102.94280242919922,9601800
2023-11-30,103.09202344626252,103.1573126008789,101.62767487902306,102.84951782226562,8690900
2023-12-01,103.25194183669038,106.26536858586434,102.70914917529865,106.19985961914062,8051800
2023-12-04,105.82551636974213,107.9218103807264,105.75064694150728,107.7627182006836,10086600
2023-12-05,107.30416522110131,108.5956308460441,107.24800957483959,108.00605010986328,6960000
2023-12-06,108.55818913092187,109.62505352187524,108.15577486837337,108.6611328125,6317000
2023-12-07,106.79880507239002,108.55819392072607,106.79880507239002,107.44453430175781,7294500
2023-12-08,107.15440647380204,108.82957228769632,107.12633222585012,108.47395324707031,6122200
2023-12-11,110.23335387950881,111.75878101816303,109.89644858729999,111.00074768066406,7972800
2023-12-12,112.00210298857407,112.29221310217106,110.97267332554242,111.96466827392578,7378400
2023-12-13,111.69325957563642,113.64918214469039,111.55288119624022,113.39649963378906,8182900
2023-12-14,113.6491873119774,114.72540494308494,112.13311359746103,113.2561264038086,9590500
2023-12-15,113.17190887446915,114.22941276820515,112.86307783950446,113.75213623046875,13633300
2023-12-18,113.62110596852709,114.02351303472406,113.10638763279006,113.36842346191406,6874800
2023-12-19,113.9299307795299,115.42728348696097,113.83634757405437,114.7721939086914,7697300
2023-12-20,113.35906714926875,115.47408192453089,113.23740969270497,113.63982391357422,9176600
2023-12-21,114.4540098292169,115.38985616587463,113.51816349255917,114.66925048828125,16533300
2023-12-22,101.31472063772199,103.69177105429583,100.55668029302599,101.10883331298828,46666200
2023-12-26,101.35215373153079,101.71713320503977,100.58476007698108,101.0901107788086,12846700
2023-12-27,101.38958292403865,101.62354449490631,99.99517396085074,100.25720977783203,10157900
2023-12-28,100.33209285954315,102.38159878427197,99.95775286718087,101.83880615234375,9352900
2023-12-29,101.96982266365296,102.90566906160124,101.15563372705904,101.60484313964844,7667500
2024-01-02,100.70643431733463,100.93103546004369,99.62084903768128,99.71443939208984,9326600
2024-01-03,98.93768554197293,100.58477725495969,97.32802854291106,97.36546325683594,10573700
2024-01-04,95.88682277801156,96.97240804606162,95.73709106445312,95.73709106445312,10420600
2024-01-05,95.88682329269173,97.02855706696185,95.36275158251195,95.53120422363281,8044500
2024-01-08,95.53120019777943,97.03791344099228,95.20365539272038,96.97240447998047,9414200
2024-01-09,96.55126369288665,96.76651148933595,95.92424836835734,96.14884948730469,7759500
2024-01-10,96.1020614751212,97.16892571527065,95.80259093648172,97.1127700805664,6784700
2024-01-11,97.53391031225269,99.20907617973506,97.07534758783967,99.10613250732422,9537700
2024-01-12,99.19970510711943,99.49917562939235,98.00182301802771,98.32000732421875,6680900
2024-01-16,97.27187795925364,97.53391381117561,94.85739251235867,95.19429779052734,10547900
2024-01-17,94.5672909868501,94.8106059343058,93.80925047225347,94.35204315185547,8226200
2024-01-18,94.52048107662289,94.92289529155664,93.65014368804248,94.4643325805664,8852400
2024-01-19,94.53919726368781,95.62478248129814,93.27580609073462,95.25044250488281,8517200
2024-01-22,95.22238617741226,95.27853468546253,93.6688774818909,94.10872650146484,9897400
2024-01-23,95.11006467236327,95.58734832355702,94.73573183372,95.36274719238281,8208000
2024-01-24,95.25044334403555,95.26916426998889,94.23037421775672,94.29588317871094,7879300
2024-01-25,95.01648206624044,95.21300894975886,93.66886099075276,94.30523681640625,10063700
2024-01-26,95.05391933719022,96.64485537418145,94.72637452250868,96.15821838378906,9735800
2024-01-29,96.2798822895101,97.33739337046168,94.83867786852353,97.21572875976562,8860800
2024-01-30,96.71036812316882,97.61814031649652,96.51384122666619,97.4964828491211,7542800
2024-01-31,97.41225170330095,97.6087857372172,94.63279379713876,95.01648712158203,11547600
2024-02-01,95.36276079909423,95.69030564961302,94.15551794437451,95.23174285888672,7666700
2024-02-02,94.40819192213881,94.90419656244433,93.0512173592601,94.24909973144531,8966900
2024-02-05,94.05256528822969,94.13678803892779,92.69559083407762,93.28517150878906,10097900
2024-02-06,93.1167085449367,96.04590494687613,92.77044283725525,96.02719116210938,11368600
2024-02-07,95.82131383549631,97.64621148829058,95.78387912211316,97.13150024414062,9447800
2024-02-08,97.73043208272705,98.22642949297924,96.43896672358322,97.1127700805664,6330400
2024-02-09,97.14085462056413,98.2077188953383,96.70100569080017,97.79594421386719,5449000
2024-02-12,98.02054118694086,100.53797006300196,97.93631844563093,100.30400848388672,7501900
2024-02-13,98.2545174049097,99.01255788934262,97.56199302673339,98.26387786865234,6180500
2024-02-14,98.09541492264903,99.59276766689125,97.75850966270188,99.508544921875,5743300
2024-02-15,100.15427067605695,100.45374121480657,99.04061840317543,99.24650573730469,7201300
2024-02-16,97.91761215043825,97.98312111678034,95.1287937090844,96.86946868896484,14590100
2024-02-20,96.51383617229101,97.17828625612925,95.61542448963897,96.67293548583984,8759500
2024-02-21,96.71970978778755,98.75049446354132,96.32665607117849,98.51653289794922,8888100
2024-02-22,99.01255569287274,99.20908258745732,97.40289868205616,98.3387451171875,6705500
2024-02-23,98.50719598465217,99.77994768467362,98.44168702097203,98.85345458984375,6947300
2024-02-26,98.55398022555815,99.29329972429552,97.10342261710029,97.83338165283203,5831500
2024-02-27,98.10476532171532,98.49781903802007,97.31865074916547,98.40423583984375,5317400
2024-02-28,97.42160177140047,98.67563956954132,97.04726181046556,97.65556335449219,4219800
2024-02-29,98.24516144472004,98.79730741170748,97.0285582287311,97.26251983642578,10811600
2024-03-01,97.55365487521381,97.61939787983192,95.63770667076435,95.68466186523438,7349300
2024-03-04,95.46866037271468,95.58135858144261,92.9891994643904,93.48696899414062,11050900
2024-03-05,92.97979991444771,93.13946047742103,92.04061001632198,92.33175659179688,8670600
2024-03-06,93.91899025355175,94.01290781071525,91.15776964715324,91.69310760498047,10045300
2024-03-07,92.03122813114106,92.41629947908261,91.74008151763974,92.21907043457031,8133900
2024-03-08,92.50082602685022,93.28035548813169,92.0594055568366,93.13008880615234,9043500
2024-03-11,93.82508223689084,95.57197620647395,93.39305569764838,94.9333267211914,8537400
2024-03-12,94.66094961748047,95.20568147191838,93.59027371900605,94.08804321289062,7040900
2024-03-13,94.49191178171685,95.79738538182124,94.22893971341546,95.19630432128906,7326400
2024-03-14,95.98520872547687,96.2575746671468,94.00351738454614,94.1631851196289,8350900
2024-03-15,94.20074797257887,95.00845184383584,93.2991193808198,93.58087921142578,15208500
2024-03-18,92.96102170248844,93.59967113654827,92.52898803244612,92.73561096191406,7207000
2024-03-19,92.51021503886786,93.95656849932966,92.45386593178851,93.88143157958984,6168900
2024-03-20,93.40243383407731,94.33223700560234,93.00797579094872,94.17256927490234,7771700
2024-03-21,94.33225068127079,95.72224793917478,93.69360116223476,94.68914031982422,17176000
2024-03-22,88.14297273263895,89.38270314286443,86.1425007786582,88.1523666381836,41837400
2024-03-25,88.34958984603173,89.7114122768895,87.1286401618179,88.0490493774414,14548800
2024-03-26,88.03966722835928,88.15237260617383,86.79054999347332,86.95021057128906,10816900
2024-03-27,87.5982484773332,88.42474026633668,86.70602084015108,88.40595245361328,11095700
2024-03-28,88.63135919513115,89.04459790544598,87.74851833888677,88.26507568359375,11331700
2024-04-01,88.105414541048,88.20872601772446,86.11433626063192,86.93142700195312,10360000
2024-04-02,86.18008324449124,86.31156928168824,85.1281877814637,85.4193344116211,11107300
2024-04-03,85.47567794549843,85.879529903953,84.79006614051256,84.83702850341797,8876600
2024-04-04,85.41932289903123,85.51324762618583,83.48459389921749,83.65364837646484,12110300
2024-04-05,83.72878344966865,84.76189093658121,83.40006840821246,83.43762969970703,9716700
2024-04-08,83.69121353252558,84.77128336313763,83.40006695309421,84.52709197998047,8452500
2024-04-09,84.52708820720295,85.61655189462292,84.40499610379901,85.46627807617188,7191900
2024-04-10,84.43319368834628,84.62102884720498,83.37190426098381,83.58792114257812,7932900
2024-04-11,85.6822987231717,86.79054310463835,85.30662132572616,86.40547180175781,15330200
2024-04-12,86.4148657071928,87.22256960379309,85.57898725973791,86.40547180175781,10905900
2024-04-15,87.89879211517848,88.20872654706776,86.91264687569166,87.43859100341797,11597300
2024-04-16,87.38223769475742,88.46230761839081,86.0767641794239,87.71095275878906,10388200
2024-04-17,88.85676710554904,89.28879364876924,87.96453946538028,89.0727767944336,10181200
2024-04-18,89.37331272801686,90.0495234249676,88.78161851569098,89.91803741455078,10062900
2024-04-19,89.61751001453148,90.3688648969286,88.74406300906159,88.78163146972656,11241900
2024-04-22,88.87551886957462,89.27937072782026,88.14295204890783,88.4622802734375,8642000
2024-04-23,88.63135740492721,88.96007245153274,88.19933089146701,88.3026351928711,6582700
2024-04-24,88.37777005493368,89.40149079395351,88.37777005493368,88.88493347167969,6493200
2024-04-25,88.28385001621064,89.02581089215835,86.81871607484312,88.22750091552734,5317900
2024-04-26,88.83798159393605,89.61751103938369,88.19933925168165,88.39656829833984,6115700
2024-04-29,88.69710675027588,89.11973938818055,88.00210098443331,88.3402099609375,5030700
2024-04-30,87.26013304319439,87.82364552423923,86.6402642982301,86.649658203125,6493300
2024-05-01,86.22703072036094,86.28338699228813,84.61162279050042,84.84642028808594,9783100
2024-05-02,85.77622332516857,86.82811152585738,85.38176524991027,86.7905502319336,7333300
2024-05-03,87.42918218337725,87.95513338684007,86.28337655277099,86.54634857177734,5736700
2024-05-06,87.16621246339662,87.69216368073151,86.85628524165051,87.68276977539062,6696300
2024-05-07,88.35899986580935,88.58440346699855,87.54190195900297,88.07723999023438,7113500
2024-05-08,87.45735999001212,87.945735551276,87.09107652770176,87.89877319335938,5372900
2024-05-09,87.94575025673323,88.26507857997183,87.35406314147627,87.71095275878906,6429800
2024-05-10,87.41040697991446,87.47614998875854,85.35357872894184,85.4099349975586,10548400
2024-05-13,85.71987330482547,87.12865838958975,85.60717508393327,87.08170318603516,8792100
2024-05-14,87.3352731768627,88.60317820142717,86.96898966233186,87.1474380493164,7811000
2024-05-15,86.6778509501968,86.98778538774904,85.32541497938806,86.09555053710938,15614400
2024-05-16,86.1143310022231,87.19439373987736,85.96405716697852,86.18946075439453,12711700
2024-05-17,86.41487098029019,86.6778430249137,85.78560825585444,86.57453155517578,12019600
2024-05-20,86.6402750946774,87.06290771676379,85.30662705141063,86.18946075439453,9701500
2024-05-21,86.00161087843627,87.2037726924456,85.88890552132929,87.17559814453125,7809700
2024-05-22,86.35851892007112,87.11926770390868,86.07676621514524,86.87507629394531,7611900
2024-05-23,86.8281098912606,86.95020917329263,85.607167229096,85.84196472167969,7729000
2024-05-24,86.18946546215909,86.59331745962416,85.92649340156811,86.17068481445312,6936800
2024-05-28,86.16128041860065,86.89384740262176,85.7949969265901,86.40547180175781,10835000
2024-05-29,86.1049444439765,87.081702960066,85.82318456157421,86.09555053710938,7237300
2024-05-30,86.62150520469366,88.17116312174815,86.36791986759083,87.7673110961914,9300100
2024-05-31,87.81425703826673,89.28878491795972,87.31648752986948,89.27000427246094,12565600
2024-06-03,89.11914295370535,89.80743406493892,88.67600470213169,89.0060043334961,9668100
2024-06-04,88.90229959967743,89.67544476706604,88.07258511552608,89.32658386230469,7838400
2024-06-05,89.87344811690384,89.87344811690384,88.34601176293492,88.93058776855469,7463300
2024-06-06,89.43971948346213,91.26887058023824,88.61942851673777,90.25057983398438,9760100
2024-06-07,89.93944357554007,92.34374022150394,89.85458960127117,91.03316497802734,9397400
2024-06-10,90.26001068245691,91.44800936269107,90.13743425187144,90.51457977294922,7035100
2024-06-11,90.06200671195022,90.51458279102455,89.11914647454371,90.39201354980469,7301500
2024-06-12,90.84456788288566,90.9859983345312,88.1574180754266,88.32713317871094,9861300
2024-06-13,88.6665764988426,89.12857599532514,88.36486151431995,88.79857635498047,8348200
2024-06-14,88.44028706109613,89.36428600184647,87.968856974829,88.0537109375,7426800
2024-06-17,86.7525737987384,89.68486975786877,86.7525737987384,89.57172393798828,6365400
2024-06-18,89.260580753461,89.81687205783744,88.8268658889818,89.36429595947266,6712000
2024-06-20,88.51571012968434,90.59943024122201,88.17627989316259,90.10914611816406,9393800
2024-06-21,90.47686846601523,91.65544377511837,89.96772306926835,91.62715911865234,15124400
2024-06-24,91.74029798428272,92.43801250021997,91.15572208563395,91.61772155761719,9466900
2024-06-25,91.74971819895082,92.06086377252021,89.10028349944344,89.33599853515625,9006500
2024-06-26,88.7137170905087,89.08143920441378,87.82743335084432,88.68543243408203,10160400
2024-06-27,88.41197674168626,89.32655206891651,88.05369254062163,88.8079833984375,25772700
2024-06-28,72.72279838095153,74.53309527625886,70.29022474121837,71.06336975097656,129967000
2024-07-01,71.18594327535867,72.65680284775274,70.04508332581554,72.43994903564453,44369000
2024-07-02,72.43052106056975,72.54366687543781,71.08223067223179,71.6950912475586,26183400
2024-07-03,71.18595686390505,71.58195648691776,70.73338072799505,70.94081115722656,15952000
2024-07-05,71.05394178837693,71.74222567253602,70.507081172571,71.11994171142578,19603700
2024-07-08,71.10108112019421,71.17650445854689,68.82878490539238,68.87593078613281,29905000
2024-07-09,69.11165504563574,69.90365415514331,68.24421820078389,68.31964874267578,23445500
2024-07-10,68.13108085828927,68.48936514881196,67.5747895932263,68.39508056640625,21378200
2024-07-11,68.54594202506242,69.53594823322183,68.15937303649719,69.19651794433594,15876700
2024-07-12,69.36621530075097,69.81879130102628,68.98906983276346,69.22478485107422,14527500
2024-07-15,68.82877962635972,68.8382102404748,67.1693440212018,67.23534393310547,20775800
2024-07-16,67.4239291060311,68.79107340083891,67.4239291060311,68.64964294433594,20980700
2024-07-17,68.38565287986228,69.14936738155534,68.35736822327407,68.8947982788086,11161600
2024-07-18,68.80051585471895,69.705660861254,68.21593989086267,68.24422454833984,14440100
2024-07-19,68.1688058305764,68.65909004492656,67.74451435919391,68.54594421386719,11913300
2024-07-22,68.94195214758484,71.03509610533854,68.8948062521796,70.58252716064453,19385500
2024-07-23,70.36565426639179,70.75223040196336,69.05507916144606,69.20594024658203,11041800
2024-07-24,69.0645049296473,69.19650477314931,67.0185001619142,67.02792358398438,18563300
2024-07-25,67.44278950001089,68.29136512555819,66.85822077509692,67.32965087890625,13855400
2024-07-26,67.88593339799112,68.62136319218365,67.76336416344314,68.41393280029297,8892000
2024-07-29,68.35736782683941,69.64908895334821,68.07450687569205,69.34737396240234,10471800
2024-07-30,69.47937253295581,70.23365639960697,69.26251151530384,70.07337188720703,8515700
2024-07-31,70.2430968553972,71.11995727837721,69.69623611989273,70.58252716064453,14632900
2024-08-01,70.43164817011913,70.5165093216147,69.07393448725676,69.63021850585938,9563500
2024-08-02,68.6685143893574,69.89422840998492,67.81050810081052,69.78108978271484,11526600
2024-08-05,66.99964293658165,68.47050972753878,66.70735857898838,67.33907318115234,13191500
2024-08-06,67.56536176710807,69.05507533631834,67.4239313059904,68.35736083984375,13469700
2024-08-07,68.7156432135759,69.96964890430567,68.38564360902907,68.47050476074219,9571200
2024-08-08,69.04566066897155,69.96965970432456,68.87594553280118,69.9508056640625,8828000
2024-08-09,69.88479331187148,70.31850809534137,69.1776482357561,70.09221649169922,7186600
2024-08-12,70.4410838488241,70.71451416681676,69.81879986475136,70.37508392333984,7067300
2024-08-13,70.95022337603721,74.53309467639389,70.78050826826343,74.01451873779297,22114800
2024-08-14,73.54310204859746,74.570816303855,72.99624135821762,74.03338623046875,13613000
2024-08-15,77.40882704697168,78.31397204668346,76.06053656758317,77.78597259521484,23583600
2024-08-16,78.14425159467604,79.1436883085618,77.72939799393248,78.47425842285156,13794200
2024-08-19,78.4742617552423,79.19083036579758,78.1819701862591,78.52140045166016,9627300
2024-08-20,78.7193928376902,79.10596895660618,78.0405323707319,78.78539276123047,7863100
2024-08-21,78.88911075700474,79.42654078019717,78.46482654680898,79.20025634765625,6915900
2024-08-22,79.62455032604956,79.84141136253419,78.4554055554651,78.64398193359375,8485500
2024-08-23,78.57796890558859,79.42654455981312,78.4648302806605,79.24740600585938,9219700
2024-08-26,78.70054938469514,79.68112494735952,78.61568821818557,79.46426391601562,7853300
2024-08-27,79.26626657414943,80.51084190503497,78.83255169147982,80.41655731201172,14954000
2024-08-28,80.19026868607351,80.54855299833876,77.20139616891927,78.05940246582031,11088600
2024-08-29,78.68167913100261,79.09653991204083,78.12539507774892,78.5025405883789,7477200
2024-08-30,78.82311991217736,79.08711964613205,77.36169075822723,78.55912017822266,13755300
2024-09-03,78.33180933720371,78.54963764456275,76.72180041086418,77.01538848876953,10133700
2024-09-04,75.859971012984,76.7975641550455,75.4527324198803,76.73126983642578,12837400
2024-09-05,76.83545362960373,76.93963145632664,75.96415473841168,76.55133819580078,7596300
2024-09-06,76.59868969991088,77.54575562846064,76.09674591386583,76.36192321777344,8512200
2024-09-09,76.47556974033664,77.26163615415001,74.83714259019185,75.28226470947266,8003300
2024-09-10,75.34855542443844,75.34855542443844,73.44495830090152,73.95636749267578,9748400
2024-09-11,73.87113407930775,74.42989944575159,72.6778291210296,74.24996185302734,8265500
2024-09-12,74.08896239749663,74.88449421932286,73.42601198710264,74.24996185302734,7176900
2024-09-13,74.15525897898117,75.2822624276278,73.97531415522674,74.82767486572266,5814200
2024-09-16,75.13073695628913,75.75579667117096,74.52461537950833,75.57585906982422,9547700
2024-09-17,75.77474239856184,76.69339744996306,75.6326810727352,76.37139129638672,7580600
2024-09-18,76.39033622019267,77.43210722768993,75.9830976087891,76.61763000488281,7637000
2024-09-19,78.22763961083122,78.72011791075408,76.21039190392423,76.69339752197266,15067100
2024-09-20,83.21867678749989,83.3417927437683,80.32065044463427,81.94013214111328,52039300
2024-09-23,80.87944406736831,81.94962612850567,80.54797238697539,81.63709259033203,17712400
2024-09-24,82.81143753424179,83.60696935402684,82.0727273514303,82.83037567138672,21123300
2024-09-25,83.19973554885523,83.4365020172501,82.62202478792857,83.341796875,12392800
2024-09-26,85.16015446916855,85.82310486034477,84.33621185266728,84.65821075439453,13592800
2024-09-27,84.71504712223813,85.48217546221325,84.4877533152832,84.70558166503906,9181000
2024-09-30,84.95180042158034,84.99915660238212,83.08608684193322,83.72061920166016,12027100
2024-10-01,83.34179782711618,84.89498529948749,83.06714785357575,84.41197967529297,20623400
2024-10-02,78.50228891056983,80.71842679022144,77.44157254140318,78.701171875,33208800
2024-10-03,78.03823491592216,79.34518331217596,77.64046895517617,77.75411224365234,18143800
2024-10-04,78.25604635196962,79.11787971914364,77.75410262187434,77.89616394042969,10322600
2024-10-07,77.79199220881425,78.10452568898293,75.85050422956687,76.55133819580078,12767400
2024-10-08,76.4755610703445,77.11009340330048,75.69896742651548,76.49449920654297,10569600
2024-10-09,76.84492492778712,78.54017372010985,76.77863060520642,78.08557891845703,11750600
2024-10-10,78.98530085610194,79.0326498177871,77.68781791686135,77.75411224365234,8370200
2024-10-11,77.69728244558313,77.91510354266332,76.88280524445949,77.80146026611328,10171100
2024-10-14,77.65939876443075,77.69728226503905,76.52292264833758,77.28057098388672,8177700
2024-10-15,76.75969578386984,78.34129413774038,76.75969578386984,77.77305603027344,11804400
2024-10-16,77.79199026850152,79.63876583154567,77.70675780814834,79.49671173095703,11220600
2024-10-17,79.65770638987607,80.27330061560077,78.96634516471536,78.98529052734375,9204500
2024-10-18,79.34517791478741,79.5061773795366,78.25605071255968,78.53070068359375,7214800
2024-10-21,78.46439902711322,78.69169279289825,77.1290400243953,77.16692352294922,7550200
2024-10-22,77.04381309482044,78.05717336582003,76.93016980589246,77.110107421875,7308800
2024-10-23,76.71233943246456,76.75022293628608,75.56639053763693,75.81262969970703,7253100
2024-10-24,76.23879425451771,76.52291687487413,74.84660642074039,74.8560791015625,7424500
2024-10-25,75.026556792564,75.36750107206043,74.36360637108142,74.67613983154297,9385400
2024-10-28,75.12126444041773,75.42432522947762,74.64773150591547,74.73297119140625,6617200
2024-10-29,74.70454940105982,75.26332199304245,74.06054435339814,74.24996185302734,7241100
2024-10-30,73.8711379743872,73.97531579829165,72.37477216334071,72.40318298339844,15691300
2024-10-31,72.16640872142085,73.24606312024477,71.21934295223926,73.04718017578125,13990100
2024-11-01,72.97143188191593,73.99425758208326,72.88619219200393,73.92796325683594,9623700
2024-11-04,73.86165213311489,74.39201384001198,73.02823691590214,73.10400390625,6593800
2024-11-05,73.16084962863204,73.87114913958963,72.92408312497952,73.85221099853516,5629200
2024-11-06,72.80095515419998,72.8767149314808,71.1435899015948,71.33300018310547,16193700
2024-11-07,71.69288184502571,72.32742145496391,71.22882160238709,71.90123748779297,11831100
2024-11-08,71.50347510487653,72.50736264185849,71.26670863101933,71.86335754394531,8140800
2024-11-11,72.11905798479867,73.30289016699977,72.07170180729534,72.54523468017578,9877200
2024-11-12,72.4126561585265,73.331311216193,72.1095953666144,72.6020736694336,9013900
2024-11-13,72.83882944876069,73.19871182835736,72.42211821146273,72.46946716308594,6835300
2024-11-14,72.62100839938647,72.90513103964258,71.66446988443239,71.67394256591797,6991600
2024-11-15,71.97700672174905,73.53966686542118,71.60765160740426,72.6020736694336,13584900
2024-11-18,72.12854375286831,72.16642003109762,70.31964438198848,70.92576599121094,12595100
2024-11-19,70.55640022660054,70.7742285340538,69.70403958412453,69.99763488769531,12028400
2024-11-20,69.76088354844688,69.93134848831232,68.86116653220816,69.47676086425781,12290300
2024-11-21,69.47675637249732,71.56029850338018,69.32522235724934,71.12464904785156,12818600
2024-11-22,72.10013198467384,73.39761500597389,71.81601651997481,73.30290985107422,12248600
2024-11-25,74.34465827369118,75.63266821800454,74.25942582800505,75.0644302368164,18328900
2024-11-26,74.72350115973059,74.72350115973059,73.46390177515184,73.50178527832031,9495600
2024-11-27,73.50178407132044,74.86556126083252,73.48283870727761,74.1931381225586,8713500
2024-11-29,74.06055265409358,74.98868044245407,73.89955318051807,74.60037994384766,7123500
2024-12-02,74.17202280844899,75.29526474384673,73.48665386313262,75.2857437133789,11221000
2024-12-03,75.20007598435733,75.5808373152428,73.8769359879045,75.06681060791016,9414500
2024-12-04,74.0768322190366,74.73364531699626,73.39146329289056,74.60037994384766,15042600
2024-12-05,74.49567010647148,75.1048853134504,74.3433626735177,74.80027770996094,8316500
2024-12-06,75.40949607846399,77.27521863585909,75.0477695412425,75.09536743164062,13931100
2024-12-09,75.61890930805359,75.62842307546018,73.79125648990714,73.90548706054688,12043400
2024-12-10,73.7722281680157,74.32433174760838,72.93455903038502,73.04878234863281,12193100
2024-12-11,73.09637808559907,75.18104073121505,72.6394630388162,75.05728912353516,12033200
2024-12-12,74.92403073021383,75.55228807028654,74.11491737058418,74.2101058959961,6983200
2024-12-13,73.62944450434206,74.08635958163278,73.0773409041546,73.53425598144531,8037300
2024-12-16,73.06782524656323,75.21911340560484,72.97263672612735,73.48665618896484,13034000
2024-12-17,73.63896891470246,74.98114385270328,73.5342593559852,74.24818420410156,12452400
2024-12-18,74.22914136458998,75.20007585741148,73.14396903155183,73.20108795166016,14376900
2024-12-19,73.23915644675104,74.1910560324383,72.75368562457363,73.3914566040039,27067600
2024-12-20,72.30630134533769,74.2481776318138,71.25921311327016,73.23916625976562,49883400
2024-12-23,72.65850055627948,74.6384535311694,72.096875997694,73.06781768798828,14203800
2024-12-24,73.05829765448034,73.40098210720814,72.6870573744282,73.09637451171875,4919100
2024-12-26,72.91551658081038,73.73415091518027,72.85840492199058,73.23916625976562,6363500
2024-12-27,72.83936729660867,73.22964968876094,72.15400556177798,72.74417877197266,6334400
2024-12-30,71.96361268310295,72.1254338819619,70.96412239978174,71.05931091308594,9042900
2024-12-31,71.29729095549726,72.71561951426959,71.18306037386553,72.0302505493164,9425600
2025-01-02,72.58235256896333,73.00119076349911,69.71713242096054,70.12644958496094,10883400
2025-01-03,70.36442712329416,70.62144412036082,69.49820213529964,69.78376770019531,10083500
2025-01-06,70.20259804195828,70.74518054310789,68.50821785459347,68.53677368164062,14947300
2025-01-07,68.91753799081899,69.90751452529078,68.51774186990293,68.62244415283203,10463500
2025-01-08,68.11794112347428,68.36543708227757,67.59440063888935,67.86093139648438,11855000
2025-01-10,68.39399723015974,68.90802397901436,67.67055136928079,67.77526092529297,15677400
2025-01-13,67.74669057480824,69.10790724881537,67.37545032393514,68.61292266845703,14584300
2025-01-14,68.60341533710216,68.7366807223618,67.13748883682736,67.7467041015625,16732900
2025-01-15,68.52726586497812,68.77476185113781,67.43257962178411,67.65151977539062,13468100
2025-01-16,67.48968477521306,67.8038133940255,66.93758125046716,67.68958282470703,13694600
2025-01-17,67.99419601183212,68.0798634990607,67.43257141113281,67.43257141113281,9711300
2025-01-21,67.87044969324964,69.7456859514848,67.71814225937692,69.65049743652344,14199900
2025-01-22,69.8504032427278,71.1069106618454,69.49820497207192,70.4786605834961,13029300
2025-01-23,69.81231996298148,70.91652709225795,68.88898336167473,70.71662902832031,10677400
2025-01-24,70.50720745894388,70.67854968807836,69.72665002897966,70.03125762939453,8106700
2025-01-27,69.9075153291739,72.20158979812126,69.88847326848187,71.944580078125,11665400
2025-01-28,71.7066013364758,71.96361104278074,70.59288050512463,70.81181335449219,8694400
2025-01-29,70.86892584856432,73.40098239677334,70.74518150886475,72.89647674560547,11764800
2025-01-30,73.15348695245383,74.98113254502952,73.15348695245383,74.56230163574219,10902100
2025-01-31,74.35288571039106,75.06681048118928,73.06782257543796,73.20108795166016,13098000
2025-02-03,71.29728513289015,73.00118637538067,69.69809343273946,72.90599060058594,18539200
2025-02-04,73.81982551259733,74.40048491745482,72.38245491512892,73.02974700927734,11943700
2025-02-05,72.62995944596372,73.09638832605235,70.82134832863198,70.98316955566406,9807400
2025-02-06,71.6209247646392,71.77323218850105,68.18456658474628,68.28927612304688,16059400
2025-02-07,67.16604131620706,67.4040162440705,65.3193608144312,65.37647247314453,27428700
2025-02-10,66.02376017957589,67.5372771342402,65.79530629748689,67.52776336669922,16201300
2025-02-11,67.17556395961736,68.52725983935423,67.11845229953285,67.90852355957031,9636600
2025-02-12,67.20410686971181,68.96511958714424,66.94709718632281,68.78426361083984,10810900
2025-02-13,68.96512994352098,70.05981604439334,68.18457248473186,69.6885757446289,9739600
2025-02-14,69.65049299253913,69.96462160804529,68.86041457017551,69.52674865722656,9254400
2025-02-18,70.91652828412067,73.94356964768457,70.91652828412067,73.85789489746094,28252400
2025-02-19,73.1249298843454,73.94356415383615,72.4300399532966,73.08685302734375,14184100
2025-02-20,73.21059781804054,73.55327497434325,72.66800810305297,73.51520538330078,10689600
2025-02-21,73.67703894961144,74.23865629211707,72.2111125258528,72.82032775878906,12823400
2025-02-24,75.08584184395464,77.18953920082554,74.96209750381566,76.41850280761719,24553500
2025-02-25,76.44705602819663,78.01769185100866,76.19956735635837,77.78923797607422,15522500
2025-02-26,78.15096063890859,78.47461029978831,76.95156503374878,77.26569366455078,16058100
2025-02-27,77.57030663761321,77.57030663761321,75.63795135583636,76.17101287841797,11651900
2025-02-28,75.43804802955015,76.17100757203892,74.41951568419047,75.60939025878906,14113800
2025-03-03,76.52784370955469,77.45586100919844,74.51873807997904,75.0162353515625,8628800
2025-03-04,74.33696165485587,75.24584784061416,73.45678313112978,73.9734115600586,10034100
2025-03-05,73.9829641474457,74.92054318609065,73.15061731588634,74.44218444824219,9853600
2025-03-06,73.41850228464334,74.93968697521304,73.41850228464334,74.34651947021484,9623700
2025-03-07,74.12648099212903,75.58068849585494,73.63855298465238,75.18843078613281,9294300
2025-03-10,74.15518065498178,76.71918402626824,72.76793580345647,73.09322357177734,15822600
2025-03-11,72.62443349513867,72.78707372856323,70.43354940647755,70.9597396850586,12837000
2025-03-12,71.14152516047577,71.27546504777237,70.0604368418171,70.3952865600586,12304900
2025-03-13,70.01258473048074,70.73969205128269,68.56793930734365,69.49595642089844,10195900
2025-03-14,70.10826562031232,70.35701424384321,68.2330999718571,68.55838775634766,12183000
2025-03-17,69.01760889995235,70.7492654658771,68.91236937724327,70.51008605957031,15996900
2025-03-18,70.691868524125,70.95018638428773,69.57251059455739,70.13697052001953,8972300
2025-03-19,69.49596846365633,70.25177627165544,69.16111875104312,69.83081817626953,10830500
2025-03-20,69.76385137481604,70.46225849186285,68.42444516488108,68.7497329711914,25202300
2025-03-21,63.70782265468438,65.75520507166452,62.349285389445505,64.99939727783203,77287000
2025-03-24,65.59255576778118,65.90827432492415,63.80349854232297,64.47319793701172,26552500
2025-03-25,64.63583324634229,65.10463008604727,63.37296641325982,63.65998458862305,17394100
2025-03-26,63.506910022921836,63.70781983784073,62.138803598228165,62.89461135864258,18688300
2025-03-27,62.664996751130325,64.19574330353662,62.46408695042469,62.9520149230957,16435800
2025-03-28,63.00941920696157,63.00941920696157,60.40714627087853,60.550655364990234,19600300
2025-03-31,60.120130857655916,61.22035749760599,59.93835583740158,60.73242950439453,17400000
2025-04-01,61.06728738685216,62.339723572221985,60.56022456694369,61.957035064697266,13489500
2025-04-02,61.516942847700804,62.569330717894154,61.38300297144942,62.148372650146484,11161400
2025-04-03,53.93017012816075,56.14018909957151,53.00215653722593,53.17436599731445,71499500
2025-04-04,50.91651247429771,56.65681814582303,50.2276746258465,54.7720832824707,67775700
2025-04-07,53.002154153638365,54.70511023838703,51.08871903833861,53.20306396484375,45374400
2025-04-08,56.226290518498864,56.226290518498864,50.10329677492188,50.9643440246582,30404300
2025-04-09,50.9739120594725,56.97253179050537,50.208538716907505,56.75248718261719,44732500
2025-04-10,54.75294566318353,54.77208045238381,50.01719299895504,52.04543685913086,53919800
2025-04-11,52.04543500274416,52.64816441790924,50.572089133165164,52.035865783691406,22617100
2025-04-14,53.231767176800055,54.23631993625647,52.30374992827207,53.011722564697266,28346600
2025-04-15,52.31331616336129,52.99258475104269,51.82538816687793,52.456825256347656,15977100
2025-04-16,52.35158882779607,52.76297769238316,51.03131750308429,51.23222732543945,19094900
2025-04-17,51.49054200735549,53.595321500902045,51.32790176378644,53.34657287597656,18935100
2025-04-21,52.83951237177184,53.92060427678134,51.184391369186095,53.69099044799805,17280900
2025-04-22,54.19805127445865,55.57572324803964,53.80579722054815,54.59030532836914,16852200
2025-04-23,56.446336999891784,56.63768124506324,54.24588730438986,54.90602111816406,21660300
2025-04-24,55.3078458683289,56.15932394991089,54.6572776072035,55.94884490966797,14508500
2025-04-25,55.6905316557146,55.728801236327385,54.15978492708419,55.126068115234375,17156000
2025-04-28,55.231302643567304,55.56615596927234,54.34155504749823,54.82948303222656,13321200
2025-04-29,54.53290544284498,55.240878101781405,54.28416046243325,55.04953384399414,12968000
2025-04-30,53.44224159406584,54.14064495019688,52.380284556117374,53.95886993408203,17205900
2025-05-01,54.226751998516534,54.73381114124246,53.82492872252421,54.303287506103516,10527000
2025-05-02,55.36524316464116,56.15932047674771,54.829483676557494,56.054080963134766,14723900
2025-05-05,55.60442118815487,55.81490021022474,54.810347545088234,54.86774826049805,15971000
2025-05-06,54.676410323013926,55.221739043330565,54.33199141553228,54.571170806884766,11440300
2025-05-07,55.365248336134044,56.26456524585589,55.06866820598163,56.082786560058594,11883500
2025-05-08,57.10647186220855,57.776174907811225,56.25499378762875,56.360233306884766,19009000
2025-05-09,56.5802732602961,56.809887069743624,55.70009489818728,55.77663040161133,13954400
2025-05-12,59.68003943462917,60.72286166894053,59.134710744626574,59.87138366699219,29776600
2025-05-13,59.90009239224615,60.06273264024278,59.287793682819455,59.689613342285156,17003100
2025-05-14,59.36432345842108,60.14883156024032,58.85726432298831,59.05817413330078,13736300
2025-05-15,58.01535555778338,59.96706036721195,57.804876514730864,59.699180603027344,14371100
2025-05-16,59.79485016478573,60.99074716808145,59.79485016478573,60.378448486328125,12950600
2025-05-19,59.46000201594042,59.72788178380367,59.0868790755176,59.39303207397461,15105300
2025-05-20,59.79485240274397,60.454986259418526,59.584373354418105,59.852256774902344,10771800
2025-05-21,58.522419124551476,59.08688270550393,57.2882560827981,57.38392639160156,17354700
2025-05-22,57.95795130970911,58.95293479452719,57.55612803829647,58.66592025756836,16764500
2025-05-23,57.26911694764418,57.76661054478501,56.915132452412685,57.42219161987305,14282400
2025-05-27,58.484144626927005,60.1201307551912,58.20669566260025,60.110565185546875,16642100
2025-05-28,60.02446595389701,60.37845045653877,58.89553885398076,59.106014251708984,10015600
2025-05-29,59.78527989525467,60.177533935519655,58.484143474008526,58.780723571777344,12218000
2025-05-30,58.35977191145042,58.47457699824407,57.49872463652829,57.9675178527832,18155100
2025-06-02,57.832686896356066,59.32545328612132,57.39930215769087,59.29656219482422,14065300
2025-06-03,58.97875144653547,60.14407204251353,58.22754997922707,60.06702423095703,10286100
2025-06-04,60.07665635658987,60.7122860992871,59.97071745383336,60.45225524902344,10242300
2025-06-05,60.61597260672698,61.30938816476974,59.9321898613468,60.35594177246094,12336300
2025-06-06,60.3559392941372,60.76043291100011,59.826248508534185,60.48114013671875,13299600
2025-06-09,60.962686528757814,61.14567324937006,59.59512090019236,59.6240119934082,11640000
2025-06-10,60.07665430338758,61.79093129388892,59.95145345224135,61.511634826660156,15287000
2025-06-11,62.02206962900667,62.45545070657546,60.26927234449421,60.779701232910156,10238700
2025-06-12,60.42335795848222,60.6063409793003,59.47954074374925,60.48114013671875,9830500
2025-06-13,59.469913331437645,60.46187994093192,57.89047006721087,58.294960021972656,16509700
2025-06-16,59.11358014025676,59.88403986963414,58.97875014684595,59.6143798828125,13681600
2025-06-17,59.036535863437166,59.036535863437166,57.476354358848766,57.78453826904297,13649700
2025-06-18,57.784534533523924,58.2179192772937,57.17779589224622,57.312625885009766,14194300
2025-06-20,57.543762931785245,57.82305571727657,57.00443931226839,57.5822868347168,19084000
2025-06-23,57.38004077904867,59.036528161783735,57.245207121316774,58.535728454589844,15921300
2025-06-24,59.0654263351632,59.691423249912745,58.24680989824832,59.152099609375,12564000
2025-06-25,59.180994835564654,59.25803897118913,58.131242311558616,58.58388900756836,12186200
2025-06-26,59.28693360213117,60.413730259204854,58.57425606155266,60.23074722290039,39659800
2025-06-27,67.21304664739225,71.45058073433762,67.11674055744241,69.37996673583984,117530300
2025-06-30,68.81175018923055,69.06215190807062,67.47307566370246,68.4168930053711,31090400
2025-07-01,69.33181359711351,71.20981551268612,69.17772531477387,70.69938659667969,27512900
2025-07-02,70.46823169063742,74.00271696800915,70.304510621128,73.5693359375,36882300
2025-07-03,73.4537642337789,74.1857036619802,72.78924714351038,73.5693359375,12022600
2025-07-07,73.23225768716586,74.6383469545227,73.0492710014383,73.70416259765625,17296900
2025-07-08,73.31894810663663,73.48267655476482,70.93052455991236,71.1905517578125,19572400
2025-07-09,71.39279437227557,72.15362500772461,70.70901155128102,70.84384155273438,12076700
2025-07-10,70.42008698974512,72.71220415776426,70.25635856170683,71.86470031738281,13033000
2025-07-11,70.96903858736503,71.11349403959457,69.72667026440845,69.94817352294922,12771400
2025-07-14,69.66887999649215,69.90002341297291,68.40725340918803,69.58220672607422,11385400
2025-07-15,69.59184452280216,70.18894668893364,68.93695282457006,69.3318099975586,9708300
2025-07-16,69.24513958221502,70.02522849481247,68.52283285642213,69.43775177001953,9008600
2025-07-17,69.45701742777084,70.50676634282705,69.37996961354176,70.28526306152344,9180400
2025-07-18,70.57417144513035,70.57417144513035,69.45700768623006,69.79408264160156,8801000
2025-07-21,70.23710865533042,72.04768826327633,70.2178503749805,71.28685760498047,12743900
2025-07-22,71.33501032187051,72.7507326478333,71.30611922912577,72.60626983642578,11297500
2025-07-23,73.33820230025094,74.35905999995174,73.02038561528191,73.91604614257812,16428100
2025-07-24,73.68491087283263,74.6768774933077,72.62552925915101,72.6351547241211,10037800
2025-07-25,73.10707303900807,73.74269912043881,72.7410996049056,73.45377349853516,7208400
2025-07-28,76.0829661053259,77.036408813092,74.69613500480567,76.31410217285156,22631100
2025-07-29,75.85183642556687,76.4393131302507,74.8887608241421,75.43771362304688,12885500
2025-07-30,74.90801443856131,75.40881783481935,73.15521724702474,73.8486328125,14601700
2025-07-31,73.53081520558784,73.57897192113467,71.56614024374466,71.93211364746094,16700000
2025-08-01,70.72827087240049,71.94174077728415,69.85186859341228,71.86470031738281,11911600
2025-08-04,72.25955699452739,72.48106760294634,71.42168597256067,72.05731201171875,8839000
2025-08-05,72.14398873480624,72.91444472088793,71.49872257001317,71.63355255126953,6533800
2025-08-06,71.72024653019466,73.17449285349755,71.50836870654578,72.69295501708984,7579800
2025-08-07,73.50192772544742,73.53081881712126,71.2675926812402,71.60466766357422,8717600
2025-08-08,71.46020224731056,72.19214171627443,70.68011340987688,71.45057678222656,6739000
2025-08-11,71.57578324401888,72.02842998292641,70.35268038048262,71.28685760498047,6985700
2025-08-12,71.96100737153284,72.92408293625319,71.59503395442171,72.13436126708984,6397700
2025-08-13,72.69295002743924,74.82134623654592,72.41365721977132,74.34943389892578,13472600
2025-08-14,73.10706381798128,73.7715809082498,72.56773654829898,73.5693359375,7990500
2025-08-15,73.90641146117838,74.63835089504879,73.3478332580738,74.12792205810547,9767700
2025-08-18,74.26275423660731,75.37029255864182,74.01235254303911,74.57093811035156,9069100
2025-08-19,75.31251167988091,75.88073012503953,73.84863994840136,74.04125213623047,7684800
2025-08-20,73.85826799264258,74.69613903804539,73.34783911494121,73.44414520263672,6282600
2025-08-21,72.90481644868227,73.41525266400592,72.35586367718642,73.36709594726562,6354900
2025-08-22,73.71381460865618,76.21780994719387,73.43452177526419,75.48587036132812,10985900
2025-08-25,75.57253890292351,77.20976438409234,75.49549109617402,76.24668884277344,12488900
2025-08-26,76.08297036719941,76.54524987582896,75.48586086598696,75.74589538574219,6874800
2025-08-27,76.0444505016555,76.57414503471156,74.7828237836106,75.17768096923828,12636700
2025-08-28,75.67848008301894,75.75552789209247,74.85023450468715,75.0428466796875,7478600
2025-08-29,74.87912678294073,76.20816844594772,74.27239180915824,74.5131607055664,14208800
2025-09-02,73.22560836862144,73.62252491851012,71.63795694080282,71.918701171875,15078700
2025-09-03,72.02518815694856,72.78028973878799,71.55083079658979,72.35433197021484,8300100
2025-09-04,72.36402312612802,73.35146206482274,72.13168585570608,72.94486999511719,11096200
2025-09-05,72.41242572621529,73.00295543327245,71.27976590649709,71.55083465576172,13758400
2025-09-08,71.88966205634026,72.1994475297751,71.35721481174835,71.78317260742188,13793300
2025-09-09,71.62828327422055,72.17041344584337,70.7182925104008,71.250732421875,8740200
2025-09-10,72.84806256021314,73.0513585926816,70.98934964689988,71.8799819946289,11359300
2025-09-11,72.0348685563603,73.11911391423882,71.64763490603187,71.9574203491211,9803400
2025-09-12,71.87030160276151,71.90902571302634,69.63403778251704,70.66988372802734,11806000
2025-09-15,70.84412711784981,70.8731683494025,70.26328032919321,70.69891357421875,10323800
2025-09-16,70.47626342470807,71.03774450200889,69.78891976945793,70.4278564453125,8813600
2025-09-17,70.73764297913401,70.97966310803291,69.32424631266866,70.00189971923828,11108700
2025-09-18,71.09583866312204,71.25072771201211,69.34360782779086,69.7986068725586,14918400
2025-09-19,69.71148837936612,69.94382566300612,68.48202184062175,68.62723541259766,33415600
2025-09-22,68.53041862991283,70.17615250511973,68.18190906337311,69.00477600097656,12336300
2025-09-23,69.28552555894073,70.1083925598475,68.47234143170165,68.66595458984375,10432400
2025-09-24,68.4142461985641,69.24679600770449,68.20126730982568,68.94669342041016,10024500
2025-09-25,68.88861214701771,68.88861214701771,66.84596169457153,67.02989196777344,13075300
2025-09-26,67.16542158871538,67.22351144037712,65.8585144072799,67.09765625,15627600
2025-09-29,67.54297333724722,67.72691099600286,66.54585160247987,67.33000183105469,18479300
2025-09-30,67.83340103028328,67.9689317107939,66.62330039296135,67.50425720214844,40567700
2025-10-01,71.9767870452552,72.30593827121446,69.32424841993648,71.83157348632812,57921900
2025-10-02,72.6060408598738,74.51316071486542,71.52178799078705,72.18976593017578,26254400
2025-10-03,72.39306125169745,72.39306125169745,69.62435032972837,69.634033203125,18794900
2025-10-06,69.72115955058837,70.07935202116641,68.74340349062464,68.8982925415039,14039600
2025-10-07,68.95637264465154,69.29519931977627,66.70074345817211,66.7104263305664,17368000
2025-10-08,66.71043429297045,67.2138329295449,66.47808964298058,66.88468170166016,13051800
2025-10-09,67.33000327943171,67.43649272775278,65.72298606721797,65.88755798339844,13410900
2025-10-10,66.00372764062539,66.30383022694244,62.80905909168846,63.13821029663086,18806100
2025-10-13,63.602887723490106,65.36479398868953,63.45768155301159,65.22926330566406,13191200
2025-10-14,64.34831974167388,65.82948190274665,63.951403143807866,65.48097229003906,9483700
2025-10-15,66.39096021781656,67.3106337073736,65.95531957602546,66.27478790283203,13001500
2025-10-16,66.41032094352245,66.83627872777438,64.4548015797504,64.70649719238281,15349700
2025-10-17,64.50320430944106,65.60681554423455,64.20310170278255,65.21958923339844,10054000
2025-10-20,65.40351903182797,66.00373162657674,65.31639532829439,65.46160888671875,9670000
2025-10-21,65.58746398749476,67.07830907366241,65.25832011196293,66.17799377441406,9659200
2025-10-22,66.04245774731433,67.14606900758463,65.79075473076556,66.87500762939453,8096100
2025-10-23,66.88468493011614,67.65915236239486,66.545858198195,67.45585632324219,9124900
2025-10-24,67.48489193787002,67.8430843879882,66.71043195597335,66.90404510498047,7102900
2025-10-27,67.80435585483218,68.1915895134365,66.08117382920408,66.400634765625,9838100
2025-10-28,65.9359668837226,66.4200071589601,64.909803863697,65.27767181396484,11262400
2025-10-29,64.87107428286153,65.04532906268167,62.8768234947271,63.26405715942383,15143100
2025-10-30,63.09948389006206,63.89330956191171,62.508954225968914,62.82842254638672,13895200
2025-10-31,62.92523689041028,63.167257032296476,62.1991764647517,62.5283203125,17822500
2025-11-03,62.65417203462726,62.78001984250822,60.35013937777082,60.650245666503906,22633300
2025-11-04,60.427584407434246,60.59216001649128,59.16908046748766,59.275569915771484,13725400
2025-11-05,59.32397850498288,60.84386476483783,58.91738642203621,60.12748718261719,20979800
2025-11-06,59.90482201013532,60.48566882943341,59.701522299740375,59.91450119018555,15164600
2025-11-07,59.769291335005825,60.1952454229848,58.365573879871135,59.140037536621094,15504800
2025-11-10,59.778968249860164,60.10811575312331,58.55918849831667,58.859291076660156,13063100
2025-11-11,59.759608744595894,61.56991824323415,59.28525136825216,61.13428497314453,17646400
2025-11-12,62.053961702320784,63.10917334118842,61.70545580680958,62.1507682800293,14812200
2025-11-13,63.612577772835664,64.14502507754896,62.809069071493454,63.92236328125,21923600
2025-11-14,62.867153147758756,62.98331808655771,61.715134932212884,62.121726989746094,17760100
2025-11-17,61.056837233277086,61.51183625294994,60.27269069376444,60.89226531982422,17064700
2025-11-18,60.40823011287041,60.75673602216533,59.711210908411836,60.495357513427734,14614600
2025-11-19,60.43726413741465,61.202048596282694,60.03066841901706,60.640560150146484,11732100
2025-11-20,60.94067157449054,61.792583495495364,59.449826635965636,59.46918869018555,13886600
2025-11-21,60.03067143532174,61.47311303537349,59.57567610200315,60.79545593261719,12476900
2025-11-24,60.514712788381665,61.05683921896471,59.95322799682617,59.95322799682617,16681700
2025-11-25,60.3501413070906,62.073327187931106,59.89514226932174,61.647369384765625,11527200
2025-11-26,61.47311415319653,62.799387148957635,60.96003264987729,62.2766227722168,13791000
2025-11-28,62.41215425705323,62.712256864156174,61.92811398192283,62.56704330444336,4941400
2025-12-01,62.12862642281567,64.2914833854514,61.943518164780315,63.70692825317383,12047300
2025-12-02,63.76537861695558,63.78486799918485,62.91777631551875,63.258766174316406,9051200
2025-12-03,63.40490712772031,64.94424127862759,63.30748251514852,63.960235595703125,12028300
2025-12-04,63.91151918906574,64.39864968202055,63.33670877522936,63.99920654296875,10619500
2025-12-05,64.00894012281516,64.37916403331982,63.21004645759811,64.16482543945312,10917900
2025-12-08,63.91152405007379,64.10638072188905,61.64149771283542,61.90454864501953,12867300
2025-12-09,61.87531855895763,62.30399580582035,61.3492204087795,61.699954986572266,9300200
2025-12-10,62.33322011286516,64.44736847578369,62.11888149746499,64.09663391113281,20302100
2025-12-11,64.13560245572636,66.0743797355146,63.87254782716438,65.9964370727539,16153500
2025-12-12,66.41537053436588,67.36040489291355,65.39240094497526,65.73339080810547,14829200
2025-12-15,65.67494380238308,66.59074417472607,64.97347462661587,66.03541564941406,15287500
2025-12-16,65.55802523918734,66.44459890642761,65.0221787024332,65.39240264892578,16376700
2025-12-17,64.84680884357638,65.10986347226398,63.93100857127594,63.99920654296875,13205500
2025-12-18,64.31097407870494,65.27549043826299,63.7166742427596,63.94075012207031,35650000
2025-12-19,57.67625352148171,58.82588183025954,56.72147816133775,57.1988639831543,108652700
2025-12-22,57.47165767651306,57.55934131464141,55.6692726075439,55.747215270996094,38695900
2025-12-23,55.708246495247245,56.11743434761318,55.523138235821364,55.86412811279297,23276700
2025-12-24,57.36449420468562,59.02073880632525,57.36449420468562,58.455665588378906,36073300
2025-12-26,58.45566179832078,59.361724853515625,58.31926584876644,59.361724853515625,22303600
2025-12-29,58.98176455348374,60.16061952591558,58.95253419490768,59.634517669677734,18062100
2025-12-30,59.72220150597902,59.72220150597902,59.07918936288537,59.61503219604492,13507800
2025-12-31,60.64775109791551,62.54755719524382,60.32624316359164,62.07017135620117,35457400
2026-01-02,62.35270662662601,62.47935788607347,60.94002737381433,61.65123748779297,22284100
2026-01-05,62.09940469454223,63.68745134210955,61.75841107664137,62.86906814575195,23482500
2026-01-06,62.41115593633511,63.74589615345627,61.777888529889886,63.66795349121094,19973200
2026-01-07,63.833576887349054,63.92126424174808,61.56355070992461,61.59278106689453,18284100
2026-01-08,60.57955438693225,64.04792146090644,60.11190951346981,63.58028030395508,21573900
2026-01-09,63.43413284705153,64.82732634235958,62.74240844490857,64.22328186035156,18470400
2026-01-12,63.57053544716226,64.63247645613012,62.58652967546956,63.950496673583984,13901100
2026-01-13,64.54478983723268,65.35342823345825,64.15508395915832,64.593505859375,13685200
2026-01-14,64.58376281296432,65.40213848804113,63.36593655860843,63.882293701171875,15939100
2026-01-15,64.06741188570977,64.06741188570977,62.557304210601245,62.927520751953125,13295300
2026-01-16,62.73266797048571,62.927517205896706,62.040943521848234,62.722923278808594,15903000
2026-01-20,61.85583351413113,62.91777816976848,61.39792964752734,61.99222946166992,20406000
2026-01-21,62.23579936381269,63.736158615308575,61.972748423979425,63.72642135620117,17166400
2026-01-22,63.72642263000862,64.83707969827556,63.57053728490754,63.77513122558594,11853700
2026-01-23,63.57053402417828,63.765383262537846,62.78138494589345,63.36594009399414,11243900
2026-01-26,63.141851507429415,63.95048990183714,63.11262486741828,63.31721878051758,14765900
2026-01-27,63.0834024844206,63.161345151724284,61.26153537607275,61.466129302978516,13536700
2026-01-28,61.42716103742832,61.846093603832706,60.37496099185092,60.63801193237305,10363600
2026-01-29,60.335982133389535,61.31998407723722,59.87807828847958,60.98873519897461,12739400
2026-01-30,60.638006780076054,60.910798673063596,59.449407160897515,60.21907424926758,14309200
2026-02-02,60.07293551056256,60.9595129073107,59.57606401598299,60.579551696777344,11006300
2026-02-03,60.189845242387484,60.920541014866494,58.87459433852962,59.361724853515625,17322100
2026-02-04,60.131394443577825,62.75215910105046,59.92679679428216,62.567047119140625,20957700
2026-02-05,62.53781692940398,62.91777813060001,60.49186656806334,61.08616638183594,12506200
2026-02-06,61.38818760093869,62.586528255743445,61.37844662562803,62.27476501464844,11961500
2026-02-09,61.933773476766774,62.26502237614594,60.76465949563378,60.80363082885742,12920800
2026-02-10,61.3784442861173,62.53781727897757,60.686719853585565,61.417415618896484,13003400
2026-02-11,62.25528199442471,62.362451303555666,60.092421294540884,60.745174407958984,15511900
2026-02-12,60.72569190450837,61.10565311232175,59.28378230671321,59.527347564697266,13602400
2026-02-13,60.0047373626722,61.748665509271625,60.0047373626722,61.50510025024414,20180900
2026-02-17,61.31998439666551,63.15159606933594,61.31998439666551,63.15159606933594,12347500
2026-02-18,62.6547230406424,64.44736716038283,62.6547230406424,63.86281204223633,11211500
2026-02-19,63.5218140715633,64.14534051539786,62.59626909703367,63.9212646484375,10778300
2026-02-20,63.61925018530095,66.72713791195737,61.69995470799566,63.7166748046875,33436800
2026-02-23,62.937261841481664,63.29774110299479,60.45289692709624,61.466129302978516,17748800
2026-02-24,61.651234879838945,63.03468371566968,60.98873710263497,62.44038391113281,14296100
2026-02-25,62.245536149496175,62.5670440709322,61.63175066453432,61.768150329589844,9500800
2026-02-26,62.55730328626715,63.38542372072634,62.13837072299643,62.30399703979492,10319100
2026-02-27,61.10565354975165,61.10565354975165,59.93653955975683,60.579551696777344,18017400
2026-03-02,58.74558959981803,60.34417302651048,58.00023446705245,59.83419418334961,15335000
2026-03-03,58.29445418622719,58.95154370242014,57.49025775710461,58.245418548583984,17438600
2026-03-04,58.04927192991976,58.34349323648078,57.48045180233907,57.50987243652344,15971300
2026-03-05,57.4706451052293,57.65698577354873,56.32319542447685,56.901824951171875,22040200
2026-03-06,56.36242299270278,56.440879264509675,55.66610347157766,55.911285400390625,16323700
2026-03-09,54.665764447927394,55.61706778691351,54.32250750317256,55.44053649902344,18053100
2026-03-10,55.60726433156431,56.13685821595527,54.724607857579365,54.99921417236328,15706400
2026-03-11,56.489917833982396,56.489917833982396,54.34212537293038,54.62653732299805,20245300
2026-03-12,54.214626614029996,54.391157901132175,52.98871697647556,53.0867919921875,18611800
2026-03-13,53.292744585492805,53.81252908119355,52.7043094485176,52.93968200683594,14377100
2026-03-16,53.22409476644214,54.00867620825602,52.93968282466604,53.734073638916016,13115200
2026-03-17,54.381354508332265,54.606921441984454,53.94002627241299,54.05771255493164,9861400
2026-03-18,53.449662548762774,53.90079641734632,52.2335584886903,52.43951416015625,16861300
2026-03-19,51.880497464235255,52.59642824509463,51.57647052667333,52.41008758544922,12307700
2026-03-20,51.91972465053813,52.576814174686454,51.17437322227104,51.36071014404297,19566100
2026-03-23,52.25317114159901,52.52777744413805,51.51762535980317,51.694156646728516,15242700
2026-03-24,51.35090592128578,53.03775885939215,51.26264027356674,52.459129333496094,12073800
2026-03-25,52.72392027743897,53.17505786933713,51.54705001316016,51.958953857421875,13427100
2026-03-26,51.74319092803478,52.586617334314354,50.8703438884317,51.066490173339844,14486700
2026-03-27,50.71342956951131,51.1057221544951,50.21326007777738,50.379981994628906,13077800
2026-03-30,50.43882792091779,51.18417935651056,49.96807905509402,50.25249099731445,16869200
2026-03-31,50.92918923990769,52.08644821337734,50.69381294819385,51.80203628540039,36422800
2026-04-01,45.662683151590855,45.92748008007032,43.70122774760605,43.76987838745117,114225700
2026-04-02,42.91664280483445,43.48546667056288,42.338013308156604,43.338356018066406,63242600
2026-04-06,43.30893409165865,43.524695377900464,42.72049898159084,43.18143844604492,26999600
2026-04-07,42.857800857199116,43.02452276895079,41.54362560123591,41.86726379394531,38253000
2026-04-08,43.06375644525488,43.44623967886866,41.93591800767312,42.298789978027344,29462900
2026-04-09,42.387053079487735,43.367780795413466,41.896689221524866,43.15201950073242,24147400
2026-04-10,42.98529788994383,43.11278980027012,41.58285694691975,41.798614501953125,26094800
2026-04-13,41.41613172805225,42.15167752802254,41.27883044397983,42.08302688598633,21236700
2026-04-14,42.16148402623096,43.35796923528187,42.1222540216905,43.34816360473633,22554100
2026-04-15,44.221012999653425,45.01540379887331,43.84833541890071,44.564266204833984,31523500
2026-04-16,44.91732710061467,45.59403159574899,44.67214518004234,44.81925582885742,21766300
2026-04-17,45.48615168390426,45.87844051842373,44.897712820356155,45.14289474487305,31290400
2026-04-20,45.093860833136546,45.66268471554044,44.691762611194946,45.584224700927734,19003100
2026-04-21,45.868633986372245,46.06478027036789,45.04482258653389,45.49595642089844,22194000
2026-04-22,45.41750014053507,46.04516525621923,44.62310937408401,44.79964065551758,17985200
2026-04-23,44.70157358227125,44.868295507516606,43.3873982199449,43.916988372802734,17457500
2026-04-24,44.11313202707365,44.54465087343377,43.73064881806683,43.82872009277344,15885000
2026-04-27,43.74045616579651,44.53484699034393,43.63257925585701,44.270050048828125,14583100
2026-04-28,44.5054273753296,44.829065594926675,43.88756783096121,44.16217041015625,12426000
2026-04-29,44.05428844366177,44.28966474822825,43.29913137338055,43.53450393676758,13329700
2026-04-30,43.240284249996066,43.94640938802739,42.67146039076433,43.50508117675781,21679500
2026-05-01,43.95621536306166,44.09351664293638,43.36778023754735,43.5443115234375,11562800
2026-05-04,43.338358678618484,43.48546934014611,42.259559631347656,42.259559631347656,33272400
2026-05-05,42.21052186804221,42.46550942852742,41.82803865672472,42.23013687133789,18589700
2026-05-06,42.789150351804366,43.220669190491655,42.36743714394166,43.034332275390625,19406700
2026-05-07,43.20105652247319,43.77968604305608,43.16182651469617,43.55411911010742,17177700
2026-05-08,43.407008180831724,43.799300773796496,42.955874317747835,43.28932189941406,17357100
2026-05-11,43.22067051419458,43.22067051419458,41.57304763793945,41.57304763793945,24863800
2026-05-12,41.48478165367777,41.69073357622976,41.24940909681245,41.533817291259766,21271300
2026-05-13,41.386712231438665,41.788810463500326,40.89634835130593,41.52401351928711,21325200
2026-05-14,41.73977223077123,42.00456915853477,41.18075774144128,41.21017837524414,19146900
2026-05-15,41.190562249745895,41.9555286372067,41.03364597177498,41.0728759765625,26172600
2026-05-18,41.07287957670772,41.926111679138884,40.5530913206602,41.74958038330078,18694900
2026-05-19,41.77899786576702,42.367436721210304,41.00422583826114,41.60246658325195,22957900
2026-05-20,41.39651560748124,43.42662166132843,41.02384177253431,43.338356018066406,27060200
2026-05-21,43.044140065001905,43.87776089171121,42.32820926116556,43.53450393676758,18428100
2026-05-22,43.70122801414707,43.85814429777574,43.35797107164858,43.809104919433594,14905100
2026-05-26,43.838529573775084,44.08371150232956,43.25009070053676,44.07390213012695,18667600
2026-05-27,44.829063689886965,45.692105140769584,44.78983368276062,45.0938606262207,24251900
2026-05-28,45.08405658445701,46.73167953005613,44.68195835018458,46.45707321166992,22871300
2026-05-29,46.2020841164476,46.290349762095786,45.19193574828019,45.33904266357422,38949100
2026-06-01,45.042191213733716,45.7942120699808,44.57712344921906,45.4478874206543,26885100
2026-06-02,45.299461937798725,45.299461937798725,43.05328889111542,43.27098083496094,28345000
2026-06-03,43.191823046470375,43.52825433886432,42.706964740651905,43.35014343261719,18940500
2026-06-04,44.032896211459814,44.23079762352107,42.67727776702178,43.162132263183594,17350900
2026-06-05,42.84549130330046,43.28087516262781,42.34084629094568,42.52885055541992,18406500
2026-06-08,42.60801609880293,43.399618032955416,42.2023198716338,42.77622985839844,18192000
2026-06-09,43.063184215420506,44.804708368495156,42.81580838957916,44.18132400512695,21505800
2026-06-10,43.31056139917023,44.11206045890145,42.855390771268596,43.498565673828125,15335600
2026-06-11,44.052689919165005,45.49736391487973,43.75583966691148,45.47757339477539,16647500
2026-06-12,45.80411061688167,45.82390113668458,44.379223388317655,44.4583854675293,16524300
2026-06-15,44.88387198822173,45.60620897156203,44.61670563416616,44.72555160522461,14345100
2026-06-16,45.03229421600932,45.61610132299084,44.52764918608218,44.567230224609375,19591400
2026-06-17,44.4287007412167,45.368725878948474,43.69646662087597,43.72615051269531,20859700
2026-06-18,43.94384306276451,45.23019664644801,43.775629307241935,44.72555160522461,32320300
2026-06-22,44.1516386597224,44.438595538697186,42.68717414673294,42.73664855957031,25864500
2026-06-23,41.9450435184556,42.7366453890947,41.87577859069064,41.935150146484375,31517900
2026-06-24,41.598719153031986,41.88567601260447,40.876382205410394,41.38102722167969,34384300
2026-06-25,41.36123860192399,41.420610160833796,40.01551346388045,40.47068786621094,29228300
2026-06-26,39.6493992253608,41.03470543545436,39.5801342923217,40.322261810302734,33970700
2026-06-29,40.708166342953646,41.25239241886341,40.342051168200626,41.04459762573242,27824700
2026-06-30,40.945648011450864,41.20291721111914,40.46078972885934,40.619110107421875,73891500
2026-07-01,40.96543783777414,42.82570131075827,39.68897768395811,42.60801315307617,80185700
2026-07-02,43.646991599477055,44.56722997956886,43.142342797668995,43.627201080322266,34233400
2026-07-06,43.439197840993124,43.64699263506523,41.40081961555377,42.885074615478516,21979100
2026-07-07,43.26108803555716,43.57772880826113,42.4299050635453,42.756439208984375,17784900
2026-07-08,42.25179217734983,42.80591161629051,41.62840403388599,42.439796447753906,21101500
2026-07-09,42.241896239059486,42.60801519272716,41.687776784264194,42.33095169067383,19647000
2026-07-10,42.964233606147154,44.16153552729817,42.60801557118147,43.90426254272461,23313500
2026-07-13,44.29016630003452,44.42869993353615,43.21160754589007,43.300662994384766,13665500
2026-07-14,43.84489490425886,44.023005809665506,42.024208584834255,42.41011428833008,13090200
2026-07-15,42.54864167078208,43.122555393524955,42.03409950459536,42.3210563659668,14388200
2026-07-16,42.44969272222726,44.20111022677485,42.44969272222726,44.1021614074707,15944700
2026-07-17,44.05268762048569,44.50785823516724,43.06318431483594,43.300662994384766,15825100
2026-07-20,43.37982518915952,43.37982518915952,42.38042850857195,43.013710021972656,11926900
2026-07-21,42.608016322150746,43.10276800542147,42.30126891964681,42.509063720703125,11859000
2026-07-22,42.004415894318036,42.45958650699006,41.13365193228703,41.76693344116211,18990000
2026-07-23,41.36123723200697,41.638300723087156,40.26288796381564,40.55974197387695,18156200
2026-07-24,40.757642126110525,41.70756822246695,40.46079187241104,41.262290954589844,26175200
2026-07-27,41.707567130079184,42.152840611638105,41.14355053042593,41.697669982910156,16996900
2026-07-28,42.30126758271978,42.81580977001798,42.073682268566756,42.59811782836914,23601400
2026-07-29,42.15283975990057,43.23139852553566,41.95494211638673,42.766334533691406,15029100
2026-07-30,42.05389082876078,42.05389082876078,40.797221167507374,41.84609603881836,16977600
2026-07-31,41.57892985188273,41.63830140980528,41.054494301528116,41.27218246459961,22622400
2026-08-03,42.12315602904737,42.75643754988173,41.61851099671238,42.192420959472656,21329900
2026-08-04,40.9159595403599,41.64819363596441,40.48057945154307,41.09407043457031,27802800
2026-08-05,41.2128155045979,42.03410131166003,40.925858630890055,42.004417419433594,22088600
2026-08-06,42.07368142873643,42.19242076969489,41.41071224451921,41.559139251708984,18150300
2026-08-07,41.57893172849006,41.9252563953635,41.173235501014425,41.262290954589844,22042300
2026-08-10,41.301868849596836,41.78672334629496,40.70816461275638,41.66798400878906,21664600
2026-08-11,41.044596622870905,41.094071033171026,40.40142173965823,40.88627624511719,25538000
2026-08-12,40.599320011385814,40.81701194967387,40.02541004861131,40.08477783203125,28760300
2026-08-13,40.31236761605823,41.03470459921401,40.05509463459385,40.79722213745117,23641700
2026-08-14,40.797222837955296,40.89617543816207,40.28268064084732,40.30247116088867,23639800
2026-08-17,39.9264561675405,40.17383198958141,38.45209838198375,38.679683685302734,58659900
2026-08-18,39.23380727778712,40.21341342905558,38.81821392978268,39.639503479003906,39173300
2026-08-19,40.10456793342975,40.87638308174572,39.94624755486721,40.619110107421875,22055700
2026-08-20,40.0649930448124,40.21341628526947,39.3921304523708,39.78792953491211,16662100
2026-08-21,39.83740166450827,40.69827226335965,39.81761491997301,40.3321533203125,14707800
2026-08-24,40.56963764962974,40.90606894210071,40.25299687726363,40.322261810302734,18839100
2026-08-25,39.1051709427772,39.45149558856874,38.620312664013504,39.065589904785156,41525000
2026-08-26,38.98643174503994,39.065590046655956,38.00682181178475,38.184932708740234,38604300
2026-08-27,38.09587821151822,38.39272845563789,37.76934030072764,38.03650665283203,36573800
2026-08-28,38.303672635168006,39.34265036688477,38.155249401868815,39.184329986572266,28437400
2026-08-31,38.996326182387634,39.46139395654706,38.6203138591384,38.650001525878906,23905300
2026-09-01,38.36000061035156,38.56999969482422,37.970001220703125,38.119998931884766,22241100
2026-09-02,38.060001373291016,38.72999954223633,38.0099983215332,38.2400016784668,20727200
2026-09-03,38.52000045776367,38.93000030517578,37.95000076293945,38.77000045776367,29597500
2026-09-04,38.220001220703125,38.65999984741211,37.97999954223633,38.400001525878906,20604300
