Date,Open,High,Low,Close,Volume
2018-01-02,4.828970860094172,4.920726156807734,4.797399691428624,4.917026042938232,355616000
2018-01-03,5.034187351222553,5.270974459812394,5.025554534443815,5.240635871887207,914704000
2018-01-04,5.321785372687156,5.378268934306695,5.246062624210568,5.268261432647705,583268000
2018-01-05,5.2830597559180745,5.350149201078348,5.206350484280392,5.3129048347473145,580124000
2018-01-08,5.4362330697756915,5.5496932390679286,5.391341943052711,5.4756975173950195,881216000
2018-01-09,5.481122714718078,5.520587155055783,5.392820994178467,5.474216461181641,497000000
2018-01-10,5.3819687309479125,5.520587793610505,5.327705236820333,5.517134666442871,582664000
2018-01-11,5.549692747751451,5.581017879622063,5.50554164801738,5.527000904083252,406032000
2018-01-12,5.515160945900337,5.549445696076352,5.4594174121772205,5.499868392944336,359916000
2018-01-16,5.526261070695698,5.611602710580234,5.344724433307752,5.429079532623291,702348000
2018-01-17,5.4436319805253985,5.5526524741965835,5.349904041570919,5.542786598205566,538408000
2018-01-18,5.523546680544163,5.590143098878564,5.4924685401694004,5.535879611968994,408632000
2018-01-19,5.625905949036785,5.699901630187047,5.599020967597279,5.675729751586914,609380000
2018-01-22,5.683624864195454,5.7657603578654495,5.626154764467906,5.764033794403076,550944000
2018-01-23,5.817309810335952,5.915477864876936,5.798811120688782,5.892786026000977,475228000
2018-01-24,5.895993134251916,5.931757932087007,5.760580690221696,5.816077709197998,579972000
2018-01-25,5.870340746651141,5.913505300502726,5.814844202411313,5.829643249511719,409884000
2018-01-26,5.873301028435057,6.002053730327495,5.860475061745394,6.00180721282959,516356000
2018-01-29,5.987255972473869,6.119708817632993,5.934719036455375,6.088630199432373,455116000
2018-01-30,5.947049662011899,6.0780224204722435,5.880453248465312,5.98676061630249,570832000
2018-01-31,6.061990289415672,6.1483189276848345,6.029432103138454,6.062730312347412,478576000
2018-02-01,5.883167169125468,6.089862691392032,5.871821247817131,5.932004451751709,519224000
2018-02-02,5.845675126777659,5.8696004931332375,5.7018764111837035,5.7598395347595215,718464000
2018-02-05,5.599024615541671,5.752689271498757,5.0563876987174705,5.2709760665893555,1165204000
2018-02-06,5.041587188137092,5.566957843669648,5.0317208428353695,5.563998222351074,1114800000
2018-02-07,5.662657969467932,5.795603788591824,5.591621899817405,5.643418788909912,802932000
2018-02-08,5.768719942226253,5.801771162611393,5.364948763250677,5.3651957511901855,1144000000
2018-02-09,5.876507348422898,5.8922929356700235,5.365195739853088,5.724322319030762,1674604000
2018-02-12,5.80522438135887,5.808184473054197,5.550432089372135,5.624427795410156,1093172000
2018-02-13,5.588170821061631,5.78401347206117,5.555859147674528,5.737889289855957,625524000
2018-02-14,5.697682910832602,5.983553761267112,5.686583509903939,5.954695224761963,744988000
2018-02-15,6.037818090864681,6.126119805426468,5.957162652265348,6.079995632171631,698900000
2018-02-16,6.05286503380497,6.166325191511204,6.00526080761794,6.014387130737305,637656000
2018-02-20,6.0368287253735025,6.212445531938183,6.033128612637311,6.143629550933838,686240000
2018-02-21,6.208009468399191,6.214915722242447,5.953216687815489,5.956916332244873,892292000
2018-02-22,5.990728629474634,6.062302201323417,5.911010217415333,5.976413726806641,534364000
2018-02-23,6.036140867773988,6.069706439971924,5.985545603419587,6.069706439971924,415300000
2018-02-26,6.115859928993064,6.12030235551838,6.023554242568354,6.085749626159668,469312000
2018-02-27,6.059093516110488,6.143254823898359,6.049961993267326,6.072915077209473,455436000
2018-02-28,6.083774581187836,6.123263547506034,5.961111926603054,5.97271203994751,523116000
2018-03-01,5.97049105070678,6.024294924446665,5.630145243043967,5.731089115142822,1040120000
2018-03-02,5.623728538870598,5.8443736337607515,5.4753979844928695,5.837956428527832,913428000
2018-03-05,5.78785445140607,5.855479417365354,5.664697975165996,5.815990447998047,620776000
2018-03-06,5.901137596851519,5.995911392079758,5.858193360641316,5.976660251617432,636808000
2018-03-07,5.873989543534866,6.020839588107905,5.8727557192066815,5.96876335144043,581208000
2018-03-08,5.9961593222988165,5.9961593222988165,5.9082960537172715,5.952474594116211,411912000
2018-03-09,5.999860572775875,6.0677322060541785,5.983818503411695,6.054898738861084,505524000
2018-03-12,6.096114908568405,6.244198290359063,6.087970068367301,6.164233207702637,605060000
2018-03-13,6.206930271607963,6.281219097922496,6.072420849801904,6.113637447357178,619772000
2018-03-14,6.156582100395406,6.183730939722252,6.07686368945414,6.139059066772461,505496000
2018-03-15,6.152631513591498,6.23481754653168,6.1119082676591585,6.153865337371826,401952000
2018-03-16,6.170156714334644,6.201007497906318,6.132642056064475,6.182003498077393,399456000
2018-03-19,6.125239908830451,6.154115922815285,5.849310414670498,5.948032855987549,713772000
2018-03-20,5.9509927205505395,6.198539475828768,5.9509927205505395,6.159790992736816,554696000
2018-03-21,6.153372753660806,6.2195172076777965,6.104258460578786,6.134615898132324,438688000
2018-03-22,6.0714351955950825,6.11783471313583,5.931742830766804,5.969010353088379,551196000
2018-03-23,5.9825855113898365,5.985053631232409,5.738741108190661,5.749847412109375,735620000
2018-03-26,5.8739887035492195,6.035153158563368,5.822159615755501,6.033919334411621,611424000
2018-03-27,6.114625439406536,6.170156946070293,5.4260361690128125,5.565975189208984,1409000000
2018-03-28,5.5316677081124235,5.661487547125554,5.3556950392324625,5.463055610656738,945904000
2018-03-29,5.531174636059601,5.812286936723993,5.4470138036293445,5.715785980224609,916628000
2018-04-02,5.645446991905177,5.791309405666721,5.368036597236471,5.455652713775635,922092000
2018-04-03,5.622248209008591,5.685183614263393,5.463058017649315,5.5617804527282715,667432000
2018-04-04,5.306582205921579,5.594111775995737,5.281654810646992,5.583745956420898,789168000
2018-04-05,5.641991241895627,5.655071849370176,5.39247019266676,5.463797092437744,701240000
2018-04-06,5.3613725053149714,5.4692269132442615,5.258701006467194,5.2878241539001465,662988000
2018-04-09,5.350759990061053,5.478358880158885,5.296462309575235,5.31645393371582,499524000
2018-04-10,5.546230121596091,5.651863073109065,5.489217655227911,5.6249613761901855,761676000
2018-04-11,5.610154317562081,5.651370925132224,5.551167531829788,5.583745956420898,460244000
2018-04-12,5.6765441678870125,5.807845000871871,5.632365634990733,5.790074825286865,593920000
2018-04-13,5.853503883993969,5.8618953948193875,5.6654377269575935,5.713564872741699,503036000
2018-04-16,5.72022889331756,5.746637250650378,5.619285031639001,5.713318347930908,350792000
2018-04-17,5.765395109678466,5.883862016405811,5.70986360004201,5.862636566162109,447224000
2018-04-18,5.812287664851153,5.904840019200666,5.744909844629974,5.833759784698486,391364000
2018-04-19,5.719736551739346,5.753055463025168,5.597567681103718,5.6528520584106445,471996000
2018-04-20,5.644212913898424,5.728373760812661,5.613609269131381,5.644706726074219,386200000
2018-04-23,5.662475932895828,5.713564536155137,5.499583847186107,5.525498390197754,427508000
2018-04-24,5.551166260663302,5.646926734437676,5.394197566372865,5.459354400634766,414596000
2018-04-25,5.429738026118685,5.468733650886996,5.190336109890054,5.347304821014404,588492000
2018-04-26,5.508715131149812,5.566714747447893,5.4428178169536,5.55856990814209,375824000
2018-04-27,5.664202577898577,5.683947055415949,5.543760935520775,5.585964679718018,400848000
2018-04-30,5.602255909765012,5.651864027486285,5.531422812333573,5.550673484802246,327844000
2018-05-01,5.5425292503028505,5.60867325197152,5.484035807069009,5.605958461761475,253788000
2018-05-02,5.602502754213488,5.6469274892657895,5.559311372689677,5.58547306060791,268248000
2018-05-03,5.61731103135347,5.77650119612448,5.5721453424345535,5.750339508056641,443144000
2018-05-04,5.721709484176091,5.903358900861777,5.704433121841132,5.900150299072266,400660000
2018-05-07,6.004550013665405,6.194590959421235,5.994677536654166,6.13757848739624,687616000
2018-05-08,6.137825638522399,6.182744659246491,6.088958003281233,6.18002986907959,506616000
2018-05-09,6.200020247984949,6.315031869436815,6.172871408225406,6.31281042098999,596760000
2018-05-10,6.365625966957743,6.429301828470158,6.347855794880264,6.420170307159424,994080000
2018-05-11,6.238767205701159,6.411778407736942,6.1834828569283316,6.281958103179932,1214456000
2018-05-14,6.319967962252316,6.3796952200504125,6.278751362181617,6.3024444580078125,523140000
2018-05-15,6.239015354185989,6.241730614738236,5.960371154923462,6.060574531555176,963528000
2018-05-16,6.022073855403854,6.13363022440499,5.985299673876456,6.071681976318359,553828000
2018-05-17,6.073408003224552,6.207176942277236,6.057365465556246,6.113637447357178,519784000
2018-05-18,6.165467240974338,6.228649299168576,6.065016726733699,6.069952964782715,483716000
2018-05-21,6.167194086060734,6.170896028749809,5.935442776367162,6.0279951095581055,640624000
2018-05-22,6.041324557654365,6.066498622370947,5.929521055356509,5.989988803863525,518264000
2018-05-23,5.933928567254295,6.114455749992318,5.933187626474796,6.113220691680908,442956000
2018-05-24,6.109515820940645,6.15915460865383,6.056419623975266,6.116924285888672,437372000
2018-05-25,6.129520311527187,6.172491110798442,6.09395844942009,6.156191825866699,292112000
2018-05-29,6.13816428586472,6.207066134741577,6.092477014262807,6.1391520500183105,352684000
2018-05-30,6.172738920621021,6.256457703695147,6.148042932381396,6.247814178466797,390996000
2018-05-31,6.2159574011822505,6.3023931363836345,6.205338346166855,6.228058338165283,493868000
2018-06-01,6.272755959507304,6.368329309955514,6.264112435698902,6.362154960632324,421968000
2018-06-04,6.39623496639572,6.5626852005448795,6.364130518907523,6.540706157684326,642024000
2018-06-05,6.54391594141346,6.583676617202164,6.499216446209698,6.546138763427734,391712000
2018-06-06,6.456245193873167,6.551324408604708,6.439945913377378,6.548113822937012,371356000
2018-06-07,6.54441104065344,6.55626515110124,6.402409480601927,6.492549896240234,369448000
2018-06-08,6.419945044721785,6.519716296409597,6.401176111447217,6.477239608764648,360456000
2018-06-11,6.464642316951385,6.506131226012895,6.423400231100003,6.43624210357666,265372000
2018-06-12,6.462667277065748,6.496747253066128,6.41253437046188,6.484646320343018,319160000
2018-06-13,6.486129253737014,6.560957684380621,6.471064555678711,6.4802021980285645,338208000
2018-06-14,6.525148193149158,6.648133524098915,6.510330320187141,6.591579914093018,430016000
2018-06-15,6.53453251050194,6.605656702720537,6.503662646855872,6.5508317947387695,432260000
2018-06-18,6.506873987392737,6.564168547630911,6.479708824540797,6.546634674072266,356268000
2018-06-19,6.443650569300422,6.510823694363652,6.297945270102739,6.425128936767578,594932000
2018-06-20,6.4661241210647935,6.530827129095634,6.42784532730209,6.477978229522705,369780000
2018-06-21,6.5098361362595965,6.528110946159926,6.341904024848245,6.349559783935547,359516000
2018-06-22,6.370306361784819,6.3836423565859794,6.182123849951415,6.197434902191162,434160000
2018-06-25,6.091241664685308,6.0949458975569915,5.816870304050774,5.9052815437316895,665816000
2018-06-26,6.018388947483066,6.066545860395572,5.924791119543864,5.976158618927002,478884000
2018-06-27,6.019623653064523,6.085808556712581,5.815882356392251,5.821315765380859,453892000
2018-06-28,5.8114362929792005,5.960105833447963,5.8037805337442965,5.948251724243164,338012000
2018-06-29,6.01320224432875,6.0257968236493795,5.8492211795620355,5.850456237792969,392300000
2018-07-02,5.781060607474855,5.986036462138636,5.760562974904809,5.982332229614258,357572000
2018-07-03,6.016905854307813,6.022832908507527,5.8405770516988,5.848973751068115,222732000
2018-07-05,5.904048047669018,5.999374131820617,5.865275590770831,5.9944353103637695,306216000
2018-07-06,5.969985509795281,6.116432266565003,5.948746931151813,6.108035564422607,296352000
2018-07-09,6.182123284924595,6.191754574158034,6.076918631116165,6.15545129776001,303880000
2018-07-10,6.167798604991752,6.27621335831007,6.127544278022791,6.254234313964844,360016000
2018-07-11,6.161625198114032,6.196199295933689,6.102354643227826,6.112974166870117,367508000
2018-07-12,6.158169070543447,6.252260095063177,6.1482904856599765,6.204349994659424,345508000
2018-07-13,6.222870128482694,6.222870128482694,6.115195848443232,6.15717887878418,246988000
2018-07-16,6.129518508911133,6.1823678755255855,6.117170754972281,6.129518508911133,197036000
2018-07-17,6.080375876369563,6.280165654154368,6.054938948356211,6.265100955963135,362136000
2018-07-18,6.257690504095585,6.271520139470533,6.165080934892665,6.215954303741455,277640000
2018-07-19,6.197186071303986,6.257691203872095,6.182121847244534,6.224104404449463,235752000
2018-07-20,6.221637122961804,6.260409576988923,6.185087020666488,6.195953369140625,222352000
2018-07-23,6.16952729890954,6.1712560036652295,6.008015873799267,6.159401893615723,301584000
2018-07-24,6.20731080752556,6.293746500016172,6.1245793470867955,6.14211368560791,354620000
2018-07-25,6.151498322203546,6.232747903702916,6.0937096627565674,6.220152854919434,319112000
2018-07-26,6.200150835964377,6.330297820610557,6.183357433539448,6.293500900268555,325124000
2018-07-27,6.3300497930174995,6.336964611279997,6.170020267017301,6.223857402801514,295420000
2018-07-30,6.237934822521967,6.243861877359639,5.994186046553237,6.029007434844971,340340000
2018-07-31,6.018635476894755,6.121617293888882,5.979863030994698,6.0470356941223145,283988000
2018-08-01,6.078400529764167,6.133472267190155,6.023081498023042,6.086796760559082,283556000
2018-08-02,6.0156714934528015,6.193234903708827,5.956895533128454,6.189283847808838,269668000
2018-08-03,6.213731531261578,6.249540678019977,6.19693860433143,6.225832462310791,214288000
2018-08-06,6.213237842492863,6.2769530829809215,6.166809646242912,6.273495674133301,207508000
2018-08-07,6.322149211088976,6.364132251409741,6.295477693489961,6.34561014175415,258132000
2018-08-08,6.346843538121106,6.426858069963295,6.312022150661158,6.381911277770996,262100000
2018-08-09,6.399692432306545,6.402408900905554,6.325851778497302,6.333507537841797,204280000
2018-08-10,6.251765215114743,6.324618115629183,6.240652044831633,6.292266368865967,256396000
2018-08-13,6.300908571823642,6.4456265784123525,6.299179867276343,6.32511043548584,375208000
2018-08-14,6.430314854983336,6.470322352538571,6.347336568330863,6.456245422363281,466220000
2018-08-15,6.47699095833535,6.510824584219622,6.319678352245854,6.398211479187012,591136000
2018-08-16,6.467854300733326,6.470323946478373,6.297699335882695,6.357710361480713,801260000
2018-08-17,6.2465778832406516,6.247318823920055,6.019128407167273,6.046047210693359,1143188000
2018-08-20,6.00554516067097,6.252997642649769,5.895401259970184,6.1206278800964355,854388000
2018-08-21,6.1369290435151855,6.260408499235665,6.117172349441379,6.255963325500488,673988000
2018-08-22,6.223364636210694,6.495513174238628,6.219907226590649,6.490573883056641,749856000
2018-08-23,6.45204863879272,6.655048996347029,6.438218999499982,6.5898518562316895,720684000
2018-08-24,6.598248628632078,6.737286434919036,6.593803454673904,6.722715854644775,531512000
2018-08-27,6.752350168671855,6.8876837319511655,6.720986658952772,6.813596248626709,505776000
2018-08-28,6.807669000126902,6.8303894562175875,6.656282980379223,6.776058197021484,475384000
2018-08-29,6.768399284760206,6.906277884162088,6.74764347805968,6.881321430206299,420108000
2018-08-30,6.850186574674709,6.961132100361953,6.827701119628795,6.864518165588379,346608000
2018-08-31,6.844503274538157,6.948282762564248,6.834619289347884,6.935433864593506,306592000
2018-09-04,6.922338244505937,7.047614894699558,6.893922491121525,7.010056972503662,391720000
2018-09-05,6.992512643685579,7.027846996897987,6.798790861002018,6.8795905113220215,393156000
2018-09-06,6.863281933262914,6.865752929537149,6.705883288078337,6.738746643066406,322796000
2018-09-07,6.646828642312467,6.842774478655888,6.602104687719215,6.717497825622559,295420000
2018-09-10,6.73998283713233,6.818064533811941,6.696247189809734,6.788413047790527,220140000
2018-09-11,6.7422053536865345,6.8296766347049624,6.72144955235219,6.740723133087158,243112000
2018-09-12,6.700940977831211,6.720461517566138,6.4718848654366425,6.6270599365234375,419092000
2018-09-13,6.692789328272853,6.795086152279578,6.675492820746895,6.704649925231934,305536000
2018-09-14,6.794838225891879,6.896393689207975,6.758021177420126,6.830419540405273,386936000
2018-09-17,6.80496937323966,6.8538939767110785,6.74937312581886,6.768646240234375,205528000
2018-09-18,6.772600198365273,6.87514397319947,6.690070884880213,6.696742057800293,299520000
2018-09-19,6.678208893027634,6.738252735820211,6.628295993584999,6.720461845397949,224860000
2018-09-20,6.5986450853909,6.640898041448498,6.525752338370183,6.57961893081665,430584000
2018-09-21,6.591478703181241,6.636943996137728,6.476579972697522,6.509690284729004,435128000
2018-09-24,6.478805065198467,6.568747368078857,6.391828146956197,6.565288066864014,293912000
2018-09-25,6.63126152780852,6.657206284213501,6.54576683950899,6.63224983215332,280388000
2018-09-26,6.637190358396318,6.67746669713608,6.579617519208982,6.595431327819824,268548000
2018-09-27,6.630521365257868,6.651771561994558,6.5759138879288095,6.60729455947876,214428000
2018-09-28,6.738994228619711,6.966073277335361,6.711072394239323,6.9438347816467285,709396000
2018-10-01,7.021421956365308,7.216625936870903,6.9828752652292465,7.149910926818848,622060000
2018-10-02,7.1224848297111265,7.233923806628516,7.056510681851803,7.078749179840088,383964000
2018-10-03,7.1489231934250075,7.156336182864405,6.981146632707836,7.084926128387451,320552000
2018-10-04,7.04884985073549,7.073064954441898,6.824241331969578,6.901087760925293,391220000
2018-10-05,6.876378757707457,6.9383992134025885,6.610752530205606,6.668078422546387,426636000
2018-10-08,6.585053494437339,6.700199173981575,6.426419133830126,6.567015647888184,408612000
2018-10-09,6.546507678404485,6.64089756978881,6.493629865346399,6.561333656311035,273500000
2018-10-10,6.455577931761062,6.501290662675619,6.068628718135131,6.070852756500244,684940000
2018-10-11,5.983875083899575,6.117059110065572,5.788424113329541,5.8099212646484375,725436000
2018-10-12,6.066403731472977,6.165982563455266,5.9216065670035585,6.091854095458984,608236000
2018-10-15,6.078512091682682,6.078512091682682,5.815109908898005,5.816098213195801,449760000
2018-10-16,5.928526238278297,6.085430981888948,5.879354680244968,6.07431173324585,408712000
2018-10-17,6.136332125568738,6.174384905851646,5.956941928303111,6.005866527557373,329668000
2018-10-18,6.075053355089918,6.113352624481227,5.858351711491363,5.918642520904541,524020000
2018-10-19,5.973744497573199,5.993264568527614,5.626330310891647,5.662652969360352,613608000
2018-10-22,5.71478911894051,5.814614911975951,5.6107626796087064,5.713306427001953,368844000
2018-10-23,5.446692445200162,5.539600117668825,5.354773548313665,5.462259769439697,626436000
2018-10-24,5.423959349241996,5.470412943975676,4.913463252311688,4.927300453186035,884288000
2018-10-25,4.829945034095181,5.182795024597127,4.785715011630899,5.1356000900268555,951720000
2018-10-26,4.900120171490404,5.061472497382579,4.771878628562228,4.8996262550354,664784000
2018-10-29,5.040468890716492,5.043928190498031,4.349100023015492,4.586557388305664,758016000
2018-10-30,4.609538199239454,5.025891408463385,4.586558358134041,5.016007423400879,807192000
2018-10-31,5.1803260454509195,5.252971840210915,5.04096475374569,5.2094831466674805,745772000
2018-11-01,5.245804717629337,5.398756223719272,5.119539781804047,5.389366626739502,566528000
2018-11-02,5.379977456977233,5.485486598792226,5.194162582349934,5.310544013977051,452960000
2018-11-05,5.297447335171757,5.320674605344344,5.072344905509968,5.232708930969238,379332000
2018-11-06,5.224802170685713,5.3088141591849825,5.1781011421070176,5.215165615081787,299012000
2018-11-07,5.281633079522762,5.372069271192832,5.218129943136577,5.282621383666992,483812000
2018-11-08,5.223567978029523,5.224309324263063,5.036517792877013,5.089890480041504,511352000
2018-11-09,5.001180604058578,5.172169447616001,4.967575911998681,5.081980228424072,413240000
2018-11-12,4.9908039983071895,5.012795535089188,4.661674649055503,4.683419227600098,617116000
2018-11-13,4.781022482432553,5.045906928294173,4.774844754820169,4.924830913543701,644712000
2018-11-14,5.097547999153058,5.111879587806843,4.7647128884577805,4.872445583343506,526580000
2018-11-15,4.866514871608132,5.072838548047372,4.830686138679421,5.00093412399292,840708000
2018-11-16,4.035540321830658,4.216907175007929,3.9932868836499824,4.062967777252197,1963520000
2018-11-19,3.9977344987132506,3.998475373600427,3.5737210081392248,3.5754506587982178,1697820000
2018-11-20,3.312542274195283,3.811672043149815,3.294010270898075,3.6836774349212646,1692032000
2018-11-21,3.820567379554669,3.8373697318689537,3.5485169285988896,3.575697183609009,1025496000
2018-11-23,3.5411035794886003,3.6962784129623447,3.528254682411146,3.582862377166748,411968000
2018-11-26,3.703691870649483,3.79215146946641,3.621409527282587,3.781773567199707,814832000
2018-11-27,3.7558290071386753,3.8796232094339067,3.7200004972496443,3.7985763549804688,738060000
2018-11-28,3.915945058544031,3.96042204772829,3.783749824743226,3.955233097076416,804524000
2018-11-29,3.957458950066156,3.994560033369852,3.861985332152476,3.8921608924865723,549172000
2018-11-30,3.9018069041269503,4.052932375709756,3.8515966290963775,4.042296886444092,729564000
2018-12-03,4.269109523663654,4.320556542831907,4.13900780009926,4.205790042877197,890804000
2018-12-04,4.161268502328295,4.166215439909608,3.8708899653815085,3.8859779834747314,812112000
2018-12-06,3.745735623295295,3.920111172643788,3.730153193644054,3.9151644706726074,692308000
2018-12-07,3.919368571213714,3.929509650956116,3.60178260931714,3.651003360748291,681676000
2018-12-10,3.606235013243494,3.780857997862722,3.602524809979828,3.7561237812042236,629472000
2018-12-11,3.847639836085052,3.8558020941995017,3.5864475764226538,3.6653494834899902,671912000
2018-12-12,3.671038457377919,3.778879199222778,3.581995701440331,3.682910919189453,654136000
2018-12-13,3.7296586464582924,3.793719983726307,3.646799322256131,3.682663679122925,471384000
2018-12-14,3.6411100571739334,3.7247114637579677,3.5988148252338936,3.622312307357788,471820000
2018-12-17,3.5923847793652306,3.664360946283423,3.4934481261898687,3.551326036453247,662868000
2018-12-18,3.5951044880514167,3.7182804478027554,3.567897039578351,3.634431838989258,564372000
2018-12-19,3.6007930418075422,3.654218877998292,3.374475856483022,3.4259228706359863,745364000
2018-12-20,3.4175134638632625,3.507298298895326,3.2819704029459897,3.3415796756744385,749588000
2018-12-21,3.3680447950717873,3.400941264863486,3.1773447657012945,3.2047996520996094,863740000
2018-12-24,3.1286194197487287,3.214941507771103,3.079398423770106,3.1432125568389893,463840000
2018-12-26,3.189218062380206,3.2931014053280694,3.078409194686885,3.292112112045288,695100000
2018-12-27,3.239922220622022,3.2743026307070826,3.0962169090431018,3.2443742752075195,637044000
2018-12-28,3.2649042664283434,3.3982213190004913,3.2231036787085117,3.305715560913086,628728000
2018-12-31,3.3490000177104666,3.381401609081078,3.271334844675895,3.3020052909851074,465140000
2019-01-02,3.2312652465181846,3.4251805962181145,3.2166721129482947,3.369281530380249,508752000
2019-01-03,3.309177863997585,3.3430636293693605,3.1582998159622626,3.165719985961914,705552000
2019-01-04,3.2386866886515766,3.4066313933589445,3.208016469924211,3.3685410022735596,585620000
2019-01-07,3.4256759528263236,3.5837269755322927,3.374476139704022,3.546873092651367,709160000
2019-01-08,3.6282484402620594,3.6304747038239435,3.3861013522102255,3.4585723876953125,786016000
2019-01-09,3.509771426739684,3.5738329882410813,3.4593139422259735,3.5265908241271973,617260000
2019-01-10,3.50729894643275,3.6007937657691107,3.446947574800158,3.592136859893799,523156000
2019-01-11,3.569876246556271,3.70393539771204,3.5421741466955674,3.681180000305176,874764000
2019-01-14,3.6289902806288747,3.7462300105912045,3.6054927992140615,3.721001148223877,730168000
2019-01-15,3.75365026760115,3.792977619724947,3.688599641824776,3.7069029808044434,617012000
2019-01-16,3.7341102764253997,3.7670065139285382,3.6759851770109733,3.681426525115967,470104000
2019-01-17,3.6485311480787166,3.7924837114796404,3.6213234576052775,3.75266170501709,493436000
2019-01-18,3.8023771065316745,3.9074971859100516,3.7509300807763277,3.881526231765747,651336000
2019-01-22,3.8513502383184717,3.8629752589078197,3.6495198025286726,3.6796953678131104,661552000
2019-01-23,3.734852323382457,3.823400426503734,3.6613920018215467,3.692556858062744,591020000
2019-01-24,3.776901450440279,3.921595872471396,3.772201952921261,3.9040348529815674,708972000
2019-01-25,3.8446720680636832,3.979225618492817,3.7422729064266735,3.961169719696045,1154572000
2019-01-28,3.377443831559899,3.503340451934958,3.2401696336174215,3.41355562210083,2511528000
2019-01-29,3.367550847567004,3.415782548644251,3.240417468264105,3.2550106048583984,1153932000
2019-01-30,3.3309445957984027,3.41256718894163,3.2515480304894466,3.398221492767334,974228000
2019-01-31,3.395005804093513,3.591147461293076,3.3732397014718236,3.555530309677124,842852000
2019-02-01,3.574080107297175,3.6307212618017637,3.5265907390049978,3.5797688961029053,625048000
2019-02-04,3.5955989010224516,3.7269371103711824,3.5735855968003305,3.689836025238037,528592000
2019-02-05,3.701708413334939,3.7454878183850253,3.668070088371456,3.708881378173828,542424000
2019-02-06,3.7420251267197253,3.848629364647908,3.7365837785660503,3.784320592880249,702464000
2019-02-07,3.7380677938201123,3.7402938213718713,3.6035142528418165,3.646304130554199,637120000
2019-02-08,3.5792745411478237,3.6754902556945326,3.5649288473641456,3.6648547649383545,461604000
2019-02-11,3.6208281317062947,3.674995825326401,3.5740806086947448,3.622312307357788,495180000
2019-02-12,3.6606512054427034,3.754640925650095,3.6463052707202523,3.739058256149292,591060000
2019-02-13,3.7684905278835923,3.8543179542394554,3.754886686438638,3.7813522815704346,605372000
2019-02-14,3.7803627643669033,3.850360317736697,3.737325215192088,3.8221633434295654,827264000
2019-02-15,4.030425284481418,4.053180443209422,3.868911494579695,3.891666889190674,1516748000
2019-02-19,3.8810312508872418,3.9547390207378252,3.8619860591357598,3.8743529319763184,551892000
2019-02-20,3.9035391980829384,3.9886245474128765,3.8924090597221137,3.9215950965881348,540988000
2019-02-21,3.9342093622392773,3.9586959007466107,3.8382408509623858,3.8528339862823486,448548000
2019-02-22,3.904528185631433,3.956222405060103,3.8909243443573844,3.937424421310425,401740000
2019-02-25,4.020779204193187,4.088055860925728,3.9164009851696213,3.925058126449585,656020000
2019-02-26,3.920358360077931,3.9762574332662384,3.852339384284789,3.885730504989624,488464000
2019-02-27,3.8713853768968467,3.8978507417480444,3.7870418723199095,3.84393048286438,500256000
2019-02-28,3.837739198321296,3.860022883059454,3.7971335512047566,3.8194169998168945,324944000
2019-03-01,3.8691841351638128,3.915732132953226,3.810999137927046,3.873641014099121,357188000
2019-03-04,3.912018998445061,3.93479784486016,3.825360256341027,3.881812334060669,409992000
2019-03-05,3.866213574596318,3.9135044323983146,3.811990055268509,3.8753747940063477,362924000
2019-03-06,3.8664610498022225,3.8748791799768414,3.7619755042596372,3.7646989822387695,403524000
2019-03-07,3.741177514158119,3.7508338899849236,3.6495669725600584,3.695619821548462,450104000
2019-03-08,3.6064849280856133,3.740434514030447,3.585191553100891,3.729787826538086,422416000
2019-03-11,3.7533101469366255,4.012543063609408,3.706266746069921,3.989764451980591,859728000
2019-03-12,4.017494715873952,4.070232528479802,3.941482665201958,4.023932456970215,579576000
2019-03-13,4.061319788358291,4.204182689776566,4.0538917335363385,4.174966335296631,768900000
2019-03-14,4.184126771489781,4.196011468076578,4.091525688857443,4.099201202392578,519384000
2019-03-15,4.142283608263641,4.247016866170139,4.138817277165164,4.20443058013916,661484000
2019-03-18,4.235874755889158,4.289603356815503,4.156148673346275,4.183136940002441,486992000
2019-03-19,4.27747020210782,4.394830989700251,4.260633942280537,4.350511074066162,854972000
2019-03-20,4.379480733777656,4.432713945030418,4.2834133044747515,4.318077087402344,719148000
2019-03-21,4.341102415255136,4.580527596465815,4.336150380188734,4.554282188415527,824312000
2019-03-22,4.52704859076756,4.57557722980771,4.380966808806783,4.394832134246826,747644000
2019-03-25,4.354225351924067,4.4183524656052064,4.236617103821778,4.302725315093994,525212000
2019-03-26,4.444103339017081,4.500060029751345,4.3230287371521126,4.379233360290527,703508000
2019-03-27,4.4047366308241775,4.451036716040804,4.3007462077890555,4.370072841644287,474372000
2019-03-28,4.396068938841398,4.454254178638991,4.335655613518798,4.388641357421875,480264000
2019-03-29,4.455244268976183,4.470100375577985,4.404982477837846,4.445835590362549,456896000
2019-04-01,4.537446956234204,4.543389305207008,4.465891780679068,4.513182640075684,483824000
2019-04-02,4.537199956058425,4.575329599601486,4.49436573598606,4.531009674072266,440920000
2019-04-03,4.5805268315077585,4.729084552925973,4.575574797268356,4.670156478881836,783504000
2019-04-04,4.654807604136904,4.703584172174699,4.59860345356439,4.661245346069336,457376000
2019-04-05,4.704328013433648,4.745181614968253,4.667931529059117,4.72784948348999,481744000
2019-04-08,4.697394152141691,4.773653905545803,4.673377295551012,4.7486467361450195,424192000
2019-04-09,4.715220990409292,4.726362835470245,4.643913276469628,4.686004638671875,439972000
2019-04-10,4.685262590126222,4.782072409229535,4.680805945787416,4.756322383880615,444772000
2019-04-11,4.758796821130248,4.790241725729068,4.693184006452142,4.74245548248291,374600000
2019-04-12,4.7810813189665256,4.78504304231926,4.69590828102607,4.704574108123779,471708000
2019-04-15,4.696898147959655,4.701850183617474,4.533484749268529,4.5731000900268555,440092000
2019-04-16,4.612220746124993,4.6788238817913825,4.579538064717605,4.660006523132324,394964000
2019-04-17,4.694915448293159,4.715713422164518,4.614941949536456,4.63722562789917,351004000
2019-04-18,4.643913169936649,4.67783362459838,4.5849850753044725,4.612715721130371,380988000
2019-04-22,4.5891951787742755,4.682043746684063,4.557750735792783,4.666445255279541,279936000
2019-04-23,4.679566336092608,4.752112286478688,4.669910197465085,4.720914840698242,346856000
2019-04-24,4.731314342912897,4.773901097116765,4.670653554500126,4.733295440673828,318204000
2019-04-25,4.693185872368077,4.715469567769636,4.548342324510202,4.6278204917907715,499296000
2019-04-26,4.47430953565299,4.478766651432413,4.290840992639793,4.409439563751221,868988000
2019-04-29,4.41736306956025,4.467872804201856,4.3453124950681685,4.4401421546936035,391920000
2019-04-30,4.407953395005332,4.506991743956133,4.3888885777669655,4.481489658355713,362920000
2019-05-01,4.533732939797751,4.575824300781846,4.468119644225633,4.468367576599121,354280000
2019-05-02,4.478023351332537,4.577309160901699,4.434941681120272,4.535713195800781,394684000
2019-05-03,4.544133597881279,4.554037201139596,4.469854448308491,4.531258583068848,336824000
2019-05-06,4.345311631039512,4.4651484378754125,4.308172308225487,4.45301628112793,422176000
2019-05-07,4.404735681096283,4.404735681096283,4.23810339107594,4.286137104034424,555220000
2019-05-08,4.258653132717726,4.386164973810182,4.246768436734894,4.306191444396973,419168000
2019-05-09,4.23736147233168,4.2470176146288425,4.0952413999958726,4.213839530944824,660248000
2019-05-10,4.1831366828979535,4.248502045374708,4.060576392127971,4.179917812347412,569500000
2019-05-13,4.048197112847471,4.071223656609961,3.9073148442360175,3.923161029815674,656912000
2019-05-14,3.96277581335092,4.047206466862857,3.9241510195799183,4.01204776763916,524880000
2019-05-15,3.956585929261325,3.9875354446133415,3.897410612695974,3.951138973236084,502320000
2019-05-16,3.9456920247122484,4.008829068263898,3.903353202214998,3.9662423133850098,781088000
2019-05-17,3.9243988357806634,4.053396399499504,3.8362546249082308,3.875622272491455,1022068000
2019-05-20,3.7770789611764095,3.8320453318194754,3.7325115825736925,3.7572712898254395,572064000
2019-05-21,3.8179323897499655,3.8550717152495353,3.7793073589998123,3.8392255306243896,361848000
2019-05-22,3.8006010721733703,3.8265985550973993,3.7575191579868314,3.768413543701172,325868000
2019-05-23,3.706266750992323,3.706266750992323,3.5879158682421104,3.6475865840911865,591844000
2019-05-24,3.666403490211776,3.701562190682717,3.5871728021513483,3.593858003616333,357584000
2019-05-28,3.6114368630177487,3.644119541013347,3.5468141234347845,3.548794984817505,428356000
2019-05-29,3.5012569849778905,3.536167989916481,3.440100802270634,3.474764347076416,559800000
2019-05-30,3.4779868948997428,3.5136814493654405,3.4100680734583735,3.4482414722442627,394300000
2019-05-31,3.3994093624652377,3.4665844859095674,3.356030530779458,3.3577656745910645,389720000
2019-06-03,3.368919825115276,3.407588942230268,3.2868721180272984,3.316121816635132,478644000
2019-06-04,3.380074213399917,3.549871243975112,3.358013069291645,3.544665813446045,641836000
2019-06-05,3.618285942697726,3.62373935243207,3.465840576664286,3.502030849456787,511616000
2019-06-06,3.506244674432135,3.5885403561906575,3.5037658304501402,3.564000368118286,408140000
2019-06-07,3.5699493411010246,3.6408424792417895,3.5508625269591887,3.606635332107544,348856000
2019-06-10,3.6626563346899035,3.747678846182901,3.6626563346899035,3.6792643070220947,402780000
2019-06-11,3.739002925618497,3.7766806010339296,3.6973594777116645,3.736772060394287,383872000
2019-06-12,3.6933931797938406,3.6995902902123228,3.6088666266878255,3.6239871978759766,358892000
2019-06-13,3.6460480657400254,3.693392898309219,3.628448651725786,3.6750500202178955,308080000
2019-06-14,3.5820953038139884,3.6063873115745735,3.540699604485733,3.585317611694336,394428000
2019-06-17,3.5835827060581185,3.631919218635004,3.5607778612532806,3.594985246658325,276040000
2019-06-18,3.6562124585870923,3.844848154140171,3.6453058722341245,3.7895712852478027,581920000
2019-06-19,3.824769050974875,3.8361713558137254,3.7694919612169655,3.7955193519592285,331644000
2019-06-20,3.8859955019712755,3.899876652621629,3.8054349487239656,3.8198118209838867,350168000
2019-06-21,3.804938523304347,3.8540184995073092,3.7553625891879383,3.761807441711426,434428000
2019-06-24,3.7831250635560445,3.81361418219415,3.7360279741490294,3.784116506576538,282948000
2019-06-25,3.7890742232735475,3.8639336089880127,3.75214025193033,3.7548668384552,311868000
2019-06-26,3.8820301705917473,4.008696401581941,3.8691404609096858,3.9477179050445557,584072000
2019-06-27,4.033235228451945,4.06521151620896,3.9972926952527104,4.0461249351501465,445440000
2019-06-28,4.089999897797798,4.099171575360324,4.02431217194455,4.070913314819336,397668000
2019-07-01,4.277643639416192,4.311851028416398,4.081571454721185,4.119001388549805,709756000
2019-07-02,4.102394763269684,4.12346471129358,4.008201008644916,4.02133846282959,400228000
2019-07-03,4.04463680121385,4.050338189355726,3.9744873640486977,4.034225940704346,246636000
2019-07-05,3.9759752144020695,3.9804369447260943,3.908551883224979,3.9717612266540527,396552000
2019-07-08,3.9122699181399576,3.931108754208727,3.866908207875438,3.8969013690948486,329788000
2019-07-09,3.854762903707792,3.9273914426895513,3.842121174534404,3.899381160736084,342860000
2019-07-10,3.9427589731733534,4.024806674809341,3.9288778253043866,3.9675469398498535,452076000
2019-07-11,4.040423459528527,4.162379948970753,4.003241741369174,4.12172794342041,682560000
2019-07-12,4.149491032461163,4.2255900997530675,4.149491032461163,4.154696464538574,506392000
2019-07-15,4.175765807919174,4.191877587104491,4.118010105310479,4.146267890930176,289840000
2019-07-16,4.131395050866482,4.16857676853829,4.086033099999635,4.1415581703186035,341444000
2019-07-17,4.143293304914357,4.213690967589586,4.114043605126142,4.206750392913818,348204000
2019-07-18,4.2171612926417925,4.281113866380775,4.160644778812667,4.218400478363037,442192000
2019-07-19,4.256575544982725,4.263020163926617,4.169321900635632,4.175271034240723,344896000
2019-07-22,4.196587848196946,4.25954898686001,4.189151314543984,4.246659278869629,315940000
2019-07-23,4.285823730358957,4.356220919527254,4.27020696470607,4.354238033294678,428176000
2019-07-24,4.397369154134487,4.434303131051249,4.321518313945671,4.4286017417907715,366236000
2019-07-25,4.387206112042795,4.399848076562372,4.274421292935521,4.297721862792969,392700000
2019-07-26,4.324739418846175,4.38621313051203,4.324739418846175,4.339612007141113,274160000
2019-07-29,4.3324240653372845,4.349527756106696,4.24541868348631,4.333415508270264,248160000
2019-07-30,4.287062718608438,4.36117840703827,4.2726856121064625,4.349032402038574,197772000
2019-07-31,4.317551641140734,4.3185435570114254,4.1400705645445735,4.1822099685668945,359416000
2019-08-01,4.192621578676747,4.282849534099801,4.035962197152709,4.088016986846924,421212000
2019-08-02,3.9955556392669678,4.0647140856711745,3.94821105956375,3.9955556392669678,428348000
2019-08-05,3.812375055230867,3.8136144773001788,3.690914529185375,3.7377636432647705,589156000
2019-08-06,3.8123750449167093,3.8577367578319723,3.728839936114921,3.776432514190674,361272000
2019-08-07,3.715702523732139,3.8265044533167827,3.698351086327852,3.814606189727783,372560000
2019-08-08,3.872113689689733,3.9241682321295746,3.8148537166454655,3.922928810119629,309300000
2019-08-09,3.882028325401216,3.885498612020314,3.771474402259487,3.821793794631958,341816000
2019-08-12,3.769740219929557,3.8217947688812868,3.732310521570911,3.7541239261627197,279200000
2019-08-13,3.7526359861963545,3.9140050411375022,3.713719128664831,3.868147373199463,351956000
2019-08-14,3.7801508866940603,3.7913054492057885,3.676289773160059,3.719916343688965,419880000
2019-08-15,3.7387555114348254,3.7585857940072143,3.6534852490944294,3.687692403793335,477200000
2019-08-16,3.9499480341505486,4.004233210635845,3.888721810046788,3.955153465270996,1007960000
2019-08-19,4.068186623792393,4.2491380163327985,4.052074371012667,4.233273506164551,815112000
2019-08-20,4.227818628771723,4.228314586586125,4.140069554951562,4.161139488220215,463188000
2019-08-21,4.22707624393112,4.29945679431367,4.205510818927859,4.244427680969238,427244000
2019-08-22,4.254094466555244,4.296481607546231,4.211459110233813,4.250624179840088,303488000
2019-08-23,4.1742780845028475,4.228563495368226,4.006711906139541,4.0265421867370605,568056000
2019-08-26,4.105119618507018,4.129163884209364,4.062980217889895,4.101153373718262,318208000
2019-08-27,4.139325664320654,4.142052250196877,3.981427170880689,4.010676860809326,290968000
2019-08-28,3.9843777508732217,4.052859785496101,3.945173900337365,4.00025749206543,255612000
2019-08-29,4.091566632451565,4.1759288700905,4.0880929099579335,4.143672943115234,357976000
2019-08-30,4.189824543304017,4.239449565283456,4.1382146718883694,4.156327724456787,290616000
2019-09-03,4.083627083659792,4.1166274499411415,4.050626717378443,4.073453903198242,296140000
2019-09-04,4.133996389171437,4.194787015628675,4.133996389171437,4.187343120574951,227728000
2019-09-05,4.289321741960317,4.465986085467713,4.287584880726188,4.45978307723999,695676000
2019-09-06,4.436458583586314,4.493279023714771,4.39477391760945,4.432736873626709,376976000
2019-09-09,4.46375276513396,4.5649876386334665,4.46226389171977,4.478640079498291,417524000
2019-09-10,4.445887387995308,4.571686297593129,4.436210658009127,4.545137405395508,352812000
2019-09-11,4.5597769283241165,4.621807955255365,4.530746263849502,4.573671817779541,361512000
2019-09-12,4.620070801973529,4.6746579318485,4.564242786613247,4.572182655334473,327840000
2019-09-13,4.5056847070655515,4.5426552320366245,4.470699030616971,4.514369010925293,324592000
2019-09-16,4.4394352479458075,4.505932401714501,4.429014083991992,4.471443176269531,231832000
2019-09-17,4.478145170088164,4.497002660293803,4.431745881458406,4.49278450012207,223048000
2019-09-18,4.485836191910457,4.50146794370118,4.379390729822373,4.465737819671631,258152000
2019-09-19,4.4716919031420375,4.4900534102224805,4.379637799741761,4.390307426452637,245476000
2019-09-20,4.389315980085497,4.412887601997053,4.274682658844729,4.284855365753174,350244000
2019-09-23,4.285103736213856,4.383608854453236,4.281381552536594,4.338201999664307,249712000
2019-09-24,4.369464638144138,4.398991271139277,4.245402614103785,4.280884265899658,317268000
2019-09-25,4.280388956161692,4.441917996754072,4.2357265399009565,4.422316074371338,308432000
2019-09-26,4.41264023774946,4.421324545641973,4.349368310807681,4.400233745574951,234564000
2019-09-27,4.358549497883577,4.40916694978113,4.201238569050939,4.261781215667725,362056000
2019-09-30,4.287585073796738,4.329269745292927,4.256321096915382,4.319096565246582,186184000
2019-10-01,4.342171953292758,4.491046514914633,4.312645312736866,4.317359447479248,366008000
2019-10-02,4.295524372954725,4.30743441273116,4.221335322035488,4.293539524078369,293372000
2019-10-03,4.29800588359513,4.504941296869655,4.267734807064955,4.4987382888793945,450588000
2019-10-04,4.500971908211548,4.544393918211177,4.435963597026066,4.515115261077881,265524000
2019-10-07,4.579874825820831,4.673169354026785,4.57119051991119,4.573671817779541,480984000
2019-10-08,4.482113596779682,4.482113596779682,4.379390327827567,4.39750337600708,444436000
2019-10-09,4.4741742246574345,4.5332279835979445,4.445392018572494,4.483850955963135,292412000
2019-10-10,4.4816175003554894,4.592280635404591,4.476406917044007,4.541415214538574,309124000
2019-10-11,4.625281701814051,4.697981884026245,4.60642421652328,4.614860534667969,446404000
2019-10-14,4.606175961127843,4.64910151719913,4.575160446115078,4.628259181976318,200040000
2019-10-15,4.718328018520987,4.944865345798221,4.704432656393893,4.87241268157959,664124000
2019-10-16,4.838419056319575,4.943127626771624,4.807403549548295,4.818817138671875,428944000
2019-10-17,4.86323130546718,4.908141696377654,4.766462607517455,4.820802211761475,263436000
2019-10-18,4.8212991654191635,4.853803550159522,4.652326719542549,4.726515769958496,307440000
2019-10-21,4.787802639758155,4.876879481697929,4.768945154666601,4.863480567932129,261868000
2019-10-22,4.920300838221016,5.0252574148366165,4.845863798218304,4.853555679321289,328720000
2019-10-23,4.771675887794921,4.854797253245495,4.739915931328009,4.840654373168945,279916000
2019-10-24,4.881841793248821,4.918067891470254,4.847849005161255,4.884571552276611,232020000
2019-10-25,4.964964234557789,5.0959737537874785,4.95727235193186,5.075131416320801,423092000
2019-10-28,5.118800531489562,5.1833128612970585,5.089521876933053,5.1309590339660645,330792000
2019-10-29,5.117063447958273,5.123514917288467,5.015581059249241,5.0349345207214355,211236000
2019-10-30,5.061731622001463,5.067438654333333,4.968933070897511,5.036919116973877,205960000
2019-10-31,5.016075852980605,5.036918182965631,4.908142020373093,4.987789630889893,209732000
2019-11-01,4.952559096798636,5.059004596893998,4.927498592768093,5.0267486572265625,283640000
2019-11-04,5.107634229366271,5.235418459130673,5.0845590597428405,5.2230119705200195,376716000
2019-11-05,5.222764400863678,5.248817319143139,5.153041491044939,5.200929641723633,300868000
2019-11-06,5.176860644912417,5.202417109724963,5.064460188210242,5.151800155639648,269012000
2019-11-07,5.238147862634401,5.252787188243311,5.124754967800568,5.169417381286621,280340000
2019-11-08,5.152545549764464,5.187034786552671,5.1150785661477896,5.15552282333374,189100000
2019-11-11,5.154779035818744,5.18852384014965,5.068679926912906,5.1654486656188965,243436000
2019-11-12,5.20365892745874,5.256757661793327,5.168673242012615,5.200929641723633,283504000
2019-11-13,5.1696651242392395,5.197206913033918,5.108874987963954,5.175124168395996,300188000
2019-11-14,5.184057390287869,5.207629485656896,5.124259667709916,5.2053961753845215,518080000
2019-11-15,5.203162361898849,5.254772221671864,4.978361886515721,5.066446304321289,1053628000
2019-11-18,5.059000868154515,5.293725990167558,5.056023595579664,5.267177104949951,574588000
2019-11-19,5.236163163136437,5.259734782811542,5.102672367728209,5.160733222961426,414564000
2019-11-20,5.137906487994394,5.3235031346345885,5.125252009839649,5.239885330200195,472588000
2019-11-21,5.235418991269967,5.290998551465639,5.19348586004434,5.2150726318359375,288388000
2019-11-22,5.23765150302719,5.284050778422608,5.209117287982455,5.232689380645752,224100000
2019-11-25,5.360472643456192,5.493715437128339,5.34757017994659,5.488752841949463,506476000
2019-11-26,5.471135649951697,5.475850257245019,5.377841134297487,5.3842926025390625,385244000
2019-11-27,5.42973391735485,5.46399996004786,5.392736101303444,5.419056415557861,215784000
2019-11-29,5.388266895376397,5.416573524581934,5.357973005159174,5.381810665130615,141556000
2019-12-02,5.374857618547784,5.388266419499602,5.18068149080554,5.195827960968018,372036000
2019-12-03,5.012578685454581,5.160321333465781,4.975332691476216,5.156348705291748,465232000
2019-12-04,5.239778035168698,5.262125719687644,5.171493654075639,5.200048923492432,273424000
2019-12-05,5.221901034014239,5.237544320755254,5.152623012378893,5.183165073394775,184884000
2019-12-06,5.252194759398877,5.301111409899657,5.242262242631657,5.26833438873291,232236000
2019-12-09,5.245490357941851,5.322962283735688,5.236799642574766,5.26833438873291,211880000
2019-12-10,5.298380850189331,5.364927591116094,5.245739730644327,5.313279628753662,256388000
2019-12-11,5.323705549299849,5.402170606689801,5.321222420910559,5.396707534790039,233796000
2019-12-12,5.367904674619111,5.581945344521159,5.358965790344056,5.56381893157959,404348000
2019-12-13,5.566799639646705,5.6857388190319105,5.5079504769970145,5.561833381652832,454704000
2019-12-16,5.609259960549348,5.662894219865034,5.581201029609997,5.590636730194092,320976000
2019-12-17,5.609259825760161,5.6912011848591,5.599824125402804,5.668605327606201,321196000
2019-12-18,5.7033691892957465,5.759238415249279,5.694926644287925,5.698899745941162,343548000
2019-12-19,5.733413606342329,5.860050342253355,5.7284473483987375,5.846641540527344,445360000
2019-12-20,5.912939172025918,5.969056556472386,5.893819601347594,5.943729400634766,603044000
2019-12-23,5.9722840686250755,6.0043156215903055,5.919394804297216,5.930071830749512,355060000
2019-12-24,5.914678144062526,5.942240261753774,5.880411625071578,5.925107002258301,138864000
2019-12-26,5.928583932666879,5.967319898864796,5.909712528087753,5.939261436462402,182852000
2019-12-27,5.954405695747302,5.967814494817426,5.855331095356012,5.881651878356934,254644000
2019-12-30,5.859801829264254,5.8650162577180085,5.737386372392708,5.768672943115234,258056000
2019-12-31,5.733413701629686,5.852104710968625,5.714294129198366,5.8426690101623535,231004000
2020-01-02,5.928335093025683,5.957138538360596,5.877928945287473,5.957138538360596,237536000
2020-01-03,5.83770244367291,5.905490488683201,5.812871628462756,5.861788272857666,205384000
2020-01-06,5.7686732819433395,5.89158508763454,5.742601138143197,5.886370658874512,262636000
2020-01-07,5.914678168348962,6.003323936985491,5.869734620146879,5.957635402679443,314856000
2020-01-08,5.953413060374501,6.010027258014917,5.913435777645766,5.968808174133301,277108000
2020-01-09,6.054970904760999,6.106618845916107,5.980727107752627,6.034361362457275,255112000
2020-01-10,6.141380980474923,6.1716743897886515,6.052487065850214,6.066640377044678,316296000
2020-01-13,6.149576480886754,6.281923983662668,6.126980149927382,6.256844997406006,319840000
2020-01-14,6.214135687983089,6.239463317637183,6.126979903415702,6.140140533447266,359088000
2020-01-15,6.152802399398932,6.175150079684374,6.071854219450912,6.097678184509277,263104000
2020-01-16,6.151064667582227,6.187069318624034,6.127723829176326,6.18110990524292,284192000
2020-01-17,6.200229116867411,6.207678501568275,6.142373602488057,6.189800262451172,253792000
2020-01-21,6.153299881678846,6.1900495201260926,6.122509656861109,6.156527996063232,217916000
2020-01-22,6.201721310324639,6.296822835062308,6.182849907874976,6.21041202545166,239240000
2020-01-23,6.250389431731005,6.2871386039958095,6.161743668888831,6.278696060180664,244516000
2020-01-24,6.393909849337127,6.443571474503476,6.165467226066961,6.219598293304443,373512000
2020-01-27,5.91566936319543,6.015240772317174,5.766436808495874,5.9643378257751465,470536000
2020-01-28,6.030139760177138,6.1895530171885635,5.977001849970545,6.157273292541504,310976000
2020-01-29,6.142870530853688,6.178875180492705,6.057204262843044,6.096933841705322,258848000
2020-01-30,5.999350082914366,6.117047926796072,5.944474498630881,6.103639125823975,290504000
2020-01-31,6.05795012762334,6.069868955650473,5.8290111609015804,5.870726585388184,370420000
2020-02-03,5.85260089433316,5.986935186573986,5.846393308772589,5.967567443847656,255564000
2020-02-04,6.109100588318635,6.155534090662755,6.059190801247502,6.136414051055908,271544000
2020-02-05,6.257093597361398,6.267274284490505,6.143368843165741,6.2265520095825195,208220000
2020-02-06,6.26081803092759,6.313210487365723,6.179869829185719,6.313210487365723,218284000
2020-02-07,6.273233053761534,6.2953325687371064,6.221833281757143,6.247160911560059,189752000
2020-02-10,6.269757213066146,6.530479600799783,6.264790955072942,6.529735088348389,529608000
2020-02-11,6.637748408041317,6.766371455351388,6.575919776508791,6.651901721954346,638556000
2020-02-12,6.704542714595026,6.773820731779094,6.66580675646444,6.767364501953125,374644000
2020-02-13,6.709507159197495,6.7907035100414435,6.682193222438286,6.723660469055176,528016000
2020-02-14,7.132871241875488,7.324316034279077,7.1015846769682796,7.195693016052246,1041924000
2020-02-18,7.092647159324658,7.3824221104221035,7.073279416105086,7.364047050476074,620164000
2020-02-19,7.486214888611148,7.831858609859913,7.486214888611148,7.814228534698486,694332000
2020-02-20,7.766302623266288,7.854451545428486,7.358582244912764,7.665241718292236,810052000
2020-02-21,7.553257158608696,7.578336145082304,7.217297345134649,7.3019700050354,768180000
2020-02-24,6.709011544937188,6.999034626035026,6.654632306032912,6.785738468170166,856916000
2020-02-25,6.860726869565134,6.922555491031663,6.405331612652643,6.506889343261719,1055496000
2020-02-26,6.507137545574785,6.8396210206918395,6.505648047340765,6.645941257476807,747732000
2020-02-27,6.333136140736128,6.633767803366144,6.183814297198913,6.275991439819336,906416000
2020-02-28,6.024057286664083,6.769424425321909,6.007410894172658,6.710043430328369,1133252000
2020-03-02,6.879738226215909,6.896881729577299,6.484693639055509,6.86806058883667,890744000
2020-03-03,6.923714628259005,6.983343935019494,6.520967896060199,6.6061882972717285,652792000
2020-03-04,6.713273723231877,7.07825514478719,6.638736722285123,7.068813800811768,597408000
2020-03-05,6.869801250527407,7.036266618537501,6.745573378098731,6.7900471687316895,540328000
2020-03-06,6.610909484146133,6.668302976848197,6.410157130141035,6.609915733337402,515412000
2020-03-09,5.960452643701263,6.444941485450852,5.917718514026595,6.098097324371338,614160000
2020-03-10,6.373882922902069,6.486681938171387,6.111762534362907,6.486681938171387,580648000
2020-03-11,6.347048975596242,6.3753730040323875,6.026789699293367,6.123687267303467,499964000
2020-03-12,5.60168251557704,5.866536307886631,5.361674389912644,5.374345779418945,816540000
2020-03-13,5.726904246684154,5.988279679616138,5.456336262840261,5.983807563781738,634836000
2020-03-16,5.277449768223513,5.617586123639612,4.820042711797825,4.879672050476074,726972000
2020-03-17,4.99172237870579,5.487391610271382,4.7455030222561305,5.398195743560791,833632000
2020-03-18,4.971599521592483,5.2160797892647,4.489098604368338,5.03917932510376,874268000
2020-03-19,5.017811170475434,5.384780539879821,4.804885019488233,5.291361331939697,765512000
2020-03-20,5.44118067542152,5.722432568837711,5.096572776070153,5.1119771003723145,804636000
2020-03-23,5.110984048168606,5.378571335185954,4.932344362135229,5.2844061851501465,643876000
2020-03-24,5.689635972329596,6.277482494566809,5.666032849202426,6.191019535064697,1101644000
2020-03-25,6.305806086188471,6.505067588828619,6.053871996434698,6.102569580078125,793432000
2020-03-26,6.309285031074328,6.515006644099514,6.211393690193772,6.391275882720947,696108000
2020-03-27,6.211392002207341,6.5373659227235725,6.178595860017952,6.2792205810546875,638828000
2020-03-30,6.344564958091358,6.607928356954407,6.300588285202859,6.598735332489014,602252000
2020-03-31,6.6387362963410945,6.84247037341055,6.403945729901024,6.54929256439209,949960000
2020-04-01,6.351769813017478,6.4978615949247445,5.994738920187565,6.039212226867676,656912000
2020-04-02,6.06828211430881,6.360466172613561,6.020330439771605,6.3472981452941895,675764000
2020-04-03,6.309782161502397,6.351274225977668,5.9229367585123605,6.060084342956543,663212000
2020-04-06,6.341583727049638,6.705323069101554,6.284190233065796,6.668551445007324,727884000
2020-04-07,6.889675569253382,6.913279161036016,6.3927642325792124,6.435747146606445,784520000
2020-04-08,6.544571154388917,6.65737015384119,6.474755072203678,6.632524490356445,542444000
2020-04-09,6.75799563614717,6.780853326872135,6.47028368318691,6.533143043518066,525564000
2020-04-13,6.473513100836527,6.713272880415038,6.385311444319896,6.7045769691467285,398408000
2020-04-14,6.832531728016859,7.088937907231297,6.804953130241058,7.0548996925354,530948000
2020-04-15,6.8871921794394515,7.060365936147796,6.841973436906401,6.977630138397217,366148000
2020-04-16,7.132667432102956,7.428826534022673,7.1194994029854035,7.321990489959717,745620000
2020-04-17,7.4039804904478155,7.425347792957144,7.129188706028905,7.262857913970947,539120000
2020-04-20,7.136642200158554,7.292175341512701,7.087696299119069,7.131921291351318,449388000
2020-04-21,7.014153273806916,7.075272975745173,6.636500486196766,6.69612979888916,735160000
2020-04-22,6.887937472455997,7.152294614390537,6.842470411605959,7.109560012817383,483356000
2020-04-23,7.1515491508620865,7.28323037195008,7.031296300850552,7.056390285491943,424160000
2020-04-24,7.0462045218903055,7.1970167604675614,6.971667519957497,7.195029258728027,352328000
2020-04-27,7.3291959080035864,7.540631698077307,7.304598558829222,7.381123065948486,479388000
2020-04-28,7.52820840117151,7.5580232971718875,7.2335401756686055,7.239006042480469,442904000
2020-04-29,7.373420867111231,7.468082631149315,7.298387223684967,7.415410041809082,379160000
2020-04-30,7.361493250975886,7.4154083722328785,7.2479492974371595,7.261862754821777,375916000
2020-05-01,7.064837711480267,7.177885036259341,6.977629802301647,7.025830268859863,342096000
2020-05-04,6.9786235872010405,7.250931203108053,6.9786235872010405,7.2372660636901855,317556000
2020-05-05,7.3411205831014055,7.460379202042256,7.237265811479823,7.298137664794922,368896000
2020-05-06,7.377396350477383,7.50336340077888,7.339630972534059,7.398763179779053,323464000
2020-05-07,7.53764894288539,7.637776560709775,7.486467223583362,7.574668884277344,373732000
2020-05-08,7.64622512685557,7.770452993982035,7.6124352266109785,7.764241695404053,339216000
2020-05-11,7.759272663656854,8.062388970419114,7.730700310360557,8.015679359436035,469060000
2020-05-12,8.073319732712656,8.122016839695085,7.744612838906281,7.754302501678467,493060000
2020-05-13,7.868592632588932,8.02859789180375,7.547836208662022,7.731942176818848,625852000
2020-05-14,7.793310242924899,7.98636043186477,7.640012928874342,7.980894565582275,602312000
2020-05-15,7.841015060461227,8.447992184242215,7.825362416366955,8.438302993774414,987660000
2020-05-18,8.706388103256147,8.861424659028698,8.626882323031813,8.69620132446289,774460000
2020-05-19,8.735953116604614,9.031366821129271,8.708622830378046,8.75110912322998,717320000
2020-05-20,8.935461023510964,8.987139854918718,8.833842543023762,8.914590835571289,587536000
2020-05-21,8.995587993509218,8.996581270452394,8.683527484566827,8.721044540405273,761068000
2020-05-22,8.770733780605472,9.03683055382397,8.659426119365394,8.970492362976074,1038764000
2020-05-26,9.100186813930394,9.125032953045377,8.61843140772294,8.663898468017578,770780000
2020-05-27,8.571721934524938,8.579423621709141,7.947352618383713,8.472588539123535,1175892000
2020-05-28,8.360282146231796,8.706381187619492,8.32748601424523,8.434571266174316,734896000
2020-05-29,8.501656726855527,8.820673942565918,8.4325860729438,8.820673942565918,745256000
2020-06-01,8.778686633499351,8.786140002346322,8.63582439463739,8.751852989196777,389876000
2020-06-02,8.741913641016255,8.782659789629411,8.604517298064136,8.770733833312988,391320000
2020-06-03,8.767753908839891,8.811481787736001,8.64625851321786,8.71532917022705,365440000
2020-06-04,8.678043432788487,8.892061426403298,8.627832561939305,8.716323852539062,424280000
2020-06-05,8.74416371287131,8.945504066976902,8.658158641672431,8.868945121765137,481748000
2020-06-08,8.826441189640361,8.838869456825446,8.636037519288681,8.754605293273926,387736000
2020-06-09,8.749630411526866,9.057607058117851,8.701159524507204,8.994221687316895,468488000
2020-06-10,9.1152757341884,9.445623635871778,9.101106547747797,9.313136100769043,632180000
2020-06-11,9.097630502445824,9.208243698238016,8.735714449990189,8.745905876159668,583652000
2020-06-12,9.110060394308222,9.134668499218023,8.653438384742163,8.881376266479492,570908000
2020-06-15,8.764794924642382,9.129693970720945,8.69370339239362,9.12124252319336,400004000
2020-06-16,9.172198981222923,9.213709970031696,8.788159278394854,9.016593933105469,535716000
2020-06-17,9.061588926015345,9.245778000808796,9.018336998285697,9.183138847351074,408304000
2020-06-18,9.174190510142289,9.22937289230721,9.062334201940955,9.165242195129395,254408000
2020-06-19,9.189600491316718,9.390940867747382,9.174437570476622,9.208242416381836,524160000
2020-06-22,9.246771661468518,9.476697912993025,9.220174203686891,9.472223281860352,398468000
2020-06-23,9.496331996252083,9.587308552735838,9.353653978073853,9.395910263061523,375108000
2020-06-24,9.422012461612931,9.501803887247242,9.092161313313138,9.18264102935791,449372000
2020-06-25,9.302203828855783,9.450599648847081,9.129696769818231,9.435685157775879,376072000
2020-06-26,9.445626707798452,9.445626707798452,9.072773021964302,9.102601051330566,592084000
2020-06-29,9.117266222856149,9.151817312552694,8.849059572517856,9.147342681884766,342248000
2020-06-30,9.260690499073652,9.47172542178639,9.213462711530727,9.443388938903809,367892000
2020-07-01,9.466254726023939,9.520940217849656,9.35912153125981,9.475451469421387,326648000
2020-07-02,9.583829361365101,9.681765828943993,9.523427067505946,9.557232856750488,364056000
2020-07-06,9.685989553860882,9.852033490649278,9.65690683203007,9.782931327819824,315892000
2020-07-07,9.889323129713429,10.012364587676132,9.794369726464941,9.8152494430542,357800000
2020-07-08,9.936549995462096,10.16647718547054,9.90846194337441,10.157527923583984,365480000
2020-07-09,10.320837695475568,10.509501363844844,10.174927184561719,10.448850631713867,494548000
2020-07-10,10.528143708751548,10.594262798531828,10.319345634913779,10.419270515441895,497676000
2020-07-13,10.534360613748039,10.730481084738214,9.967622319267779,9.99471664428711,457076000
2020-07-14,10.017337234248702,10.34321161679843,9.72949390388349,10.317608833312988,542676000
2020-07-15,10.35464256132505,10.373284483795743,9.998194021875896,10.168712615966797,403984000
2020-07-16,9.95767661924684,10.148328658378837,9.838860452437093,10.076741218566895,344964000
2020-07-17,10.166974030828735,10.189842154212721,10.03001277488039,10.143111228942871,266284000
2020-07-20,10.215445849899917,10.470974892299653,10.098618052123475,10.450592041015625,284852000
2020-07-21,10.452826194760581,10.49955806042744,10.227871487131212,10.26938247680664,277036000
2020-07-22,10.308159471542753,10.54181405224988,10.23259426307041,10.37900161743164,367292000
2020-07-23,10.390190166748868,10.48663511726598,9.973837034694547,10.071773529052734,411660000
2020-07-24,9.818480016011662,10.305426819954247,9.721041347995266,10.136151313781738,473292000
2020-07-27,10.17368489136173,10.381985159654809,10.15926726913902,10.361851692199707,292132000
2020-07-28,10.31487200985098,10.322577211722987,10.150816447226648,10.15703010559082,271636000
2020-07-29,10.331278432812663,10.456059859977755,10.287779025754707,10.405600547790527,284508000
2020-07-30,10.315614199396096,10.562194808242955,10.23632062233422,10.55324649810791,308880000
2020-07-31,10.502788631136903,10.704876167416607,10.373284166869748,10.553994178771973,386080000
2020-08-03,10.67107288009153,11.03522669529022,10.653921549349986,10.947233200073242,412720000
2020-08-04,10.98675327923711,11.163485527038574,10.84357743926811,11.163485527038574,310336000
2020-08-05,11.179645121303212,11.30666338727199,11.102339920529543,11.222149848937988,249924000
2020-08-06,11.284789542978082,11.292992559456534,11.114768727732969,11.270621299743652,244316000
2020-08-07,11.24775298021625,11.438902888927283,10.974327320204562,11.13539981842041,342516000
2020-08-10,11.269377922253069,11.342953785393757,10.794361590484725,11.101096153259277,427796000
2020-08-11,11.010367521177148,11.073007607753555,10.733958811085435,10.787899017333984,354512000
2020-08-12,10.927843787475073,11.401367625316079,10.895529538580869,11.374771118164062,464412000
2020-08-13,11.479915466163844,11.654660281162782,11.290754924571592,11.3775053024292,374460000
2020-08-14,11.464007430364193,11.637757569633939,11.375020209739501,11.49781322479248,366436000
2020-08-17,11.78341797703203,12.338721639164778,11.749613132917666,12.266387939453125,621300000
2020-08-18,12.37874242255525,12.424479620147759,12.017074833283205,12.19057559967041,503448000
2020-08-19,12.226119746907969,12.244513237961666,12.028755255290813,12.069024085998535,622624000
2020-08-20,11.906460065788977,12.30417023970523,11.810760432923727,12.07150936126709,921388000
2020-08-21,12.131913399248386,12.735439599242884,12.125450359088568,12.610906600952148,999868000
2020-08-24,12.810004888635774,12.838590744223682,12.435908233992507,12.647440910339355,490564000
2020-08-25,12.558456133077177,12.688209041803288,12.501782219926314,12.677023887634277,289076000
2020-08-26,12.725989774147282,12.794843509741666,12.605185196211957,12.69989013671875,321244000
2020-08-27,12.70834567743216,12.776454137419815,12.494576065951163,12.555973052978516,317604000
2020-08-28,12.602455329358637,13.072747707799321,12.570141076320425,13.07249927520752,537160000
2020-08-31,13.107296770619834,13.497301743517985,12.963127187794592,13.29794979095459,500840000
2020-09-01,13.406854826972564,13.917817210067447,13.363590918309756,13.746005058288574,511316000
2020-09-02,14.62396658977693,14.64684250423329,13.824577727830716,14.268655776977539,874012000
2020-09-03,13.753713485703926,13.809160874427366,12.80886846988595,12.944876670837402,945128000
2020-09-04,12.714382677983597,13.1035102928297,11.64123800223023,12.554008483886719,1463684000
2020-09-08,11.670830308488217,12.481905786750675,11.64074484257957,11.84836196899414,795728000
2020-09-09,12.3327152920004,12.739744895840701,12.16537815920074,12.64600658416748,736200000
2020-09-10,12.918767098090333,12.994354914581717,12.100978478450475,12.244943618774414,698684000
2020-09-11,12.417749916068434,12.58384353718645,11.831199804641813,12.098491668701172,636928000
2020-09-14,13.010020502713123,13.242750033631548,12.562710979011644,12.80240249633789,1201744000
2020-09-15,13.20794269690055,13.226591149442848,12.758147067598735,12.920511245727539,727556000
2020-09-16,12.886939817245475,13.02170450910861,12.445846810403594,12.446592330932617,556384000
2020-09-17,12.066416529304739,12.521434449484204,11.969445745922071,12.395869255065918,792512000
2020-09-18,12.525414964806158,12.563954399639542,11.923698214828766,12.123109817504883,698460000
2020-09-21,11.860293152414322,12.454550866081808,11.839904206718712,12.449329376220703,721044000
2020-09-22,12.50676444797782,12.57936828464074,12.089541368263983,12.569173812866211,646452000
2020-09-23,12.507262859802452,12.657941494631,12.013706388530835,12.057964324951172,647012000
2020-09-24,12.006745263131892,12.50129674587653,11.948810907879453,12.280998229980469,731240000
2020-09-25,12.379958380976724,12.813592456026164,12.179303301507392,12.803894996643066,588016000
2020-09-28,12.969492081929529,12.980930038377432,12.680817182936027,12.96427059173584,573808000
2020-09-29,12.867297276741818,13.369805617191266,12.86307076343371,13.153983116149902,621460000
2020-09-30,13.086106534449147,13.548583556057018,13.078896040511102,13.457082748413086,689184000
2020-10-01,13.683346280612378,13.688069807917765,13.38770848426377,13.540624618530273,525004000
2020-10-02,13.153242138291516,13.446143595398752,12.980185518244605,12.991374969482422,552496000
2020-10-05,13.164178752952756,13.57021335878919,13.15100030117963,13.568472862243652,479820000
2020-10-06,13.754955294119164,14.06526258648005,13.590850658447438,13.661962509155273,784420000
2020-10-07,13.923784817097221,14.042636546603271,13.788273642421032,13.888228416442871,418084000
2020-10-08,13.998624575917278,14.008073526833186,13.683345275922655,13.763656616210938,378900000
2020-10-09,13.692301575356119,13.749240964277911,13.586628268911685,13.688074111938477,346892000
2020-10-12,13.91359008305016,14.269150288914334,13.837008235079223,14.14880657196045,434744000
2020-10-13,14.218924969070205,14.270642853771273,13.942682072541785,14.170936584472656,344604000
2020-10-14,14.212955529548118,14.264921915709506,13.884249261938908,14.018765449523926,276100000
2020-10-15,13.73581225732956,13.929753875044918,13.693045357210385,13.894198417663574,267224000
2020-10-16,13.960585989677563,14.044876308011847,13.717661001997262,13.736557960510254,242392000
2020-10-19,13.82756066882384,13.90762351790688,13.334003224238439,13.42451000213623,298068000
2020-10-20,13.50979780739404,13.724874883587704,13.433712946006416,13.57146167755127,229212000
2020-10-21,13.551068882438022,13.716665521672029,13.404369199715683,13.451362609863281,219596000
2020-10-22,13.449126364383108,13.537891703010716,13.15995348572998,13.28850269317627,290480000
2020-10-23,13.377018906592749,13.519492082140397,13.219130715639897,13.516508102416992,233484000
2020-10-26,13.354140372978716,13.618448250767052,12.967748299547067,13.069940567016602,336896000
2020-10-27,13.233802153921825,13.369064855419346,13.119923378916424,13.324060440063477,250520000
2020-10-28,13.126384857490965,13.18804870574498,12.540581144576285,12.558483123779297,376520000
2020-10-29,12.768837386000987,13.121165154152697,12.68081757068752,12.953330993652344,320080000
2020-10-30,12.78027345863708,12.866303309085502,12.23325768967022,12.465988159179688,416820000
2020-11-02,12.589068316716522,12.767096951899822,12.32774434236848,12.512486457824707,299652000
2020-11-03,12.63954302876551,13.033891238095508,12.53436674945058,12.94885540008545,272900000
2020-11-04,13.316597320732134,13.75246983604854,13.264630929698608,13.719399452209473,410228000
2020-11-05,14.08565213447711,14.261193784268926,13.915082519116078,14.083165168762207,319028000
2020-11-06,14.03318712124654,14.509588050674013,13.819603063155224,14.482983589172363,383348000
2020-11-09,14.47353602436871,14.611781731679114,13.536896506652354,13.556787490844727,582976000
2020-11-10,13.53266964084014,13.53266964084014,12.55972815670973,12.700709342956543,644068000
2020-11-11,12.982918253581106,13.362099908071459,12.877990493799244,13.345191955566406,404744000
2020-11-12,13.405861285173073,13.691303689939454,13.243745638126441,13.383731842041016,365812000
2020-11-13,13.55330655700008,13.59458146386751,12.988388755362086,13.224848747253418,346312000
2020-11-16,13.101021962780749,13.575433861635306,13.084611974472585,13.441912651062012,413776000
2020-11-17,13.478962824136428,13.52247524343966,13.231562827098397,13.349419593811035,312028000
2020-11-18,13.392186477279536,13.531924181183586,13.11345753865842,13.355884552001953,510924000
2020-11-19,13.14105832367257,13.414317293026356,13.028920049729892,13.367323875427246,565936000
2020-11-20,13.380998788450635,13.421278723505878,12.994108622693009,13.016736030578613,341088000
2020-11-23,13.099779311475583,13.30988236260804,12.944874183067746,13.06869888305664,361356000
2020-11-24,13.07118878802459,13.090582761074899,12.815086285194447,12.887441635131836,346500000
2020-11-25,12.961782239367743,13.197495724792077,12.949350257598425,13.162934303283691,259916000
2020-11-27,13.30242518425179,13.334749099812084,13.099034635548598,13.189291954040527,167276000
2020-11-30,13.193022390006243,13.339722070023917,12.901860540365371,13.328781127929688,286952000
2020-12-01,13.41903802202874,13.455339940878662,13.156469666121708,13.317342758178711,296948000
2020-12-02,13.278060696110973,13.599308062330183,13.1624414271629,13.47100830078125,283360000
2020-12-03,13.517764495771466,13.589892631736793,13.260592045398973,13.327247619628906,199520000
2020-12-04,13.379478105518432,13.490406591655205,13.320035154421149,13.488665580749512,202244000
2020-12-07,13.53144416609202,13.660777082523387,13.430714113847694,13.53691577911377,223244000
2020-12-08,13.515278179379305,13.528957686598924,13.213335648092489,13.281484603881836,271920000
2020-12-09,13.232239927292921,13.345157072993244,12.802208270774445,12.864387512207031,401300000
2020-12-10,12.802951488524151,13.00167623711851,12.783550841795494,12.905671119689941,207764000
2020-12-11,12.900698238186449,12.953178094559908,12.757188653902821,12.946462631225586,209264000
2020-12-14,13.020828245041423,13.32003447401288,13.010382180140862,13.240445137023926,270156000
2020-12-15,13.370769970847602,13.394895537665953,13.119069188415903,13.291927337646484,193016000
2020-12-16,13.353610324590434,13.368285100210734,13.144688085865043,13.174534797668457,223116000
2020-12-17,13.2981479389699,13.310833124873806,13.110864499454864,13.27277946472168,231384000
2020-12-18,13.31033340523875,13.336199985751847,13.003417409299962,13.203883171081543,342064000
2020-12-21,13.007646335173467,13.301380961244586,12.900946562414616,13.263824462890625,302332000
2020-12-22,13.250891065643227,13.268798334208665,12.987002216302992,13.210101127624512,185580000
2020-12-23,13.187966443845962,13.206868984202535,12.938255185424696,12.942482948303223,179144000
2020-12-24,12.970335856618536,13.065097114844084,12.872342106360044,12.927059173583984,97884000
2020-12-28,12.995460029586082,12.995460029586082,12.697746203513814,12.833793640136719,212564000
2020-12-29,12.858664715222053,13.005407733251095,12.776339097439232,12.87682056427002,170372000
2020-12-30,12.923579073766286,13.145932243119045,12.830559761023274,13.07828140258789,225396000
2020-12-31,13.069079778670659,13.083505026218697,12.848716190436818,12.987998008728027,192424000
2021-01-04,13.03699376973847,13.582430131628756,12.895970952732675,13.046195983886719,560640000
2021-01-05,13.032515940766679,13.374501665941567,13.019831705704025,13.33595085144043,322760000
2021-01-06,13.15463928774817,13.177023851121177,12.521406527298588,12.549759864807129,580424000
2021-01-07,12.900944000031782,13.309089050974185,12.82036035518454,13.275511741638184,461480000
2021-01-08,13.293920064625954,13.35211916574799,12.975064589250893,13.208609580993652,292528000
2021-01-11,13.349881280512768,13.889348941876813,13.293920349716162,13.551590919494629,518344000
2021-01-12,13.68191531056961,13.683905850197878,13.276507474572712,13.415539741516113,291476000
2021-01-13,13.42076462097778,13.555071983938621,13.316303971194731,13.462300300598145,210028000
2021-01-14,13.505330358708365,13.529953094168745,13.112855226974897,13.132503509521484,283120000
2021-01-15,13.160108417536335,13.256859277308203,12.782556721687804,12.793499946594238,277780000
2021-01-19,12.949446142963154,13.02679731028673,12.77808038942773,12.95840072631836,226188000
2021-01-20,13.04445641294081,13.36157087660753,12.989739333786316,13.29715347290039,258572000
2021-01-21,13.349632577259866,13.927402474262239,13.184982279201542,13.7963285446167,337780000
2021-01-22,13.669484147612303,13.770712324132925,13.557312743438613,13.642125129699707,246820000
2021-01-25,13.711020942508455,13.757531086960196,13.168569259591756,13.58318042755127,251112000
2021-01-26,13.510800674012138,13.574720917203404,13.318791364133517,13.366296768188477,163980000
2021-01-27,13.162101413854424,13.164837695178809,12.728090572901428,12.851454734802246,371272000
2021-01-28,12.9295498263929,13.271287026648704,12.89398291811221,12.984018325805664,228316000
2021-01-29,13.007893762775277,13.266310987846254,12.845233076128466,12.923081398010254,271552000
2021-02-01,12.986256485316742,13.202639933895902,12.836528607721643,13.169063568115234,217204000
2021-02-02,13.329983990357096,13.502344069129984,13.217314493896918,13.487173080444336,220440000
2021-02-03,13.566014514279491,13.860247226982565,13.44712862336559,13.46105670928955,245408000
2021-02-04,13.461555570894452,13.603324148408923,13.26929767552563,13.594121932983398,201340000
2021-02-05,13.654560923062117,13.666748000470225,13.476230156579192,13.521247863769531,169152000
2021-02-08,13.656796531061007,14.39946521890189,13.656796531061007,14.364645004272461,434624000
2021-02-09,14.2671469869661,14.508402678677383,14.14950400191793,14.190045356750488,287560000
2021-02-10,14.389020780396104,14.828503172781936,14.267895756343098,14.688475608825684,485352000
2021-02-11,14.90336959408005,15.193870826597166,14.848402977912496,15.172480583190918,450828000
2021-02-12,14.97276057463084,15.212772469249881,14.699171360456567,14.884466171264648,374756000
2021-02-16,14.986934217901354,15.293602580290248,14.873270412570719,15.251568794250488,321960000
2021-02-17,15.093138598804355,15.145369878254435,14.704145502301538,14.829499244689941,274756000
2021-02-18,14.653407246591904,14.796916836680797,14.500197331565527,14.752894401550293,233868000
2021-02-19,14.947391142889295,15.099108634072808,14.77055375591211,14.849894523620605,271724000
2021-02-22,14.698922288674808,15.055582861112889,14.251480563869782,14.282073020935059,325884000
2021-02-23,14.003011915069953,14.165673573330455,13.320781350681472,14.069419860839844,391780000
2021-02-24,14.050268938182565,14.43229798344174,13.68540047372523,14.42458724975586,448320000
2021-02-25,13.973412803941994,14.300973298154094,13.148419454042376,13.239200592041016,824436000
2021-02-26,13.681917670854737,13.783394411878966,13.29242744323524,13.644113540649414,500932000
2021-03-01,13.80378919793109,13.853532772184092,13.483690829892343,13.770709991455078,353184000
2021-03-02,13.828660812201646,13.849055782455864,13.32724777396713,13.337445259094238,264116000
2021-03-03,13.357343042088633,13.382462935621067,12.733063022967233,12.739032745361328,377592000
2021-03-04,12.735051323937004,12.908407604408795,12.02173124079755,12.306760787963867,573344000
2021-03-05,12.48558876020493,12.48558876020493,11.619307359237807,12.397542953491211,542840000
2021-03-08,12.386104019186076,12.407244732397784,11.507138212191661,11.533751487731934,543112000
2021-03-09,12.072160122978335,12.556330138602013,12.001500032074086,12.46029281616211,521824000
2021-03-10,12.779009616841924,12.917841248683985,12.397844294613398,12.40854263305664,384376000
2021-03-11,12.887980885979896,12.983770466016216,12.67351305983354,12.931272506713867,299916000
2021-03-12,12.587676296414587,12.827024973497226,12.529705783542862,12.794431686401367,243964000
2021-03-15,12.803140232452149,13.143502391712138,12.706107314755066,13.128076553344727,221988000
2021-03-16,13.292537069306986,13.447790141533767,13.0539352931175,13.22760009765625,272128000
2021-03-17,12.977304441307208,13.38882407684222,12.92729502883546,13.277360916137695,243864000
2021-03-18,13.07359132528923,13.120863512138007,12.656099908286295,12.66157341003418,293896000
2021-03-19,12.6889427194056,12.859621644128715,12.552101370096228,12.784234046936035,299208000
2021-03-22,12.850912459188029,13.330354946608361,12.844940676234321,13.123102188110352,297804000
2021-03-23,13.190778334583692,13.280596165418768,12.958894309878364,13.008157730102539,222048000
2021-03-24,13.08827199431577,13.096234056461167,12.576236134148308,12.5824556350708,245840000
2021-03-25,12.439639589489444,12.653858762465513,12.213229135480182,12.475217819213867,295144000
2021-03-26,12.494377029182635,12.794682152334557,12.314244068153682,12.777763366699219,363968000
2021-03-29,12.75885368993943,12.999944000887075,12.63917981486877,12.88624095916748,273520000
2021-03-30,12.78049983259111,12.913111935410978,12.644155840330791,12.810107231140137,200204000
2021-03-31,12.953170680778484,13.405991674241122,12.92032872070121,13.284327507019043,314776000
2021-04-01,13.507254271126333,13.803577899001159,13.446545573751832,13.745607376098633,308276000
2021-04-05,13.801091736654401,13.946889814232557,13.667235327991516,13.920516967773438,255672000
2021-04-06,13.932708540949296,13.986947180883924,13.707542304084875,13.795120239257812,191744000
2021-04-07,13.814275196569815,14.175288050539208,13.645836193052718,14.075767517089844,251284000
2021-04-08,14.184494625705307,14.40219704194107,14.180761787034063,14.24843692779541,244416000
2021-04-09,14.145930293598289,14.339001489543403,14.107117501169766,14.331039428710938,195172000
2021-04-12,14.22131825641827,15.27897874166865,14.071538686150255,15.136165618896484,869324000
2021-04-13,15.158559404224146,15.624815998489474,15.05331573395659,15.604413986206055,676212000
2021-04-14,15.550170363858236,15.645212997529281,15.154573991837399,15.203837394714355,385500000
2021-04-15,15.587497582844618,16.136605607490903,15.55664589544374,16.059974670410156,598480000
2021-04-16,15.976122352137821,16.088333399352724,15.78927161572007,15.836296081542969,335208000
2021-04-19,15.46209570767448,15.731797798065214,15.160048993973174,15.288182258605957,404420000
2021-04-20,15.249869097697879,15.422786959373079,14.891344758656516,15.098597526550293,334132000
2021-04-21,15.046347575304525,15.28893085259979,15.029927070355269,15.286940574645996,216776000
2021-04-22,15.301370575475275,15.364566882387335,14.712702932237502,14.779133796691895,277788000
2021-04-23,14.862731103886027,15.261562107775354,14.82889448109433,15.192146301269531,227500000
2021-04-26,15.112282067435485,15.404873825568805,15.052568979496371,15.403878211975098,197796000
2021-04-27,15.503894807552262,15.595454229797074,15.280967559873904,15.308087348937988,164572000
2021-04-28,15.290918679330277,15.45786567297515,15.142632080810174,15.203588485717773,209416000
2021-04-29,15.326250200272115,15.362575381790093,14.999323566610313,15.251360893249512,173196000
2021-04-30,15.10182993711183,15.29141694360073,14.92517926148376,14.93761920928955,201912000
2021-05-03,15.052567032150492,15.173733855204558,14.716683684629688,14.765697479248047,203912000
2021-05-04,14.56715281088662,14.567401476976356,13.94315563012395,14.282522201538086,405324000
2021-05-05,14.638561381478151,14.742561720214292,14.318601150830188,14.389261245727539,292024000
2021-05-06,14.42583498413653,14.501471248397452,14.149913337833981,14.453452110290527,193380000
2021-05-07,14.737333378945776,14.899054593283333,14.601486723687938,14.741313934326172,229328000
2021-05-10,14.716434736221853,14.73509513395343,14.181758011696585,14.197432518005371,268904000
2021-05-11,13.75879529407013,14.286008322864332,13.684154640398528,14.237740516662598,285584000
2021-05-12,13.942410098916847,14.191959832815755,13.64359884835176,13.692612648010254,303408000
2021-05-13,13.966540812472774,14.013316606422299,13.394543390109211,13.59980583190918,285404000
2021-05-14,13.82348120873412,14.259383355821084,13.682658380691983,14.174790382385254,258616000
2021-05-17,14.089204485525109,14.101395769520703,13.787158662144325,14.097663879394531,216980000
2021-05-18,14.19867642444646,14.335269089608653,13.936935429096572,13.948629379272461,186256000
2021-05-19,13.50153158198769,14.012075380470698,13.478393295136081,13.998391151428223,344000000
2021-05-20,14.234003770597834,14.6134283085615,14.20215743158582,14.542519569396973,321592000
2021-05-21,15.091131488505768,15.14910295826252,14.798291095690491,14.919955253601074,672992000
2021-05-24,15.139649464230473,15.66959967521389,15.1033242794954,15.537237167358398,554816000
2021-05-25,15.690497590957026,15.742745944567211,15.408355532354786,15.572813987731934,435408000
2021-05-26,15.658900271738665,15.718115073854618,15.511609264757215,15.6248140335083,370440000
2021-05-27,15.624564822611564,15.67457423164348,15.385963061533063,15.41382884979248,581476000
2021-05-28,15.426771457170338,16.19955281579326,15.426771457170338,16.166709899902344,644536000
2021-06-01,16.192085626438377,16.30976923688421,15.827091228848875,16.18661117553711,472804000
2021-06-02,16.174416952438033,16.837725105726086,16.1577468358446,16.69789695739746,594168000
2021-06-03,16.62077403418186,17.17635111968771,16.503587746671425,16.888484954833984,580008000
2021-06-04,17.030548852392332,17.576422190681168,17.013631964827372,17.494070053100586,617120000
2021-06-07,17.487109903038217,17.72720375147633,17.110422388683794,17.534629821777344,575756000
2021-06-08,17.443314784213733,17.53711316104232,17.16838687091044,17.373401641845703,323848000
2021-06-09,17.435862301693522,17.494841943488854,17.177047922626723,17.27907943725586,381656000
2021-06-10,17.27086894747683,17.412221498632054,17.09766275489283,17.34552574157715,287772000
2021-06-11,17.39977791669959,17.857432176144524,17.364191530157925,17.74395179748535,416308000
2021-06-14,17.82433434092857,17.957224622706175,17.582193863360512,17.936569213867188,321376000
2021-06-15,17.83329490038093,17.934082819672014,17.647147489049146,17.70737075805664,243032000
2021-06-16,17.709607366236927,17.87285892613583,17.504296927782022,17.72901725769043,307124000
2021-06-17,17.693435236474446,18.749097779560163,17.675268955812072,18.572158813476562,809656000
2021-06-18,18.698321621131633,19.286625519477802,18.49923311437431,18.553733825683594,968856000
2021-06-21,18.351171250009127,18.451961071599868,17.74146545273779,18.34320831298828,672384000
2021-06-22,18.38724901041412,18.877254222087497,18.302138275320555,18.80060386657715,580144000
2021-06-23,18.921053636974563,19.06539273563711,18.82150936552973,18.970327377319336,332356000
2021-06-24,19.140058125456942,19.331430625682103,19.00119278333372,19.117908477783203,320924000
2021-06-25,19.192562829747995,19.25726689899987,18.8083236791025,18.94420051574707,278364000
2021-06-28,19.272950069531685,19.987178487793155,19.230893075901268,19.893856048583984,495436000
2021-06-29,19.79181849083902,20.007081674259897,19.567346857383377,19.93541145324707,367632000
2021-06-30,19.908036750212215,20.070542160413943,19.77315479150044,19.911272048950195,326568000
2021-07-01,20.03321082827077,20.362700530192438,19.927693393087345,20.119813919067383,480136000
2021-07-02,20.3470264154675,20.411730494811923,20.195221786226497,20.39356231689453,342764000
2021-07-06,20.642917142581126,20.746940344072726,20.257434361701367,20.604095458984375,446708000
2021-07-07,20.758394401231747,20.77979598225354,20.239273155964362,20.278841018676758,418428000
2021-07-08,19.765940834345816,20.041178597383794,19.610900891917264,19.811979293823242,503300000
2021-07-09,19.87145390678074,19.988667035276382,19.664153655569276,19.958803176879883,296624000
2021-07-12,20.14768717026247,20.4391013746128,20.09567556838624,20.4189453125,321984000
2021-07-13,20.307455300297775,20.36792918431061,20.02226296191594,20.157642364501953,290708000
2021-07-14,20.26489732613754,20.324623131817976,19.66265721401625,19.751001358032227,380100000
2021-07-15,19.72139214020743,19.756481081917247,18.77248888227508,18.87974739074707,550564000
2021-07-16,18.943702280089244,19.069624493243037,17.99056898289551,18.078166961669922,688224000
2021-07-19,17.83354040544613,18.95515041008201,17.784016036287866,18.6940975189209,749060000
2021-07-20,18.644574810811843,18.752082041477266,18.081156267494258,18.52711296081543,434687000
2021-07-21,18.7958841722349,19.437942953866006,18.65652328269626,19.321475982666016,371017000
2021-07-22,19.552416271247484,19.79629780336461,19.18808441295278,19.504634857177734,323826000
2021-07-23,19.56634836932359,19.610148306398543,19.16220001414079,19.468795776367188,195672000
2021-07-26,19.222925851749505,19.353326995509125,18.82773525659861,19.206003189086914,203943000
2021-07-27,19.17714255499227,19.5325148279896,18.655532057405896,19.120403289794922,248863000
2021-07-28,19.230894005871093,19.556402355411265,18.908372232746423,19.41405487060547,202191000
2021-07-29,19.429973514984173,19.762451684848866,19.23984467559429,19.572322845458984,190781000
2021-07-30,19.32943666500641,19.540469658257,19.17514481205662,19.41006851196289,183497000
2021-08-02,19.610150452043428,19.869959730520304,19.27269590837672,19.659921646118164,217444000
2021-08-03,19.64997164851655,20.12977374277201,19.132342754355072,19.72463035583496,301811000
2021-08-04,19.89882869548474,20.225333759526567,19.737566897497963,20.181533813476562,231309000
2021-08-05,20.40650479203226,20.638441941721155,20.249224447514635,20.542879104614258,211435000
2021-08-06,20.430391658316715,20.476181384713264,20.117822711619997,20.27311134338379,178497000
2021-08-09,20.35274874502735,20.414466247960842,20.0511311729326,20.202438354492188,146443000
2021-08-10,20.229312853870223,20.336820073696575,19.744532624439724,19.845073699951172,179238000
2021-08-11,19.95158271202595,19.95755586232804,19.34137965122255,19.60915184020996,185925000
2021-08-12,19.779376396027782,19.937649714347675,19.53051661292987,19.81421661376953,151652000
2021-08-13,19.814217948269306,20.121808676083944,19.760463380904792,20.09592628479004,183063000
2021-08-16,20.043166397287347,20.194473564961584,19.36427582596979,19.859010696411133,210876000
2021-08-17,19.595222897143497,19.679836228431526,19.17912998166198,19.369258880615234,204585000
2021-08-18,19.411068171281503,19.544457824646162,18.913348474581976,18.953166961669922,285913000
2021-08-19,19.405086437006283,20.401522180985236,18.67642477392153,19.707700729370117,766555000
2021-08-20,19.899823633457626,20.76983801312774,19.8420894983611,20.72106170654297,675741000
2021-08-23,20.87535498538819,21.89667462197285,20.854450854471086,21.857852935791016,575807000
2021-08-24,21.653785035187866,21.85884484841934,21.43677892097538,21.693601608276367,297299000
2021-08-25,21.637857891352155,22.3675145090299,21.62292691334413,22.11168670654297,347701000
2021-08-26,22.098746013128036,22.238106862114968,21.690616185109878,21.967348098754883,237940000
2021-08-27,22.082826190221216,22.61837265798481,22.06590352409162,22.532764434814453,304722000
2021-08-30,22.725876717636822,22.937904612772638,22.448149850901924,22.584524154663086,262580000
2021-08-31,22.59547666794216,22.59547666794216,22.022999320495497,22.286836624145508,259850000
2021-09-01,22.386396092304786,22.597466292510102,22.258957158391045,22.342588424682617,201767000
2021-09-02,22.419251447689817,22.493923309725275,22.197229795135584,22.297786712646484,187834000
2021-09-03,22.227098408861508,22.885199011095356,22.102646574319134,22.742826461791992,280532000
2021-09-07,22.73287172125641,22.798582279426377,22.42323471429615,22.5626220703125,198107000
2021-09-08,22.414276035210346,22.510850790435214,21.880625312807148,22.241039276123047,254434000
2021-09-09,22.21415637158111,22.43916513590544,22.033950346554978,22.079748153686523,196856000
2021-09-10,22.24999788331724,22.526778660735864,22.172340814379883,22.37942886352539,248376000
2021-09-13,22.584525817265025,22.863298640935614,21.76214779147206,22.054859161376953,297500000
2021-09-14,22.177316913239693,22.311725124711973,21.989146556569096,22.14446258544922,199755000
2021-09-15,22.211169379062365,22.268915596417685,21.869673111075127,22.24302864074707,166538000
2021-09-16,22.08572130335323,22.179308947795626,21.830843425347233,22.14446258544922,156033000
2021-09-17,22.202208228860844,22.223116047519348,21.734269978657856,21.80396270751953,294503000
2021-09-20,21.053270591267214,21.339012693768538,20.57139376968549,21.020416259765625,349440000
2021-09-21,21.323081688701794,21.33104602969822,20.858130525552628,21.15283203125,204688000
2021-09-22,21.272300812492595,21.86369574938004,21.103046254185703,21.84477996826172,268726000
2021-09-23,22.042908323767797,22.436176576629713,21.794004654713568,22.38340950012207,248555000
2021-09-24,21.973215656561944,22.051869687132683,21.765132553304515,21.984167098999023,217655000
2021-09-27,21.614791948311225,21.703402346102116,21.231482000300172,21.565011978149414,245215000
2021-09-28,21.12096960542121,21.32507053002053,20.560436939331986,20.608226776123047,343069000
2021-09-29,20.848170149177676,20.92483213876471,20.3772429721725,20.427024841308594,218394000
2021-09-30,20.676930331407895,20.97362391210864,20.597281213681534,20.625158309936523,221009000
2021-10-01,20.65900727941029,20.767528549150793,20.11440509795195,20.651042938232422,240978000
2021-10-04,20.414083578048384,20.451917043098803,19.469245817551954,19.645469665527344,345635000
2021-10-05,19.86251239664923,20.557451354715955,19.766932724840515,20.36131477355957,279282000
2021-10-06,20.031767889875287,20.629135169524517,19.991942391773726,20.609224319458008,297202000
2021-10-07,20.99950202415533,21.22849482345153,20.880029336594305,20.98257827758789,256919000
2021-10-08,21.008471035092192,21.113010149793695,20.683900346508157,20.739654541015625,151258000
2021-10-11,20.484773437642136,20.970632383544228,20.421053017517437,20.604246139526367,163388000
2021-10-12,20.73666197268602,20.964657828842242,20.437978323976292,20.580350875854492,162134000
2021-10-13,20.826267780379947,20.897952540851815,20.622166840732383,20.84717559814453,180652000
2021-10-14,21.194646843821843,21.6595979888479,21.029374431188767,21.650638580322266,243589000
2021-10-15,21.714352723357937,21.83482237210731,21.567002955469743,21.766124725341797,226994000
2021-10-18,21.65363014078365,22.193253262535585,21.549089127581535,22.124555587768555,189494000
2021-10-19,22.178312668438,22.280861623084096,21.940362329321403,22.19225311279297,161473000
2021-10-20,22.20718298956857,22.33462191107961,21.885599533351265,22.00606918334961,146276000
2021-10-21,22.000097295285027,22.611405016436052,21.98615875079242,22.592487335205078,187590000
2021-10-22,22.72291561933294,23.02856856064082,22.46206541817937,22.626340866088867,249384000
2021-10-25,22.872252947850058,23.252577680822036,22.67014407253571,23.064407348632812,230235000
2021-10-26,23.88380198609397,25.148233144137606,23.81908649717466,24.60860824584961,485898000
2021-10-27,24.36667464722999,24.97997251638669,24.175515291453934,24.343774795532227,245990000
2021-10-28,24.768905340270393,24.84059010745586,24.415462540776538,24.831628799438477,234204000
2021-10-29,24.89136187149755,25.596257241681755,24.890366803732874,25.454879760742188,292503000
2021-11-01,25.536522381847643,25.78044692731383,25.11637208457716,25.713741302490234,265740000
2021-11-02,25.708763518692347,26.561008706984403,25.686858734167405,26.28522300720215,294112000
2021-11-03,26.55304424185898,26.666544637188032,26.11995237716791,26.481359481811523,239910000
2021-11-04,27.109593234066324,31.227455386633288,26.999079939655886,29.67031478881836,1153631000
2021-11-05,30.05462047753978,31.262300425460428,29.28102744943848,29.62152862548828,851260000
2021-11-08,30.016790243473928,30.963620114278918,29.775850888827506,30.66891860961914,503101000
2021-11-09,32.14043594172841,32.16831303240709,29.832600226347303,30.522560119628906,646746000
2021-11-10,29.227269752002172,30.714717786724723,28.65180336425327,29.329816818237305,636206000
2021-11-11,30.334388087867172,30.45585281899345,29.646418368081974,30.256729125976562,332172000
2021-11-12,29.87839638802561,30.54545829095262,29.500061751090385,30.256729125976562,413054000
2021-11-15,30.418017027807643,30.509612628277495,29.11873968280061,29.893327713012695,384909000
2021-11-16,29.62850151207324,30.25673306637881,29.57573253019145,30.070552825927734,264484000
2021-11-17,30.28460468714921,30.37520712128107,28.673700206648128,29.132678985595703,428508000
2021-11-18,32.225065268536866,32.61633964212017,31.183650744846176,31.53609848022461,781711000
2021-11-19,32.10160069976278,32.94289622909161,31.7650836274217,32.84034729003906,533867000
2021-11-22,33.370022121626484,34.49506799575462,31.76011418765911,31.815868377685547,754335000
2021-11-23,31.39670778185482,32.21809062628642,30.744579503591616,31.606782913208008,532163000
2021-11-24,31.323035910804574,32.71092196803006,30.792372310199486,32.53071594238281,435162000
2021-11-26,32.45703660205331,32.5665548230208,31.212520168167917,31.364849090576172,283069000
2021-11-29,32.22406792574834,33.265478577950766,31.895513237231377,33.229637145996094,454964000
2021-11-30,33.02354533082021,33.20674036434526,31.72426963928221,32.53270721435547,622066000
2021-12-01,33.077378025602634,33.14707928825368,31.24621570117578,31.300981521606445,484368000
2021-12-02,31.080925938871122,32.33953706228623,30.892730624505155,31.989036560058594,472890000
2021-12-03,31.86357818668837,31.99202984678969,30.001549500748173,30.562150955200195,544325000
2021-12-06,29.75260913184593,30.11207010956424,27.918463234495462,29.9089412689209,658938000
2021-12-07,30.82501943857468,32.310659060877626,30.520322375117104,32.28874969482422,593053000
2021-12-08,31.862576105811538,32.15233582192908,31.28703933130742,31.6903133392334,475551000
2021-12-09,31.59870999003878,32.06770457756878,30.2982780084175,30.360013961791992,488507000
2021-12-10,31.01719680171708,31.171536668842634,29.733692678385772,30.069255828857422,488825000
2021-12-13,30.120038719143704,30.16484694472882,27.99613110546957,28.040939331054688,598344000
2021-12-14,27.58090238924754,28.555728431497887,27.133817331099827,28.216182708740234,667035000
2021-12-15,28.2789163257731,30.3699633634261,27.719312137195885,30.329137802124023,698297000
2021-12-16,31.019184946678816,31.02715026159255,27.973226872595866,28.265972137451172,707366000
2021-12-17,27.865691608084173,28.798697151084145,27.641650475156073,27.682476043701172,713758000
2021-12-20,27.188587940382853,28.02400974051841,27.02927023764738,27.60082244873047,461847000
2021-12-21,28.253028750149053,28.995848487605922,27.28417563606335,28.951040267944336,524385000
2021-12-22,28.767829354035246,29.42899807324993,28.327712401555452,29.274658203125,395184000
2021-12-23,29.628143214986842,29.93084800774143,29.30552513261703,29.513633728027344,343022000
2021-12-27,29.53354337086814,30.954459350604544,29.51362818577578,30.813064575195312,403686000
2021-12-28,31.178507125619166,31.196430036361836,29.884048305079407,30.19272804260254,420591000
2021-12-29,30.143934262767104,30.41776144298987,29.240799693853926,29.873092651367188,343139000
2021-12-30,29.699833486975336,30.32714857163771,29.414058345471055,29.459861755371094,308864000
2021-12-31,29.54748750226571,29.901970626455444,29.20594944000827,29.285608291625977,266530000
2022-01-03,29.68789094158686,30.58007095463998,29.65801815616507,29.992586135864258,391547000
2022-01-04,30.14792231126296,30.338108017250157,28.228142339164982,29.165130615234375,527154000
2022-01-05,28.82557789334784,29.290587837147367,27.41561641931234,27.486312866210938,498064000
2022-01-06,27.522158750832368,28.316756884231587,26.94961135088401,28.057865142822266,454186000
2022-01-07,28.02102606266158,28.300828200556737,26.94164598984423,27.130836486816406,409939000
2022-01-10,26.467673635110437,27.351888211869046,25.534668178229204,27.28318214416504,594681000
2022-01-11,27.206510950592097,27.94534808174242,26.72457518291045,27.69840431213379,404089000
2022-01-12,27.947338113635016,28.473086907923104,27.49029538667551,27.879629135131836,383413000
2022-01-13,28.2580102227296,28.358579457679358,26.385029059468522,26.461702346801758,540171000
2022-01-14,26.187871987265602,27.081048984239747,26.098255540756934,26.82713508605957,395832000
2022-01-18,26.14804463261415,26.524433344257982,25.660133902473458,25.792566299438477,424270000
2022-01-19,25.967817240669206,26.429837857961516,24.945195249139907,24.96013069152832,488315000
2022-01-20,25.196118325519468,25.469945494898944,23.97534359217132,24.04703712463379,435181000
2022-01-21,23.406777774518208,24.717166987692867,23.16381858614929,23.27434539794922,718958000
2022-01-24,22.23479501258407,23.280317532923434,20.79894360351648,23.27235221862793,913982000
2022-01-25,22.44988020196596,22.84518895116685,21.906208409712576,22.22882652282715,664616000
2022-01-26,23.140918549293506,23.954434796117226,22.204925605698346,22.67491340637207,755959000
2022-01-27,23.46751957498949,23.892699123335404,21.58258875418974,21.85044288635254,573353000
2022-01-28,21.918149676875192,22.76054337462477,21.205202780038288,22.74262046813965,543774000
2022-01-31,23.083165646073763,24.404509712140047,22.953720720505,24.381607055664062,564680000
2022-02-01,24.996969904301384,25.037795466622228,23.788145059709638,24.532957077026367,518925000
2022-02-02,25.6840327601272,25.706933518845947,24.448322405650178,25.13438606262207,543419000
2022-02-03,24.353725465820713,24.97008589250318,23.678616565700732,23.84589958190918,410178000
2022-02-04,23.869803597584717,24.529977227410395,23.531252920791175,24.21532440185547,354829000
2022-02-07,24.268092626990843,25.074638756833302,24.098817325743227,24.622575759887695,376868000
2022-02-08,24.25515013515638,25.122437111146983,23.877766205134343,25.000957489013672,410359000
2022-02-09,25.51275986295692,26.61105783985489,25.24490764594495,26.591142654418945,524282000
2022-02-10,25.884175827584478,26.81020934447509,25.490859383243375,25.713903427124023,513200000
2022-02-11,25.80551006541594,26.040503963564735,23.671646883125344,23.846895217895508,605472000
2022-02-14,23.831961302784133,24.768949487290513,23.653723589292724,24.163541793823242,440424000
2022-02-15,24.8426335224846,26.431829912184345,24.67833795995591,26.382043838500977,699869000
2022-02-16,26.147047583163317,26.468670452357063,25.443061093040882,26.397972106933594,732676000
2022-02-17,25.52073073259493,25.675070604494053,24.061978217389743,24.40251922607422,810595000
2022-02-18,24.562831248228793,24.879476296810182,23.001517271399226,23.54120635986328,761255000
2022-02-22,22.936793337243518,23.96140567068865,22.901942706800956,23.290279388427734,633422000
2022-02-23,23.700525696809972,24.052021400692805,22.20592541181683,22.29155731201172,566511000
2022-02-24,20.925403538862675,23.698529751346676,20.800936466850946,23.646751403808594,735801000
2022-02-25,23.619874026557994,24.113757883986185,23.28132335222563,24.054014205932617,528866000
2022-02-28,23.889717886005148,24.559849086752738,23.605933049906376,24.281042098999023,477319000
2022-03-01,24.187438016478104,24.27307180434672,23.033378906753704,23.376907348632812,412056000
2022-03-02,23.658746550677243,24.309073132263915,23.319142955312046,24.120845794677734,389642000
2022-03-03,24.162681361203887,24.22642045277818,23.372928277820538,23.616926193237305,365095000
2022-03-04,23.288275695324913,23.58306351436936,22.38996771003813,22.84210968017578,431415000
2022-03-07,22.723594140609173,22.938711412053266,21.24268191605436,21.264591217041016,450821000
2022-03-08,21.22176739996016,22.281410884459255,20.565464751978574,21.425928115844727,557467000
2022-03-09,22.295352427006858,23.124942518382856,22.15592615939423,22.91978645324707,492742000
2022-03-10,22.438767569291258,22.6947154875098,21.792424138907304,22.565248489379883,428066000
2022-03-11,22.927753683517206,23.050251249791206,21.955749323787682,22.00952911376953,367209000
2022-03-14,21.779474563363422,22.170865393438028,21.072381995476352,21.2426815032959,385354000
2022-03-15,21.429912197555932,22.943690284803075,21.234715406611926,22.878955841064453,491996000
2022-03-16,23.40379845485764,24.496307806427332,23.077142064193676,24.395721435546875,671422000
2022-03-17,24.021260266549067,24.74030282145656,23.808135623978337,24.664615631103516,471941000
2022-03-18,24.69748098703601,26.460235655741535,24.523198138240513,26.344709396362305,730719000
2022-03-21,26.398489377058596,27.040849423539733,25.860699040597943,26.62455940246582,591727000
2022-03-22,26.61759248636674,27.126502291632445,25.965274940281883,26.415424346923828,547007000
2022-03-23,26.019048781115384,26.50305932852309,25.47030568855705,25.529064178466797,502120000
2022-03-24,26.058884112048176,28.204065572576116,25.80094361026962,28.034761428833008,877379000
2022-03-25,27.77184031036565,28.241908164028267,27.15935821789396,27.57863426208496,579016000
2022-03-28,27.642377303838558,28.134354526494057,27.094627668908103,28.10348129272461,425494000
2022-03-29,28.57753047133925,28.827502401169717,27.865457327415218,28.5386905670166,488984000
2022-03-30,28.188131660804462,28.379345100642087,27.390410153130244,27.576644897460938,463487000
2022-03-31,27.668267123207887,28.13235904221387,27.15836398762896,27.174297332763672,523440000
2022-04-01,27.26293568960486,27.383440643848896,26.15947167732759,26.602649688720703,517235000
2022-04-04,26.618580799031673,27.445182845672498,26.504051817215565,27.24799346923828,397120000
2022-04-05,27.14242826487716,27.2071627020829,25.714298707379786,25.824844360351562,436615000
2022-04-06,24.831926142575206,25.19642705051053,23.904737678545857,24.307083129882812,703833000
2022-04-07,24.340942190832628,24.62079195567915,23.38188522206564,24.108896255493164,557992000
2022-04-08,23.81908447071031,23.8250604235987,22.967585266175465,23.024351119995117,524781000
2022-04-11,22.12306512210957,22.22863019589857,21.57133213415732,21.827280044555664,575207000
2022-04-12,22.44474204972869,22.631972169880864,21.194878517496804,21.415969848632812,662258000
2022-04-13,21.639050491837658,22.407889437860018,21.36716738576446,22.112104415893555,516943000
2022-04-14,22.412867562077835,22.683755302120506,21.076362421603775,21.17097282409668,569097000
2022-04-18,21.113216864867486,21.9975803526132,20.992711899311292,21.693830490112305,525701000
2022-04-19,21.631084290617952,22.281410987109858,21.226746193463015,22.107128143310547,512781000
2022-04-20,22.424823034682213,22.577196581632325,21.11321496007185,21.394060134887695,468974000
2022-04-21,21.620130170301234,22.30033475649145,19.918126615701347,20.100378036499023,656209000
2022-04-22,20.219886317241535,20.402137743310213,19.420174011970897,19.43511199951172,624713000
2022-04-25,19.12339100546342,19.863349361314793,19.017825948530263,19.820526123046875,641566000
2022-04-26,19.637283370463635,19.706996516542763,18.593573098917023,18.711090087890625,653143000
2022-04-27,18.521868230847012,19.08853925931246,18.215130373255832,18.339618682861328,499460000
2022-04-28,18.8893550683818,19.95497647373352,18.41430844686625,19.701019287109375,570327000
2022-04-29,19.32257448999954,20.045602297833724,18.441197185099483,18.4710750579834,500435000
2022-05-02,18.46510132890273,19.493871705119716,18.31571574556032,19.453041076660156,572049000
2022-05-03,19.320578698241782,19.743839946636715,19.054671561830528,19.521751403808594,475751000
2022-05-04,19.841438581021603,20.316485100829365,18.67423569064355,20.250755310058594,648855000
2022-05-05,19.785671961147454,19.84343319196136,18.424267408174938,18.76685905456543,626331000
2022-05-06,18.65930381957469,19.43212631898755,17.91635729877483,18.598552703857422,633297000
2022-05-09,17.96017138288135,18.18026540474069,16.758111965299616,16.8806095123291,644455000
2022-05-10,17.61658141745641,18.12349837536046,16.955300236459934,17.522966384887695,761474000
2022-05-11,17.275985907406866,17.680323983243905,16.50017560428246,16.561920166015625,670167000
2022-05-12,16.15260613492584,16.719277132650767,15.503275671521447,16.10878562927246,708728000
2022-05-13,16.71927505834853,17.854607631651785,16.525073633919344,17.633516311645508,670437000
2022-05-16,17.437319035312363,17.71517614236815,17.03596903643624,17.193321228027344,521446000
2022-05-17,18.000007771051944,18.29579278898957,17.561810417904773,18.10258674621582,585830000
2022-05-18,17.632518279068112,18.04382762467623,16.794961603480765,16.8686580657959,545161000
2022-05-19,16.867665016255632,17.614594729725628,16.665495022322716,17.05389976501465,621310000
2022-05-20,17.26104864553038,17.33872845520384,15.69050380184821,16.625659942626953,739105000
2022-05-23,16.207378932516523,16.845755601223512,16.112768519957527,16.828824996948242,639889000
2022-05-24,16.442415131665932,16.529058883354868,15.715402955185922,16.087871551513672,588550000
2022-05-25,15.954421301148022,17.040954810049584,15.934502716862164,16.9055118560791,781132000
2022-05-26,15.97034965113775,18.017932366337,15.956407026409044,17.77791976928711,996575000
2022-05-27,18.111555803971783,18.803710493636046,18.025907407236858,18.733997344970703,738379000
2022-05-31,18.902297823512807,19.12139838703036,18.27487779966752,18.59556007385254,664100000
2022-06-01,18.647344266393155,18.974995901316028,18.047807688518343,18.244997024536133,544514000
2022-06-02,18.217114068339008,19.538681119252402,18.123499032376543,19.511791229248047,648656000
2022-06-03,19.003885365597327,19.252861948714582,18.446176451745462,18.64336585998535,598779000
2022-06-06,19.060652505586596,19.257841926957315,18.48800556646816,18.709096908569336,422406000
2022-06-07,18.39637655675563,18.92221482614315,18.11353884530264,18.84851837158203,388914000
2022-06-08,18.726000947489727,19.105521994199414,18.463026152906487,18.57558822631836,363252000
2022-06-09,18.409233910241724,18.859478331118886,17.97094202357339,17.977914810180664,395574000
2022-06-10,17.531657297722646,17.628280755740548,16.803494968741788,16.90808868408203,465248000
2022-06-13,15.937871657637327,16.248660428552956,15.545401514869623,15.58624267578125,604153000
2022-06-14,15.669915702421072,16.00361491899296,15.352154151870845,15.774508476257324,469680000
2022-06-15,16.032500272176392,16.80249932387109,15.864156848634643,16.46282386779785,563936000
2022-06-16,15.79841174165895,15.880094046952882,15.341194505792407,15.540417671203613,545749000
2022-06-17,15.587236076673541,15.932888741748645,15.268478991865372,15.81833553314209,630334000
2022-06-21,16.41102270722772,16.941951940881246,16.343285982511887,16.50166893005371,483089000
2022-06-22,16.16299022237989,16.59729794626429,16.117169323053933,16.296470642089844,437135000
2022-06-23,16.45485004508153,16.520593728784007,15.791436941343258,16.1619930267334,463680000
2022-06-24,16.43592735057394,17.073441500432935,16.24666462485629,17.05949592590332,472153000
2022-06-27,17.244775982546706,17.26270573709096,16.561438970901577,16.803495407104492,427968000
2022-06-28,16.834372525159395,17.135199826222774,15.88308111450523,15.919938087463379,461149000
2022-06-29,15.752589638361185,15.758565905380278,15.111090429737093,15.481645584106445,482352000
2022-06-30,15.30135010720161,15.506550493203868,14.80428823063541,15.10013484954834,686070000
2022-07-01,14.841143578722336,15.004506284421517,14.336112418461335,14.46660327911377,577610000
2022-07-05,14.119953903903731,14.912862297358176,14.000420018205764,14.905889511108398,651397000
2022-07-06,14.951714146500859,15.259514268350555,14.73157165387112,15.071248054504395,529066000
2022-07-07,15.395981666093258,15.883082152996206,15.329241452564782,15.796420097351074,492903000
2022-07-08,15.370084060896657,15.974727368388931,15.329242903234574,15.77649974822998,467972000
2022-07-11,15.465708848641963,15.466705368190304,14.9796039530425,15.093161582946777,437321000
2022-07-12,15.20871031951737,15.371077457553127,14.819228872129182,15.023432731628418,458483000
2022-07-13,14.533344477991491,15.315296025509971,14.408829876158077,15.105114936828613,521918000
2022-07-14,15.049330705933693,15.412913068607052,14.670806250969452,15.312305450439453,456235000
2022-07-15,15.598192598861097,15.72071415365687,15.385022914971692,15.70079231262207,385935000
2022-07-18,16.238698571143832,16.83138747265714,15.939864245998463,16.03847885131836,670517000
2022-07-19,16.42198027766924,17.043557657032984,16.109200448917402,16.926015853881836,702366000
2022-07-20,16.88119289080597,17.86336417339984,16.735759920763662,17.737852096557617,760538000
2022-07-21,17.815549700814543,18.073542834559365,17.476869827222348,17.979907989501953,557049000
2022-07-22,17.823517582725398,17.897229633267205,17.07045276387724,17.251747131347656,536671000
2022-07-25,16.95291172337914,17.057505436276674,16.584349553933702,16.95789337158203,480748000
2022-07-26,16.823412263121405,16.85329644344221,16.414009062416476,16.468795776367188,397865000
2022-07-27,16.965860804114296,17.86635161594308,16.84732342255859,17.720918655395508,569776000
2022-07-28,17.90520156953599,18.069559869258693,17.372279182649145,17.914165496826172,474646000
2022-07-29,17.743830767643395,18.173156925324996,17.623300329186787,18.092472076416016,435460000
2022-08-01,18.111393572390696,18.772816539459214,17.9201397228468,18.369388580322266,476469000
2022-08-02,18.051627201581738,18.864458441615547,18.021743015572017,18.454057693481445,489527000
2022-08-03,18.113388905855146,18.89434491533446,18.066570532098716,18.81963539123535,418146000
2022-08-04,18.775804825428892,19.199153667911663,18.68714973891171,19.140382766723633,409652000
2022-08-05,18.73695646403008,19.154330026144063,18.59351654169447,18.91526222229004,386068000
2022-08-08,17.434035232399516,18.168172751532033,17.175044663246958,17.72390365600586,981859000
2022-08-09,17.18500716001782,17.379249624350564,16.65905763199982,17.019651412963867,668263000
2022-08-10,17.62927686575505,18.047646040112355,17.249755809744542,18.0267276763916,597422000
2022-08-11,18.06059303930121,18.634356491462075,17.80658220790549,17.872325897216797,509327000
2022-08-12,18.089482668919175,18.645316458949107,17.883285741988434,18.636350631713867,478094000
2022-08-15,18.628381495120706,19.089582944835495,18.540723865569156,18.95809555053711,457666000
2022-08-16,18.846530011794016,19.067668063926604,18.42915644764587,18.805688858032227,451240000
2022-08-17,18.451075096193428,18.61543340601533,18.074542628314358,18.263803482055664,446799000
2022-08-18,18.2299364492585,18.79174557455485,18.11239462163172,18.700103759765625,415447000
2022-08-19,18.334522125375216,18.448079736030042,17.700992292183763,17.779685974121094,441588000
2022-08-22,17.422084130919913,17.4898208696324,16.90011871477872,16.96785545349121,409593000
2022-08-23,16.92302685754724,17.397178237368543,16.904099637165128,17.114280700683594,369986000
2022-08-24,16.945939135983163,17.338410181530257,16.829394785860185,17.15512466430664,522661000
2022-08-25,16.778590073936765,17.877307466202186,16.76763310909007,17.84343910217285,770691000
2022-08-26,17.787658007376972,17.85439727044476,16.173947959014292,16.19685935974121,769127000
2022-08-29,15.957790614919103,16.27455462835807,15.705772821557588,15.739640235900879,496132000
2022-08-30,15.898025221954772,15.9767179755962,15.123046421676525,15.407936096191406,530181000
2022-08-31,15.324259904969264,15.479654254742409,14.900910096286847,15.035386085510254,573710000
2022-09-01,14.153822371676808,14.324158812735067,13.21846957505842,13.882879257202148,1178865000
2022-09-02,14.045248511057261,14.11597195898287,13.538224239518152,13.59400749206543,743157000
2022-09-06,13.67767991813969,13.725493859595561,13.299155414870102,13.412713050842285,535751000
2022-09-07,13.514347994091015,13.788362113873305,13.298126385508025,13.664806365966797,512657000
2022-09-08,13.410719244419383,13.957750598170398,13.321042892410091,13.939814567565918,624873000
2022-09-09,14.106216544794995,14.422079811274344,14.075328559341035,14.335391998291016,486612000
2022-09-12,14.317457712947263,14.49481871137175,14.147070624316918,14.452969551086426,484159000
2022-09-13,13.752490135017588,13.872059562410795,13.052011836426038,13.08389663696289,714956000
2022-09-14,13.20645432739914,13.242325437341442,12.866677974239867,13.080906867980957,588507000
2022-09-15,12.968312751976555,13.185530199582288,12.744119495023593,12.882620811462402,523625000
2022-09-16,12.6962911946005,13.164605464480621,12.571739597842733,13.150655746459961,670751000
2022-09-19,12.965324131066843,13.414706540772462,12.963331449798705,13.333996772766113,569685000
2022-09-20,13.167594240345288,13.43463249948038,13.010161038264972,13.12873363494873,524818000
2022-09-21,13.165602253694058,13.980667741595738,13.062971099601787,13.21342945098877,807679000
2022-09-22,13.023115583255532,13.10183266935545,12.38341928920965,12.515941619873047,759162000
2022-09-23,12.375448310956983,12.565763159913388,12.213032901606326,12.47110366821289,663309000
2022-09-26,12.446192490592988,12.613590061867972,12.170185718593245,12.184135437011719,547343000
2022-09-27,12.462133804063294,12.690312407168465,12.214027440777055,12.368471145629883,553854000
2022-09-28,12.365484415747904,12.777003065810181,12.309685534452253,12.690315246582031,542414000
2022-09-29,12.403348375701784,12.455161894796301,11.903149218445288,12.176166534423828,532763000
2022-09-30,12.043641657389104,12.587683536419725,12.031684619918396,12.095455169677734,565638000
2022-10-03,12.3027092319889,12.632522202880898,12.061576751367282,12.467117309570312,547478000
2022-10-04,12.832799262641858,13.172576558568696,12.832799262641858,13.119766235351562,584182000
2022-10-05,12.864684994243332,13.273214061069236,12.575725340860139,13.161615371704102,507131000
2022-10-06,13.172576390235374,13.607012205791838,13.05599552454441,13.08289909362793,644157000
2022-10-07,12.460139504790755,12.624547543507978,11.978872423296076,12.032678604125977,672478000
2022-10-10,11.993818750562575,12.080506544532378,11.36707548368734,11.628135681152344,698699000
2022-10-11,11.519527473651838,11.803504950434311,11.242524855590247,11.544438362121582,667482000
2022-10-12,11.537465911080686,11.692905516404727,11.304305077714478,11.458748817443848,492590000
2022-10-13,10.931643641216205,12.034672869060671,10.774210439470531,11.917096138000488,850103000
2022-10-14,12.013748081279001,12.06755426824253,11.16380836002219,11.186725616455078,713432000
2022-10-17,11.476683331813856,11.905141179135784,11.475687466268546,11.845355987548828,580774000
2022-10-18,12.299721723057132,12.447190608851194,11.576326064776566,11.924074172973633,659362000
2022-10-19,11.836389481808228,12.30570066362384,11.791550821758921,12.007772445678711,523131000
2022-10-20,12.069545457649287,12.723192244784924,12.061573784536673,12.15025520324707,652398000
2022-10-21,12.054600941010673,12.453166608425773,11.844358361540095,12.421280860900879,609494000
2022-10-24,12.463130284529436,12.66440531318631,12.02072280741897,12.553803443908691,517457000
2022-10-25,12.648463971781274,13.252290058434822,12.618570904437151,13.21342945098877,505482000
2022-10-26,12.82283740595862,13.339974778311161,12.662414686166759,12.849740028381348,532953000
2022-10-27,13.581105480931186,13.78835950903757,13.074927446921608,13.12873363494873,583113000
2022-10-28,13.056994256397354,13.800318541551777,13.014148282801942,13.784375190734863,521040000
2022-10-31,13.728574769253589,13.78835995245815,13.24930028897117,13.448582649230957,486341000
2022-11-01,13.761457385078938,13.875048766316969,13.470505022876246,13.49441909790039,432817000
2022-11-02,13.800316292387196,14.159024522745352,13.163608637105877,13.171579360961914,672628000
2022-11-03,12.996213708431235,13.73156634689156,12.90952589233768,13.372857093811035,500065000
2022-11-04,13.93582958769378,14.177957930344933,13.647865776966073,14.105219841003418,612576000
2022-11-07,14.176962450071352,14.360302439141222,13.903946098084313,14.249700546264648,410061000
2022-11-08,14.747905225291545,14.837582527688992,14.165003709961418,14.549619674682617,595292000
2022-11-09,14.111197542274558,14.160022506058544,13.70964331218987,13.726582527160645,454414000
2022-11-10,14.746910406367014,15.716419686091069,14.49481769622729,15.693502426147461,700819000
2022-11-11,15.750296571579392,16.330208574296904,15.426462616385566,16.268430709838867,655487000
2022-11-14,16.159822116780518,16.480667518589406,15.864883468839679,16.23654556274414,527852000
2022-11-15,16.662013391587355,16.937022370999905,16.32323291950231,16.60621452331543,545876000
2022-11-16,16.104025972359103,16.303307412411236,15.816062134408572,15.85292911529541,649547000
2022-11-17,15.658627572163233,16.20765162732223,15.47927296101109,15.620763778686523,710894000
2022-11-18,15.90872657967121,15.944598642065296,15.065761621009438,15.35372543334961,492072000
2022-11-21,15.092664200239714,15.42148033094182,15.025904158444272,15.262054443359375,404739000
2022-11-22,15.273013794121328,16.000395552590362,15.067752452914368,15.980466842651367,472866000
2022-11-23,16.040254147784076,16.46771612556409,15.99043426388969,16.45974349975586,427241000
2022-11-25,16.259463735177064,16.427856209576845,16.113987567674407,16.21163558959961,167934000
2022-11-28,15.968512050766721,16.298325994560756,15.668593078367639,15.77022647857666,303741000
2022-11-29,15.770225383983295,15.874849224323373,15.46432743853725,15.582900047302246,298384000
2022-11-30,15.644692293883454,16.873584309435355,15.54502609510109,16.866607666015625,565298000
2022-12-01,16.942353455622023,17.207465887298017,16.579566121809616,17.077899932861328,470977000
2022-12-02,16.60348724039677,16.876574351409886,16.390199657775565,16.81976318359375,371389000
2022-12-05,16.623421575647185,16.93836855658918,16.41711062983356,16.554651260375977,352255000
2022-12-06,16.474918055552177,16.51777403742583,15.766286867339783,15.933727264404297,352694000
2022-12-07,15.719441428825348,16.1320623176005,15.614790838365689,16.066282272338867,372388000
2022-12-08,16.218775465562125,17.12175660926792,15.905820703517822,17.11178970336914,515456000
2022-12-09,17.102821795051945,17.524412670631218,16.918438757387204,16.944351196289062,465338000
2022-12-12,16.980232212594135,17.47956229907445,16.74103213701686,17.476572036743164,457328000
2022-12-13,18.469249909930564,18.72738762856205,17.651982672461422,18.01177978515625,656589000
2022-12-14,17.927061390913362,18.191179623464766,17.36195136904166,17.61510467529297,496888000
2022-12-15,17.088865417042985,17.26228539533921,16.64435244524807,16.895511627197266,478542000
2022-12-16,16.80780235933555,16.984212566313406,16.355314807354187,16.515777587890625,478232000
2022-12-19,16.51677591008969,16.553651364106894,16.09119880078537,16.1998348236084,354039000
2022-12-20,16.01046693823351,16.255647448102433,15.799174471467346,16.031396865844727,403260000
2022-12-21,16.060304842306547,16.571595897427166,16.048343794868938,16.446014404296875,325025000
2022-12-22,16.040369896727526,16.084223899243984,14.832408745526728,15.287885665893555,565045000
2022-12-23,15.145361845900647,15.287884971363319,14.833405142358366,15.155328750610352,349326000
2022-12-27,15.023771479202395,15.049684866029649,14.009163010503425,14.073946952819824,464902000
2022-12-28,13.880592209011148,14.214475953122395,13.837735273982746,13.989229202270508,351066000
2022-12-29,14.354008980352377,14.634071797044276,14.179591938632296,14.554338455200195,354923000
2022-12-30,14.286236129267657,14.580253211433105,14.18557284700013,14.565303802490234,310490000
2023-01-03,14.801512873667992,14.946030156445817,14.049028593833635,14.267298698425293,401277000
2023-01-04,14.518459253168668,14.803505525216863,14.193545359327329,14.699851989746094,431324000
2023-01-05,14.442713107430109,14.515469810414057,14.100855645137985,14.217466354370117,389168000
2023-01-06,14.425767217118333,14.95998131637067,13.987233879252056,14.809484481811523,405044000
2023-01-09,15.233069416455065,16.002496236779955,15.090545335630782,15.575922966003418,504231000
2023-01-10,15.455324830408456,15.908808523742264,15.420441615612981,15.855985641479492,384101000
2023-01-11,15.787215773433328,15.974589018428674,15.511138407767845,15.947678565979004,353285000
2023-01-12,16.046352430023713,16.581561807242853,15.440377637088012,16.455982208251953,551409000
2023-01-13,16.22375667699758,16.865611678653806,16.11113426118995,16.842687606811523,447287000
2023-01-17,16.842691082523842,17.66892924665794,16.842691082523842,17.643014907836914,511102000
2023-01-18,17.608130198283973,17.813443145734695,17.224412859359354,17.3190975189209,439624000
2023-01-19,16.97922612350295,17.13969078574918,16.675244145492883,16.709129333496094,452932000
2023-01-20,16.954314377855656,17.796499823469546,16.768935260471654,17.779556274414062,564967000
2023-01-23,18.00380595113542,19.180872256618034,17.75862728937308,19.129045486450195,655163000
2023-01-24,18.764265416274096,19.430040716014094,18.75728877168834,19.2008056640625,496204000
2023-01-25,18.849981770619532,19.305459771289012,18.518091147994816,19.258615493774414,449537000
2023-01-26,19.63535204186898,20.09880270917431,19.213761238604867,19.73601531982422,489535000
2023-01-27,19.39714737022937,20.559262315315294,19.34033810009434,20.297138214111328,542142000
2023-01-30,19.883524636147044,20.072890161486782,19.086189204794305,19.0981502532959,488611000
2023-01-31,19.10612138016746,19.621398819093155,18.886855153366426,19.471899032592773,498017000
2023-02-01,19.625387611698173,21.121385582722432,19.545654255705372,20.87321662902832,660477000
2023-02-02,20.9300225588854,21.875859651889073,20.631022997012753,21.636659622192383,564276000
2023-02-03,20.93002073586232,21.67253897459517,20.719723419819307,21.029687881469727,429366000
2023-02-06,20.736666558099405,21.498120569952917,20.716732749173072,21.01872444152832,452197000
2023-02-07,21.310754458816746,22.18483307266958,21.079527140485578,22.099119186401367,664150000
2023-02-08,22.312398971746344,22.80176393868283,21.934662201742093,22.131006240844727,559651000
2023-02-09,22.530670219439532,22.943290193315832,22.046289671543487,22.26256561279297,523876000
2023-02-10,21.6177224771655,22.00442812205311,20.74165187678693,21.194137573242188,550737000
2023-02-13,21.466229945466377,21.974530722285284,20.89214911284721,21.715396881103516,474919000
2023-02-14,21.506093473695493,22.972192242637163,21.294800040276197,22.894453048706055,675474000
2023-02-15,22.473857186049795,22.778837224069242,22.032334555587305,22.688140869140625,420575000
2023-02-16,22.059246323523663,22.474856585066412,21.853933394359046,21.92868423461914,412026000
2023-02-17,21.558916936890704,21.667552957905706,20.90510286763505,21.316726684570312,465888000
2023-02-21,20.930021777294268,21.422375105842487,20.549294744904135,20.586172103881836,410015000
2023-02-22,20.637998793039895,21.03367523119019,20.352950629424083,20.68484115600586,513184000
2023-02-23,23.361887672593678,23.808394684941764,22.94826973096921,23.585140228271484,1117995000
2023-02-24,23.147606985640458,23.39577778263142,22.870533495406775,23.208402633666992,589716000
2023-02-27,23.59112307758857,23.800422369181604,23.375843263094975,23.422685623168945,452994000
2023-02-28,23.294119765093207,23.74561130134119,23.128672543867644,23.138639450073242,455963000
2023-03-01,23.114717384744207,23.1785051990992,22.43299664359423,22.622364044189453,460026000
2023-03-02,22.413068770070115,23.302094840244738,22.35725370958567,23.23631477355957,389415000
2023-03-03,23.242288332226597,23.820355469270233,23.052920954283433,23.810388565063477,412393000
2023-03-06,23.81139038959998,24.167199231552658,23.408735379499408,23.475513458251953,437429000
2023-03-07,23.52535169548433,24.04869069829288,23.16748608515548,23.214338302612305,515154000
2023-03-08,23.412708106815042,24.123454073591056,23.34990765503741,24.10451316833496,513573000
2023-03-09,24.09853264786072,24.376651390603612,23.309037961330453,23.36187171936035,501257000
2023-03-10,23.334960424456437,23.55227132624744,22.654120112006748,22.892364501953125,474866000
2023-03-13,22.68003442386319,23.22430691098968,22.22647370103853,22.893356323242188,421890000
2023-03-14,23.421682859195702,24.14239559716936,23.385795524923413,23.986888885498047,474910000
2023-03-15,23.68584522635948,24.20918430620047,23.286114490388712,24.151369094848633,524486000
2023-03-16,23.95100522634043,25.507066846417814,23.81842456983862,25.460216522216797,583253000
2023-03-17,25.899814194990817,26.31549495979066,25.58680635854396,25.643627166748047,848547000
2023-03-20,25.533978703666488,25.94168541899632,25.050512165831673,25.818077087402344,432747000
2023-03-21,26.097193730071265,26.30852307379936,25.300721156644958,26.116132736206055,547408000
2023-03-22,26.341415997809847,27.501735683439474,26.1540109224766,26.384281158447266,797295000
2023-03-23,27.02923590014394,27.412022096248382,26.605580921982124,27.104995727539062,564889000
2023-03-24,26.945501524795564,27.08107103959281,26.27163910855887,26.694297790527344,454920000
2023-03-27,26.752112468073136,26.91459699343309,26.281605317466703,26.447080612182617,361026000
2023-03-28,26.363353050608648,26.429144288402682,25.76824114038316,26.32646942138672,356104000
2023-03-29,26.740157428680025,26.99235558601917,26.51287791862298,26.898653030395508,393694000
2023-03-30,27.142876388177367,27.412022850595726,27.016277275445294,27.296388626098633,364516000
2023-03-31,27.054156013485166,27.74596114615361,27.019266870020537,27.68914222717285,433933000
2023-04-03,27.421989811329777,27.911436002639256,27.249536675681906,27.87654685974121,398716000
2023-04-04,27.877546912651646,27.911439770704074,27.220630845431714,27.366168975830078,368592000
2023-04-05,26.74413726044268,26.91260141633157,26.311510037121913,26.79597282409668,515015000
2023-04-06,26.49991646560377,26.994347944342177,26.34341345534257,26.95148468017578,397654000
2023-04-10,26.738154889804967,27.533631033946165,26.584642683548577,27.491764068603516,395279000
2023-04-11,27.636309871277366,27.702101097960746,27.04019987081764,27.083065032958984,314378000
2023-04-12,27.28342808388289,27.381117678822534,26.36434353627186,26.411195755004883,446259000
2023-04-13,26.649436142330675,26.80195206178548,26.245718426745807,26.37929344177246,353615000
2023-04-14,26.420166433717664,26.79796735162646,26.137064342301827,26.673362731933594,395660000
2023-04-17,26.480975507689482,26.920580610646343,26.349393053761112,26.916593551635742,321471000
2023-04-18,27.445915621619545,28.02109026862938,27.270471706452536,27.579490661621094,604812000
2023-04-19,27.274458372050166,27.91143718116391,27.145866682608375,27.842655181884766,358660000
2023-04-20,27.58347456890567,27.941340187321615,26.914597451904964,27.018268585205078,427713000
2023-04-21,26.866752496922075,27.097022758549475,26.637480426106034,27.03322410583496,345103000
2023-04-24,26.927557165010345,27.279439347819814,26.586637967974482,26.956464767456055,339282000
2023-04-25,26.992357408890378,27.160823523001273,26.142056521194057,26.158004760742188,378527000
2023-04-26,26.916593006788613,27.243554654828017,26.620531540784825,26.870737075805664,406337000
2023-04-27,27.276452656846956,27.408035115051412,26.54078605798617,27.13988494873047,377161000
2023-04-28,27.138889210344786,27.670202402547503,26.98537507177856,27.661231994628906,292216000
2023-05-01,27.751942445275365,28.96609033128575,27.692132757184343,28.818557739257812,570329000
2023-05-02,28.58928408497182,28.744790786364405,27.994172302997715,28.120769500732422,402730000
2023-05-03,27.75194164873796,28.277275162589756,27.385105610028088,27.714061737060547,383387000
2023-05-04,27.563540293710812,27.770882582276077,27.15384096655844,27.474822998046875,321850000
2023-05-05,27.737986024481625,28.66404652957751,27.64328719583459,28.589284896850586,361494000
2023-05-08,28.431787579434026,29.127579840665803,28.260332614613137,29.05879783630371,344979000
2023-05-09,28.807590591905967,28.881355931475877,28.360011403786928,28.480627059936523,314869000
2023-05-10,28.9132576098521,29.020917714127965,28.37097953587767,28.793638229370117,369350000
2023-05-11,28.80460099601504,28.858431044188475,28.15665734572962,28.487606048583984,322149000
2023-05-12,28.43875993883251,28.68896736052221,27.957287902221466,28.25035858154297,274222000
2023-05-15,28.417831289934213,28.87737363124707,28.062958288462617,28.86142349243164,293926000
2023-05-16,28.749774743963638,29.775521221273998,28.740804336785136,29.12059783935547,449405000
2023-05-17,29.49042332813896,30.103477811017896,29.336911110410703,30.082544326782227,432535000
2023-05-18,30.31381366494329,31.727327831009532,30.224098180923058,31.577802658081055,748725000
2023-05-19,31.43625056372688,31.48011201484415,30.818212695710137,31.165111541748047,473908000
2023-05-22,30.803257086267713,31.42030053090031,30.582957356502835,31.077388763427734,372000000
2023-05-23,30.9019443296342,31.18903346729931,30.53411202557799,30.590930938720703,356253000
2023-05-24,30.114446491845936,30.510192064798854,29.71172499125114,30.441410064697266,721419000
2023-05-25,38.40114883242656,39.3551225285011,36.51912017458201,37.859867095947266,1543911000
2023-05-26,37.77015897004827,39.04610930402264,37.43123418725733,38.822818756103516,714397000
2023-05-30,40.466605006926684,41.805355798351464,39.82264830428926,39.984134674072266,923401000
2023-05-31,39.363100391824844,40.16754710014043,37.702369501651916,37.714332580566406,1002580000
2023-06-01,38.367260487804366,39.92332397878751,38.218733498055144,39.64421081542969,635873000
2023-06-02,39.970171105133474,40.37189627228211,38.934456059073696,39.202606201171875,482731000
2023-06-05,38.78593155134608,39.439854864368684,38.58457081030142,39.04710388183594,396094000
2023-06-06,38.70718026277856,39.03613447609746,38.02733445700801,38.531734466552734,388729000
2023-06-07,38.79592485025507,39.37813750275476,37.2416933197928,37.360328674316406,511998000
2023-06-08,37.60857182578051,38.74508306628558,37.39024395636986,38.39216613769531,417772000
2023-06-09,38.91754848393105,39.58948588191824,38.448989234454245,38.6513671875,427717000
2023-06-12,39.08005597622932,39.40904425940009,38.49983605891858,39.36119079589844,388701000
2023-06-13,40.06303253313572,40.97523356570902,39.61839813533891,40.8964729309082,613208000
2023-06-14,40.69908893155934,42.86842954641151,40.42791802705582,42.865440368652344,740465000
2023-06-15,42.47164881165265,43.15654702262012,42.018039182120376,42.522491455078125,568622000
2023-06-16,43.31704703395712,43.5872177031006,42.53045985415552,42.56136703491211,655709000
2023-06-20,42.86643864335991,43.85540396507537,42.543428689005886,43.67395782470703,451153000
2023-06-21,43.36789797033513,43.481551381643484,41.9512482252179,42.913291931152344,551603000
2023-06-22,42.12370778383283,43.293118838626924,42.10476872123709,42.893348693847656,417737000
2023-06-23,42.334073901022386,42.67801572091921,41.88644639488769,42.07985305786133,358140000
2023-06-26,42.33106943872404,42.63314366936261,39.97729395118432,40.507667541503906,594322000
2023-06-27,40.674163315350505,41.81167093605906,40.3242393713419,41.747867584228516,462175000
2023-06-28,40.535581905804115,41.71695722321169,40.39401812376897,40.99118423461914,582639000
2023-06-29,41.430838173608656,41.4727094781301,40.47576930987673,40.69709014892578,380514000
2023-06-30,41.55247453077657,42.41981157958306,41.37402135436548,42.172569274902344,501148000
2023-07-03,42.38689642071777,42.76673107922371,42.072861688736154,42.2832145690918,198209000
2023-07-05,42.00607294813804,43.04488443654503,41.95622669958026,42.18751907348633,323618000
2023-07-06,41.7159719008241,42.04994599038348,41.219494533498526,41.974178314208984,303582000
2023-07-07,42.19249416309544,43.0817667609672,42.050930383889,42.37294006347656,355881000
2023-07-10,42.52647545344216,42.680003559932054,41.521556604913506,42.050933837890625,353908000
2023-07-11,42.35100568748728,42.627158483980864,41.93827488426671,42.275238037109375,298244000
2023-07-12,42.90132167106193,43.800562012799624,42.64610450369037,43.767662048339844,481277000
2023-07-13,44.38177994624532,46.01376808541058,44.35585853064173,45.8363151550293,478204000
2023-07-14,46.44046184420574,47.94085779132301,44.92212322629915,45.329872131347656,772075000
2023-07-17,46.147361621458764,46.353725148743315,45.123503715655524,46.31883239746094,510488000
2023-07-18,46.55809446661066,47.74943744480596,45.59405444397255,47.34866714477539,569164000
2023-07-19,47.31876976791527,47.67168668562745,46.598978830711765,46.932952880859375,427502000
2023-07-20,46.364689924192476,46.942916966787365,44.92411188572427,45.38071060180664,537865000
2023-07-21,45.64789454996022,45.72565880367255,43.965059822678604,44.17341995239258,963769000
2023-07-24,44.594129747804274,44.970975292246095,43.90524600694248,44.475494384765625,382516000
2023-07-25,44.803485791149136,46.04168213917605,44.7855393181674,45.53922653198242,348081000
2023-07-26,45.88017875854229,45.91208233149028,44.49343628066657,45.31291961669922,364237000
2023-07-27,46.37665353902674,47.2499724441027,45.6100056638695,45.75954818725586,455976000
2023-07-28,46.52520665161332,46.88310935590441,46.23908604851757,46.606956481933594,331194000
2023-07-31,46.610935000793745,46.98578389821118,46.36369278218995,46.58600997924805,251055000
2023-08-01,46.31783562150429,46.75649169459333,45.88616190163857,46.36469268798828,237858000
2023-08-02,45.69076572472491,45.69973706046443,43.25424373168055,44.133544921875,530142000
2023-08-03,43.665975669938696,44.97994351428875,43.665975669938696,44.378787994384766,324176000
2023-08-04,44.84734857341807,45.50233587133729,44.25716100939372,44.54328155517578,362666000
2023-08-07,44.97296695444659,45.400655128648054,44.42664342016852,45.27803039550781,322154000
2023-08-08,44.71576081749796,45.10357050648728,43.92119857113271,44.527339935302734,353843000
2023-08-09,44.138528337331145,44.17641407263371,42.005076934408166,42.42379379272461,586449000
2023-08-10,42.03100157577808,43.44067657606507,41.70699522784932,42.258304595947266,492705000
2023-08-11,41.62325025169544,41.88943538762121,40.514653222522405,40.7299919128418,533085000
2023-08-14,40.36211972462702,43.665978621737146,40.187655955736346,43.61912155151367,690286000
2023-08-15,44.42365913256692,45.1294930156629,43.57625763398883,43.8055534362793,676512000
2023-08-16,44.38376830984962,44.53829278958651,43.27317495256757,43.35293197631836,527451000
2023-08-17,43.835452445012606,43.92716998066587,42.86941583301397,43.211368560791016,452395000
2023-08-18,42.504538056513674,43.44465333013322,41.5325230130091,43.166507720947266,583768000
2023-08-21,44.35785535241688,46.920987674468684,44.08668826541733,46.82328796386719,692573000
2023-08-22,47.98770551423466,48.03954834169377,45.194281473370985,45.528255462646484,755293000
2023-08-23,45.725664540283454,47.055582524189234,45.06967688525946,46.971839904785156,779046000
2023-08-24,50.0623439279402,50.11219017259599,47.014698817328394,47.01868438720703,1156044000
2023-08-25,46.86814754737519,47.658720291728024,44.8862279220612,45.87718963623047,925341000
2023-08-28,46.33977183033874,46.836249134555814,44.750651224061855,46.69169235229492,685192000
2023-08-29,46.5232082617889,48.93081957760332,46.249048206065815,48.634727478027344,701397000
2023-08-30,48.89392651921933,49.77422400503659,48.27682114567205,49.11325454711914,735206000
2023-08-31,49.22890833319217,49.5917929853516,48.80819868484659,49.203983306884766,528570000
2023-09-01,49.60972935191137,49.64761127691253,47.99468381251343,48.36056137084961,463830000
2023-09-05,48.07544589025944,48.70152648362675,47.71355763922135,48.399452209472656,382653000
2023-09-06,48.29675192445169,48.404428217365016,46.44129363976494,46.920860290527344,468670000
2023-09-07,45.38943829933542,46.20599974475195,45.01754791417301,46.10330581665039,433330000
2023-09-08,45.805199355822154,46.46721981309031,45.13619596961709,45.43629837036133,473069000
2023-09-11,46.010585175997676,46.025539902373815,44.180053643461356,45.04347610473633,473966000
2023-09-12,44.604786051563885,45.53700334292315,44.398401689358636,44.736392974853516,349256000
2023-09-13,44.46719666176669,45.793238253815964,44.370485369123514,45.34956359863281,398355000
2023-09-14,45.813171215808374,45.85005979000756,44.99660978408658,45.44527053833008,370097000
2023-09-15,45.20598272428771,45.46321387121769,43.67754676368698,43.7692756652832,506831000
2023-09-18,42.62071131068282,44.11026214230338,41.87493751856223,43.8350830078125,500271000
2023-09-19,43.70247908606619,43.835082475156234,42.87395226873784,43.390411376953125,373064000
2023-09-20,43.470171462670386,43.7722706240914,42.09727282869751,42.113224029541016,367108000
2023-09-21,41.45916805082353,41.974626746319814,40.85796311624776,40.89485168457031,450736000
2023-09-22,41.448210386933276,41.98959657847822,41.10822617218465,41.48609924316406,479236000
2023-09-25,41.46715374615769,42.40933950772004,41.05438505683627,42.096275329589844,419091000
2023-09-26,41.875929814501234,42.69249125804407,41.53095945617028,41.786197662353516,402282000
2023-09-27,42.203959332525116,42.74434528199303,41.50504642848328,42.34154510498047,444935000
2023-09-28,42.33356849695518,43.31663260486512,41.98959836899157,42.960697174072266,424663000
2023-09-29,43.696494927606466,44.01255232767132,43.178042888017536,43.36947250366211,397830000
2023-10-02,43.89888769595612,45.04047860898654,43.73039221652358,44.648651123046875,433298000
2023-10-03,44.67457689561349,44.99562050159697,43.117227684036216,43.387420654296875,470850000
2023-10-04,43.61174925416727,44.011556163058,43.16308846642664,43.90985870361328,361821000
2023-10-05,43.918830935362585,44.7663021604217,43.75731457253386,44.554931640625,393483000
2023-10-06,44.06141166404006,45.65266008201276,43.89490910599022,45.62574005126953,434436000
2023-10-09,44.708471059532506,45.46919952767431,44.235883483851424,45.138187408447266,409675000
2023-10-10,45.17507908955567,46.12125070086953,44.95374003044169,45.661624908447266,368582000
2023-10-11,46.05843799423147,46.71946573957931,45.91287284021887,46.666622161865234,378137000
2023-10-12,46.637711102575786,47.4672343606174,46.19204354796514,46.80521011352539,481325000
2023-10-13,46.82016719199545,46.97570471236393,45.145169391645375,45.32563018798828,474115000
2023-10-16,44.928816083518186,46.08735476029038,44.77826474104746,45.95774459838867,375099000
2023-10-17,43.86898271179327,44.620739164515385,42.35350830716708,43.807167053222656,812333000
2023-10-18,42.464174898094846,43.090307040885016,41.700456999229225,42.070350646972656,627294000
2023-10-19,42.68352817211386,43.168081135080946,41.75729348052896,41.975643157958984,501233000
2023-10-20,41.76526400722088,42.34353877331354,40.95568161669413,41.263763427734375,477266000
2023-10-23,41.10623136446677,43.11922033673946,40.82307664352765,42.84703063964844,478530000
2023-10-24,42.9487282788918,43.5668810255137,42.56387990123347,43.532981872558594,401463000
2023-10-25,43.26876906154992,43.52002136864502,41.431258603349754,41.65459060668945,398379000
2023-10-26,41.72837068029658,42.13017050427248,39.76124631016128,40.20591735839844,541001000
2023-10-27,41.00752725918924,41.08330116511961,39.895845748458264,40.37940216064453,416784000
2023-10-30,40.96465592174652,41.64163109365404,40.3604576251133,41.03843307495117,388028000
2023-10-31,40.329553945294535,40.75727737613491,39.11318548755272,40.6585693359375,517969000
2023-11-01,40.762256048704266,42.25479998188949,40.747301323669774,42.19896697998047,437593000
2023-11-02,43.19898202777144,43.75332619208585,42.76627622905822,43.3764533996582,409172000
2023-11-03,43.88892315557369,45.17408258825645,43.59280664299351,44.87099075317383,424610000
2023-11-06,45.15014941074925,45.79821535111658,44.765297265873905,45.61476135253906,400733000
2023-11-07,45.582863690228386,46.080374555632474,45.02353336587058,45.81816101074219,343165000
2023-11-08,45.96272659241924,46.72744479735544,45.83111967900613,46.43531799316406,346719000
2023-11-09,47.32565087128028,48.08637928139042,46.610786911501705,46.8101921081543,540496000
2023-11-10,47.358561621942854,48.32766746778713,47.14220871523475,48.19107437133789,421245000
2023-11-13,48.176121400741,48.9697526502745,47.95577878398572,48.47522735595703,384136000
2023-11-14,49.532067353089744,49.6856081153753,48.89397370012533,49.50813674926758,416954000
2023-11-15,49.78631108074614,49.81123435682442,48.05647674137133,48.742427825927734,475497000
2023-11-16,48.534047157885986,49.37752865421783,48.186087364869636,49.33266067504883,339756000
2023-11-17,49.376539611283306,49.5689657411974,48.86108069253804,49.151214599609375,325205000
2023-11-20,49.16516232495467,50.39748190834169,49.0345518906684,50.25889587402344,414120000
2023-11-21,49.97674154704206,50.36657612795036,49.07543401602206,49.795284271240234,565747000
2023-11-22,49.70355312493224,50.18511275994757,47.54798851961098,48.5709342956543,899420000
2023-11-24,48.325669336815935,48.77532658141017,47.60282592861512,47.63373565673828,294645000
2023-11-27,47.65766532815117,48.38549115302334,47.51010721393193,48.098350524902344,395662000
2023-11-28,48.09236930689928,48.17911204503058,47.33164078012809,47.67860412597656,401491000
2023-11-29,48.23494506927642,48.616804044774916,47.71748947427739,47.99665451049805,382005000
2023-11-30,47.88099726514556,47.96674352591701,46.28377015509841,46.630733489990234,526247000
2023-12-01,46.38646825144851,47.05945760454386,46.04947343587655,46.62575149536133,369317000
2023-12-04,45.93979415914972,45.93979415914972,44.87597007312704,45.374481201171875,437543000
2023-12-05,45.334592525789944,46.465313882039936,45.140156424425236,46.43141555786133,371718000
2023-12-06,47.078552351958834,47.25005616734263,45.28076148665041,45.371498107910156,380590000
2023-12-07,45.56792383673814,46.49423979899288,45.47220061553475,46.461334228515625,350823000
2023-12-08,46.4603430274887,47.60303102965734,46.41547109826504,47.368709564208984,359224000
2023-12-11,47.3537577126564,47.39363922656186,45.697558507484516,46.492252349853516,509728000
2023-12-12,45.91292392475919,47.5282408991093,45.91292392475919,47.51926803588867,372387000
2023-12-13,47.49135487990882,48.45356620387965,47.47041566072205,47.94902801513672,447792000
2023-12-14,48.25015142544688,48.52934100326086,47.28495045380948,48.21026611328125,391232000
2023-12-15,48.05471911639448,49.261221291787095,47.980931668648175,48.74870681762695,479948000
2023-12-18,49.25722853202736,50.2872401555101,49.007951067399034,49.93227005004883,412587000
2023-12-19,49.281156065075976,49.556359352120325,48.75368563402241,49.460636138916016,464444000
2023-12-20,49.511490749608875,49.85449831929735,47.95899143016388,47.971954345703125,397894000
2023-12-21,48.669931851728876,48.95311145717248,48.279062673701084,48.84841537475586,300425000
2023-12-22,49.05282008065704,49.24027646361489,48.32692345139222,48.68887710571289,252507000
2023-12-26,48.82647939940057,49.45665286845571,48.81850309781851,49.13658142089844,244200000
2023-12-27,49.36791146455285,49.53642176515991,48.943140137976336,49.2741813659668,233648000
2023-12-28,49.49953204501984,49.73983287122963,49.26919684127221,49.37887954711914,246587000
2023-12-29,49.66903891502132,49.85250906748791,48.61010784761711,49.37887954711914,389293000
2024-01-02,49.101683898702085,49.152535199799544,47.457451257375006,48.02879333496094,411254000
2024-01-03,47.34776169269325,48.044738980527136,47.183237655059315,47.4315185546875,320896000
2024-01-04,47.62895205059956,48.35983539054749,47.37070168440111,47.85928726196289,306535000
2024-01-05,48.321941715696894,49.40380504311915,48.166390532700504,48.95510482788086,415039000
2024-01-08,49.36890655044413,52.123921699220006,49.33600098033536,52.10198211669922,642510000
2024-01-09,52.24956832611932,54.168007982314144,51.54062068835723,52.98643112182617,773100000
2024-01-10,53.46104844034716,54.442201988108685,53.334412767924995,54.19292449951172,533796000
2024-01-11,54.840045537318446,55.18604277919064,53.40520527561887,54.66355514526367,596759000
2024-01-12,54.4621436511034,54.81113441098262,54.172984660391826,54.551883697509766,352994000
2024-01-16,54.858995015384636,56.67074127144449,54.74133601464206,56.219051361083984,449580000
2024-01-17,56.18415935716655,56.30780154944078,54.5818050801591,55.89101028442383,474394000
2024-01-18,57.094509439987654,57.433526947681614,55.9448418824529,56.941951751708984,491650000
2024-01-19,57.8214070619552,59.3280417723161,57.05961512425851,59.319068908691406,543501000
2024-01-22,59.87545679775879,60.15664330232137,58.89928603895681,59.481597900390625,452955000
2024-01-23,59.39784450488147,59.73686206906665,58.415690511418234,59.69997024536133,294654000
2024-01-24,60.12972459836109,62.66736781993211,59.764781198476165,61.18466567993164,560271000
2024-01-25,62.169802358134476,62.53773920716308,60.67413746929077,61.43892288208008,482777000
2024-01-26,60.78382411519858,61.60444749366959,60.39794531790314,60.854618072509766,390309000
2024-01-29,61.055031402652325,62.308398507444245,60.730973730437555,62.28446960449219,348733000
2024-01-30,62.71821799882993,63.309502714007664,62.08006442941247,62.59257888793945,410735000
2024-01-31,61.26243938962684,62.089045984947674,60.524580091271865,61.34918975830078,453795000
2024-02-01,61.92052952927185,63.00837994825412,61.471833071842404,62.844852447509766,369146000
2024-02-02,63.78911624931711,66.40752664709339,63.5059366044878,65.96880340576172,476578000
2024-02-05,68.02782694293316,69.29615400361993,67.01077810938553,69.13162994384766,680078000
2024-02-06,69.42876454653677,69.55240673067756,66.10839412447636,68.02583312988281,683111000
2024-02-07,68.12155362100862,70.01706057362387,67.40462981569888,69.89640808105469,495575000
2024-02-08,69.87147502102263,70.58939534958982,69.2542683281726,69.43972778320312,414422000
2024-02-09,70.32914067903327,71.97636644817582,70.00906929428511,71.92452239990234,436637000
2024-02-12,72.39016457689355,74.39535381795112,71.04406796843402,72.0391845703125,613710000
2024-02-13,70.19655257557241,73.2377338167756,69.41880791459157,71.9195556640625,602580000
2024-02-14,72.99045859670314,74.02146705443656,71.73011146374917,73.68643951416016,504917000
2024-02-15,73.65552738205378,73.76121624211152,72.19077091766044,72.4480209350586,420122000
2024-02-16,73.88583908151942,74.18696820662582,72.29146138961607,72.40313720703125,495327000
2024-02-20,71.73906612377016,71.74804279084927,67.53824458047887,69.25128173828125,704833000
2024-02-21,67.8094614044966,68.68891622407938,66.05654635382845,67.27700805664062,673755000
2024-02-22,74.80819417110781,78.3479308117141,74.00552015694443,78.31104278564453,865100000
2024-02-23,80.55650787145979,82.15586840169918,77.3458128505141,78.5892105102539,829388000
2024-02-26,79.46965549121944,80.41292820605618,78.27810947244775,78.86341857910156,503973000
2024-02-27,79.1515916746836,79.25031220583602,76.93901025797545,78.47355651855469,391705000
2024-02-28,77.39567023328642,78.70487140466068,76.90209811291284,77.43854522705078,393110000
2024-02-29,78.86541608909434,79.75882270864132,78.12356300049603,78.88336181640625,507289000
2024-03-01,79.76880094187264,82.06215701188974,79.20543135087004,82.04121398925781,479135000
2024-03-04,83.88685110747949,87.44155024884783,83.47704345209779,84.99065399169922,615616000
2024-03-05,85.02755456111447,85.85220668028344,83.17982622827054,85.7195816040039,520639000
2024-03-06,87.77173362164056,89.4688902523757,86.78254975478006,88.44779968261719,582520000
2024-03-07,89.90165539673119,92.5032385135836,89.34723648723485,92.405517578125,608119000
2024-03-08,94.86749190765931,97.12306133342042,86.26003174516178,87.27912902832031,1142269000
2024-03-11,86.18325727083518,88.54452056286361,83.92669117198699,85.53012084960938,678364000
2024-03-12,87.79865287127926,91.69852817689657,85.90505025020566,91.65166473388672,668075000
2024-03-13,90.7961026211969,91.24382347923168,88.18354935724443,90.62957763671875,635713000
2024-03-14,89.32231468480107,90.3882755061813,86.35377401546849,87.69395446777344,602318000
2024-03-15,86.68283850567245,89.29139794365639,86.01175546714047,87.5872573852539,642086000
2024-03-18,90.13100142686399,92.14226481208601,86.83739140527486,88.20349884033203,668976000
2024-03-19,86.45348714580204,90.28655945618765,84.76829741224358,89.1438217163086,672171000
2024-03-20,89.5416664131324,90.15292996918147,87.97214445293658,90.11503601074219,479063000
2024-03-21,92.03756431354115,92.38457441104313,90.14794815065484,91.17501831054688,480372000
2024-03-22,90.88186017417289,94.50852022791372,90.57573384993215,94.02091217041016,586719000
2024-03-25,93.67389990625729,96.49086455465545,93.24412560987103,94.73188018798828,552136000
2024-03-26,95.57845969689596,96.1009718491892,92.23898306006764,92.29781341552734,513648000
2024-03-27,92.84725495724012,92.97488937266765,88.8695984293379,89.99339294433594,586067000
2024-03-28,89.74411520186113,91.0404221311914,88.93941042675222,90.09910583496094,435212000
2024-04-01,90.04226569169144,91.96278458075767,88.95037777581965,90.1060791015625,452441000
2024-04-02,88.19651163521841,89.83783523468522,87.37087059473389,89.19766235351562,433064000
2024-04-03,88.23242095077572,90.11704664082849,88.14866014711569,88.71105194091797,370067000
2024-04-04,90.1489453998678,90.3763015666953,85.63581327474101,85.6607437133789,434965000
2024-04-05,86.61901544259366,88.22942906906539,85.68169327218381,87.75777435302734,399678000
2024-04-08,88.44779211337963,88.57742734725042,86.48539311445134,86.88525390625,283220000
2024-04-09,87.19337337953033,87.38582540473588,82.7859427996773,85.1113052368164,501700000
2024-04-10,83.68737890315158,87.15150043777531,83.47099303047223,86.7915267944336,431929000
2024-04-11,87.17143320524475,90.48099639616545,86.6788421374309,90.35834503173828,431637000
2024-04-12,89.44395551817271,89.91860764142923,87.28112393379013,87.93525695800781,426805000
2024-04-15,88.84465613304712,90.35534773623158,85.68466822355283,85.75646209716797,443077000
2024-04-16,86.18724040676238,87.86744694735988,85.81929391974823,87.16645050048828,370453000
2024-04-17,88.08882656112145,88.52259493497695,83.7113088922385,83.79607391357422,495400000
2024-04-18,84.7283978612392,85.94493013538192,82.167698910902,84.43024444580078,447260000
2024-04-19,82.91358934859076,84.08424741361141,75.3910397359179,75.98334503173828,875198000
2024-04-22,77.88192715774476,79.8453305652036,76.18277728835372,79.29190826416016,596341000
2024-04-23,80.53934787289336,82.53366130187051,80.03578647084935,82.18864440917969,438559000
2024-04-24,83.71129217484813,83.84292061734187,78.9578484435489,79.45044708251953,512208000
2024-04-25,78.64375119701494,83.08608614140688,78.00058847000186,82.39705657958984,424641000
2024-04-26,83.57968703669025,88.07985603184983,83.1499127117647,87.48554992675781,551011000
2024-04-29,87.34595772480836,87.7418245614748,85.02357698821454,87.50749969482422,388971000
2024-04-30,86.99194868469957,88.5664614931565,86.05462655663052,86.15633392333984,363709000
2024-05-01,84.83510772715242,85.75547993219622,81.02396844600167,82.80489349365234,559863000
2024-05-02,84.20888384405981,85.99180203592717,82.96343457532701,85.572998046875,377898000
2024-05-03,87.53938813243457,89.0271426544853,86.79251724081982,88.53654479980469,398341000
2024-05-06,89.13583280876144,91.9577879691123,88.80178624215971,91.87801361083984,376203000
2024-05-07,90.83898366205493,91.52004037192769,88.75791956813879,90.2965316772461,437342000
2024-05-08,89.22857828050421,90.93471200217493,89.16575387590268,90.15493774414062,325721000
2024-05-09,90.27159797496299,90.81305333122494,87.9801353538175,88.49466705322266,378013000
2024-05-10,90.04823965753017,91.14112411341107,88.973301771079,89.62245178222656,335325000
2024-05-13,90.22073791617511,90.73926364427145,88.2772820639822,90.1419677734375,289680000
2024-05-14,89.34423682194762,91.39040419499095,88.6811267433613,91.09624481201172,296507000
2024-05-15,92.20909256462353,94.59229693630975,91.33857349932174,94.36095428466797,417735000
2024-05-16,94.64014935721045,95.54656142094716,93.83543705567772,94.09071350097656,323952000
2024-05-17,94.10068232469492,94.47062203748345,91.5449662156453,92.21604919433594,359691000
2024-05-20,93.48344309476195,94.9293173048801,93.17432694405993,94.51051330566406,318764000
2024-05-21,93.33287026664621,95.1287520032466,92.915062881723,95.11479187011719,328946000
2024-05-22,95.18758628884531,95.74698824605449,92.98387077371804,94.6800308227539,548648000
2024-05-23,101.73790743867507,106.01770397120008,101.23134859062449,103.50387573242188,835065000
2024-05-24,104.15201429523188,106.1722546778935,102.70713677897801,106.16627502441406,429494000
2024-05-28,109.93054124400538,114.61219142145016,109.57056763172464,113.57714080810547,652728000
2024-05-29,112.7285727659483,115.16362326202471,110.58568085733936,114.49851989746094,557442000
2024-05-30,114.32401567603497,115.48969056494155,109.35119576529627,110.1858139038086,484553000
2024-05-31,112.20005836251356,112.39650442248492,106.63593026291203,109.32127380371094,613263000
2024-06-03,113.29794252397816,114.67301940917969,111.68453916444382,114.67301940917969,438392000
2024-06-04,115.38699108204422,116.26847269779265,113.72073695926161,116.1059341430664,403324000
2024-06-05,118.03444954327455,122.10085027973177,117.13401707628022,122.09188079833984,528402000
2024-06-06,123.69529221491227,125.22991785379394,117.98358173920542,120.65396881103516,664696000
2024-06-07,119.42946352714927,121.34600353396539,117.68643999762348,120.5442886352539,412386000
2024-06-10,120.02776477909312,122.74999853797115,116.67731737762591,121.4437255859375,313434100
2024-06-11,121.43375968591062,122.5307284016025,118.4121274796434,120.57614135742188,222551200
2024-06-12,122.72017341922755,126.52962437250758,122.23152866049337,124.85426330566406,299595000
2024-06-13,129.03272721920433,129.44159877760444,126.80888896455666,129.2521209716797,260704500
2024-06-14,129.60114223243076,132.4731792100278,127.9656714477386,131.51583862304688,309320400
2024-06-17,132.6227916073861,133.36073857025062,129.22220369566065,130.6183319091797,288504400
2024-06-18,130.7778703322321,135.95354113797538,130.3291160023479,135.2056121826172,294335100
2024-06-20,139.41394956266274,140.37129003031137,129.16233868973217,130.41885375976562,517768400
2024-06-21,126.76897377617152,130.2692833981682,123.95676122395307,126.22048950195312,649445800
2024-06-24,122.89967494041525,124.11630717061917,117.71403760101381,117.78384399414062,476060900
2024-06-25,120.86531742755339,126.15068514494095,118.9905115651875,125.74181365966797,414192600
2024-06-26,125.7817056647018,127.76620840809865,122.26145451808375,126.05096435546875,362975900
2024-06-27,123.75731801767638,126.0609445300648,122.58057607711103,123.64762115478516,252571700
2024-06-28,124.23598924744037,127.35734339260638,122.41104074475835,123.19886016845703,315516700
2024-07-01,123.12906191428952,124.49527404629498,118.50187501478464,123.95677185058594,284885500
2024-07-02,120.79551228090267,123.06922274393042,120.69578993975959,122.33126068115234,218374000
2024-07-03,121.324065820501,127.92578125,121.02489116241942,127.92578125,215749000
2024-07-05,127.02825159880693,128.49420118342798,125.3329490025218,125.48253631591797,214176700
2024-07-08,127.1379469199517,130.40889591730686,126.6891925935073,127.84598541259766,237677300
2024-07-09,129.99005737514514,133.4504765285805,128.29473958471138,131.0172119140625,285366600
2024-07-10,133.65988550841513,134.72693809179796,132.0543307877707,134.53746032714844,248978600
2024-07-11,135.3751516521801,135.77404103999976,126.69917812553707,127.04821014404297,374782700
2024-07-12,127.90582806874107,131.5557253023775,126.86870653322082,128.8831329345703,252680500
2024-07-15,130.19946809344353,131.02717795052595,126.828804392605,128.0853271484375,208326200
2024-07-16,128.0853283678797,128.68366239858466,124.2359867587292,126.01107025146484,214769500
2024-07-17,121.01489915039261,121.51351843622722,116.39768730256174,117.66417694091797,390086200
2024-07-18,121.51352635797906,122.0620106514847,116.23813305693453,120.75562286376953,320979500
2024-07-19,120.0176783628371,121.26422676213605,117.04591123957188,117.60436248779297,217223800
2024-07-22,120.01766653236042,123.72739542032818,119.52902173833405,123.19886016845703,258068900
2024-07-23,122.44095023584373,124.34567955387372,121.76282770486009,122.25147247314453,173911000
2024-07-24,118.84093724595712,119.61878223552345,113.12676360209511,113.93452453613281,327776900
2024-07-25,112.72785127466838,116.30793416547407,106.00646529957123,111.9699478149414,460067000
2024-07-26,115.86915683172242,115.87912373985303,111.27188621900741,112.74779510498047,293399100
2024-07-29,113.3760676606231,115.95891218291776,110.99266783046404,111.2818603515625,248152100
2024-07-30,111.21204752075072,111.68075088933978,102.2568489765504,103.44356536865234,486833300
2024-07-31,112.58824297616627,118.01321595584747,110.57381668062193,116.69686126708984,473174200
2024-08-01,117.20544905631927,119.82819139029307,106.51505026446524,108.9084243774414,523462300
2024-08-02,103.47348325737674,108.41978599115991,101.09008352011347,106.97378540039062,482027500
2024-08-05,91.80579073756999,103.12445587816262,90.43957861096249,100.17262268066406,552842400
2024-08-06,103.55325619325184,107.41257244920943,100.27234777984627,103.96212768554688,409012100
2024-08-07,107.51228858966286,108.49956025923653,98.41747763354093,98.63687133789062,411440400
2024-08-08,101.71833034514779,105.20866520993226,97.25069837056012,104.68013000488281,391910000
2024-08-09,105.348288539487,106.30563671378638,103.14439207443418,104.46074676513672,290844200
2024-08-12,106.02642952031606,110.76331384750834,105.96659762663762,108.7189712524414,325559900
2024-08-13,112.1295103919247,115.90904559128121,111.27188458899278,115.81929016113281,312646700
2024-08-14,118.20269109826258,118.2724974965541,113.75500781546704,117.75393676757812,339246400
2024-08-15,118.43206727440648,122.89969228155606,117.1456284695593,122.52074432373047,318086700
2024-08-16,121.6032680775869,124.6548155270241,120.84536466885129,124.23597717285156,302589900
2024-08-19,123.93680096772643,129.64100646972656,123.07917523933753,129.64100646972656,318333600
2024-08-20,128.0454312895895,129.52135538667704,125.54236785937302,126.89861297607422,300087400
2024-08-21,126.96843015643721,128.99283109530663,126.31025657503493,128.14517211914062,257883600
2024-08-22,129.66097288180268,130.38895283197962,122.7600756761678,123.39830780029297,376189100
2024-08-23,125.51245424374224,129.2421321879317,124.87422213092064,129.01275634765625,323230300
2024-08-26,129.2122143703238,130.89753484404284,124.02656901853358,126.11079406738281,331964700
2024-08-27,124.70470624383526,128.84324088713785,123.53793114727517,127.94573211669922,303134600
2024-08-28,127.76620894054898,127.97563574905244,122.30134548595971,125.26314544677734,448101100
2024-08-29,121.02487540717718,124.08639756190335,116.38771446055243,117.2652816772461,453023300
2024-08-30,119.19992897597831,121.41379989153823,116.89631023816276,119.04037475585938,333751600
2024-09-03,115.68965014821475,115.8890948214911,106.99372848681783,107.70176696777344,477155100
2024-09-04,105.11892359162538,112.95721192187169,103.83248489547353,105.91670989990234,372470300
2024-09-05,104.70009212019605,109.34722825345308,104.47073147298623,106.9139633178711,306850700
2024-09-06,107.74166341909986,107.85136027800363,100.67123751563678,102.54605102539062,413638100
2024-09-09,104.59038154400555,106.25577578698045,103.4036727846321,106.17599487304688,273912000
2024-09-10,107.51228306871653,109.09789628161208,104.660180275284,107.80148315429688,268283700
2024-09-11,109.0879346022382,116.86639906475774,107.12337325723898,116.58717346191406,441422400
2024-09-12,116.52732649632485,120.46676065848584,115.07123444451854,118.82117462158203,366052700
2024-09-13,118.76132975848293,119.63897203588232,117.28528706438033,118.7812728881836,238358300
2024-09-16,116.47745888999548,117.86373849865818,114.05396151496328,116.46748352050781,248772300
2024-09-17,117.85376774830212,118.48208669803358,114.52270945275087,115.28067016601562,231925900
2024-09-18,115.57985730163536,117.38501098737487,112.91700451893104,113.06660461425781,310318900
2024-09-19,117.03596036023049,119.3397837869768,116.93622949013678,117.55457305908203,293506400
2024-09-20,116.74674381909426,118.30257441739377,115.0812145821692,115.68958282470703,382462400
2024-09-23,116.23810791147417,116.67692526968904,114.55262802291854,115.94888305664062,206228500
2024-09-24,116.20818172536411,121.47405850127808,115.07123304654733,120.54654693603516,354966800
2024-09-25,121.69346336275538,124.60565503965537,121.28456450552947,123.17948150634766,284692900
2024-09-26,126.46067739619816,127.32834434574869,121.47405774507013,123.70806121826172,302582900
2024-09-27,123.63824884420143,123.6980858451405,118.94085404604166,121.07512664794922,271009200
2024-09-30,117.99339940741461,121.1748653861715,117.83383152489164,121.11502838134766,226553700
2024-10-01,121.44413691318621,122.11234975829879,115.48014381228901,116.68690490722656,302094500
2024-10-02,116.12839762685847,119.06052472572213,114.83187351018621,118.53194427490234,221845900
2024-10-03,120.59641230247804,124.0272091849403,120.01796257527629,122.52124786376953,277118000
2024-10-04,124.6056517279934,124.70538259718006,121.50397375972977,124.58570098876953,243678100
2024-10-07,124.65551433206126,130.29039598837593,124.61562046227938,127.37821197509766,346250200
2024-10-08,129.91142617119655,133.12281085179842,129.07367761572408,132.53439331054688,285722500
2024-10-09,133.75114391710926,134.16005047566387,131.02845321704683,132.2950439453125,246191600
2024-10-10,131.5570306151262,134.63875854734422,130.64946199779328,134.4492645263672,242311300
2024-10-11,133.65139075503694,135.41665858843493,133.3023364675461,134.4392852783203,170209500
2024-10-14,136.104806530019,139.22643549757692,135.93526327737888,137.70053100585938,232347700
2024-10-15,137.50104323972985,138.1991821543322,128.3954862474048,131.24783325195312,377831000
2024-10-16,133.62146232310147,136.25439701653355,131.22789086287455,135.3568115234375,264879700
2024-10-17,138.96710708195366,140.51296215395072,136.50371585796043,136.5635528564453,306435900
2024-10-18,138.2989120156457,138.52829226592988,136.9126323168706,137.63070678710938,176090200
2024-10-21,137.76035501280404,143.32542419433594,137.63069803621275,143.32542419433594,264554500
2024-10-22,142.52756130979012,144.03351491090646,141.40058044009385,143.2057342529297,226311600
2024-10-23,141.64993025905358,142.04885378245024,137.09216737152124,139.18653869628906,285930000
2024-10-24,140.44316244306268,140.9717429059513,138.08947737101022,140.0342559814453,172354900
2024-10-25,140.55285615055817,143.74430494634163,140.4232143860229,141.16122436523438,205122100
2024-10-28,142.6173413548028,142.75696611524302,139.6752384054106,140.14398193359375,173586700
2024-10-29,139.91457158033694,141.8793009979601,138.52829188537018,140.87200927734375,157593600
2024-10-30,139.16657905851807,139.9544735111022,136.4438889013892,138.9671173095703,179418100
2024-10-31,137.2317836775648,137.24175143875112,131.756469630996,132.40472412109375,270039600
2024-11-01,134.33951978002003,136.94253564166783,134.2098780275083,135.0376434326172,207127800
2024-11-04,136.8428124063768,138.58812914709054,135.2072018980832,135.6859130859375,187528200
2024-11-05,137.08217511986183,139.99435925396384,136.9625011145287,139.5355987548828,160537400
2024-11-06,142.57743460752744,146.09798683530676,141.58011068537002,145.2203369140625,242043900
2024-11-07,145.9982707339075,148.5314671885647,145.77885821996583,148.4816131591797,207323300
2024-11-08,148.3718575159869,149.3691812590464,145.8685651814179,147.2349090576172,175665800
2024-11-11,148.28212306443757,148.45168153400843,143.18581210072784,144.87127685546875,182325600
2024-11-12,146.38720431256547,149.2495191040209,145.6192606302401,147.89315795898438,198634700
2024-11-13,148.67106495867824,148.93036366610121,145.5095351466514,145.87855529785156,191903300
2024-11-14,147.24489842760545,148.60125952595652,145.16049515099348,146.36724853515625,194463300
2024-11-15,144.48230195229198,144.85132212671857,139.705127384455,141.60003662109375,250132900
2024-11-18,139.1266784396513,141.1711953957962,136.7829612819808,139.77493286132812,221205300
2024-11-19,140.9418317601378,146.73628163269873,140.61271302151263,146.61659240722656,227834900
2024-11-20,147.0155246522584,147.16511715506326,142.34804073132528,145.4995880126953,309871700
2024-11-21,148.95034787282623,152.48086819347145,140.3234860038813,146.2775115966797,400946600
2024-11-22,145.53949007763015,146.7662096056562,140.72242834878378,141.5701446533203,236406200
2024-11-25,141.61003096699034,141.66986796819967,135.45654411602544,135.656005859375,344941900
2024-11-26,137.33150030488406,138.9272246590056,135.30693397114106,136.5535888671875,190287700
2024-11-27,134.64871022731037,136.85280300357402,131.44730865073987,134.9778289794922,226370900
2024-11-29,136.41398308030372,138.97711320730366,135.6859407808891,137.8800506591797,141863200
2024-12-02,138.45847968192444,140.07413953973298,137.45118801543165,138.25901794433594,171682800
2024-12-03,137.8899957715255,140.1638930268938,137.58082780000817,139.8846435546875,164414000
2024-12-04,141.61996069132385,145.39981069275,139.9145305251283,144.75155639648438,231224300
2024-12-05,144.73165063129176,146.1579148411047,143.57467148409813,144.68177795410156,172621200
2024-12-06,144.2229906612707,145.3201135010368,140.94156015213164,142.06861877441406,188505600
2024-12-09,138.6076455444956,139.58508599383495,136.77244688316378,138.44805908203125,189308600
2024-12-10,138.6475487860502,141.4502349567079,133.44115786086326,134.71783447265625,210020900
2024-12-11,137.00184953896905,139.8045203384501,134.85746151474785,138.94676208496094,184905200
2024-12-12,136.72258646567687,138.07904108019704,135.44592508954074,136.98190307617188,159211400
2024-12-13,138.57775313836598,139.2360360155149,132.19443031399229,133.8999786376953,231514900
2024-12-16,133.8301313094174,134.04955889819416,130.07994062496547,131.65582275390625,237951100
2024-12-17,128.75342001528475,131.24690176576593,126.5292385551769,130.05003356933594,259410300
2024-12-18,133.51095751271384,136.34354849340636,127.94550566757769,128.57386779785156,277444500
2024-12-19,131.41644980197495,133.68053537391728,129.212220572867,130.33926391601562,209719200
2024-12-20,129.4715360054975,134.92727495716574,127.88568536239204,134.34878540039062,306528600
2024-12-23,135.9246564899382,139.42549888718457,134.76767747092137,139.30581665039062,176053500
2024-12-24,139.63498826590208,141.53002844762267,138.28850193430708,139.8544158935547,105157000
2024-12-26,139.33575896662117,140.48276971800976,137.37089410442982,139.56515502929688,116205600
2024-12-27,138.18873344590025,138.65750913681617,134.35874991156737,136.65274047851562,170582600
2024-12-30,134.47844750631418,139.9042657427297,133.67056192681179,137.1315155029297,167734700
2024-12-31,137.67011945974758,137.71002369221526,133.48107297196478,133.9398651123047,155659200
2025-01-02,135.64539681236818,138.51789243847597,134.27897378808947,137.94937133789062,198247200
2025-01-03,139.6449446721197,144.52219430432945,139.36567593719187,144.09332275390625,229322500
2025-01-06,148.20259893760334,151.76329869340904,147.43461740592554,149.0404052734375,265377400
2025-01-07,152.63098706400407,152.73073241075815,139.6449312609891,139.77459716796875,351782200
2025-01-08,142.20823556727345,143.57465852876186,137.20132056545756,139.7446746826172,227349900
2025-01-10,137.09161147098868,139.55517244006612,133.870037595658,135.55563354492188,207602500
2025-01-13,129.6510717959939,133.1419459563911,129.17231238202828,132.8826141357422,204808900
2025-01-14,135.6952813829554,136.02442280388445,129.71092511662002,131.4164581298828,195590500
2025-01-15,133.30152233922777,136.094224818832,130.9476750631476,135.88478088378906,185217300
2025-01-16,138.2785134363621,138.38822723428095,133.14194748607855,133.22174072265625,209235600
2025-01-17,136.33360735729912,138.13888566634566,135.10681862678206,137.3509521484375,201188800
2025-01-21,138.79717036536638,141.4602070208564,136.7325601923546,140.4628143310547,197749000
2025-01-22,144.2828188497205,147.4046473751733,143.29539468537405,146.68653869628906,237651400
2025-01-23,144.67182587415004,146.84613483080005,143.34529164963172,146.83616638183594,155915500
2025-01-24,147.98314630855361,148.58158800111045,141.51007758845265,142.24813842773438,234657600
2025-01-27,124.47459855123269,128.06520275177593,116.39571246675482,118.1112289428711,818830900
2025-01-28,121.49241361825959,128.66367023130923,115.94691212705192,128.65370178222656,579666400
2025-01-29,126.17017448185184,126.55915701971556,119.7369947161038,123.37747192382812,467120600
2025-01-30,122.77903527699785,124.67408285834512,117.79207196266405,124.32499694824219,392925500
2025-01-31,123.45726093608867,127.51664871512425,118.8792323275003,119.7569351196289,388161100
2025-02-03,114.45081877343719,118.26085879772401,112.71535750831777,116.35584259033203,371235700
2025-02-04,116.65504122535879,120.88398385074507,116.39571701060105,118.34063720703125,256550000
2025-02-05,121.44253659311748,124.67408679210826,120.44514389878061,124.50453186035156,262230800
2025-02-06,127.08775801782105,128.43424405982125,124.8835213759819,128.34446716308594,251483600
2025-02-07,128.88307105233656,130.03006643749526,124.67407312607986,129.50144958496094,228186300
2025-02-10,129.7508034170435,134.64800487659767,129.621152724233,133.22174072265625,216989100
2025-02-11,132.23433823730105,134.12937845518158,130.67840791626125,132.45376586914062,178902400
2025-02-12,129.68099034166102,131.89520313508,128.74343886096966,130.79806518554688,160278600
2025-02-13,131.2169852346524,136.14410776005724,130.8280026783839,134.937255859375,197430000
2025-02-14,136.12414513567924,138.8869270481558,135.1467045962306,138.48797607421875,195479600
2025-02-18,140.90167961185236,143.06602007700403,137.57037622357197,139.0365447998047,219176600
2025-02-19,139.1462426003846,140.99142508356047,136.86222013681927,138.86697387695312,167536000
2025-02-20,139.6648814501138,140.2932436442011,136.43332401924008,139.7446746826172,143903600
2025-02-21,139.6748562571626,141.09116717483585,133.68053207054632,134.07948303222656,228217600
2025-02-24,136.20393197137406,138.22863774598196,129.74083213959625,129.9403076171875,251381100
2025-02-25,129.64108357480436,129.8605111604116,124.11553536570229,126.29981994628906,271428700
2025-02-26,129.6510837247691,133.38132271635274,128.1549946612343,130.93771362304688,322553800
2025-02-27,134.64800202891726,134.65797047615226,119.69708897132982,119.83672332763672,443175800
2025-02-28,117.71228067710521,124.76384661623277,116.09650940652436,124.59429168701172,389091100
2025-03-03,123.18796891235903,123.37746834229016,111.98724605192426,113.76260375976562,411381400
2025-03-04,110.36150296756519,118.9989197292815,109.82291000037466,115.68757629394531,398163300
2025-03-05,117.27342459632162,117.971596377653,114.2114295961939,116.99415588378906,284337900
2025-03-06,113.23399700198848,115.0492514915792,109.93262945458795,110.2817153930664,321181900
2025-03-07,110.95993136050063,113.18412029909872,107.27955007853643,112.39617919921875,341755500
2025-03-10,109.61344182887889,111.55835424093472,105.18501650973491,106.70105743408203,366487400
2025-03-11,106.71103594468934,111.94734728122161,104.49682307629253,108.47642517089844,354865700
2025-03-12,113.83293253862912,116.46629097878981,112.59604629385464,115.4488525390625,323857500
2025-03-13,116.73559490158165,117.46376184203,113.50374766538481,115.28924560546875,299033100
2025-03-14,118.31162236591584,121.57339292473429,117.85278046649132,121.36392211914062,277593500
2025-03-17,122.43123309193861,122.58085727393843,117.73308248243704,119.22930908203125,255501500
2025-03-18,117.70315237486467,118.72058305537905,114.25185746421572,115.13961791992188,299686900
2025-03-19,116.97498651717953,120.14698705841565,115.3889900516623,117.22435760498047,273426200
2025-03-20,116.25680439544837,119.89761619602571,116.17700382075364,118.23181915283203,248829700
2025-03-21,116.64582513098318,117.6931791575635,115.1296446207881,117.4039077758789,266498500
2025-03-24,119.57842622721644,121.91254366285413,119.03978374206928,121.10458374023438,228452500
2025-03-25,120.24675110401866,120.9848874515059,118.6208466122723,120.38639831542969,167447200
2025-03-26,118.4313220614094,118.5410383402261,112.42646191953317,113.47382354736328,293463300
2025-03-27,111.06988814101668,114.1620883069464,110.3816290692769,111.14968872070312,236902100
2025-03-28,111.20954068147716,112.58607411134861,108.79563010676111,109.39411926269531,229872500
2025-03-31,104.86553641067388,110.68087252083329,103.38926370156523,108.10736083984375,299212700
2025-04-01,108.2470050831867,109.92277920039626,106.20216660392524,109.87290954589844,222614000
2025-04-02,107.02010369655069,111.69830803370559,106.52136148952614,110.14222717285156,220601200
2025-04-03,103.24961220285616,105.36427425680411,101.344413349133,101.54391479492188,338769400
2025-04-04,98.66118836013088,99.87811296890389,91.87829121020437,94.07275390625,532273800
2025-04-07,87.23997324185012,101.49402435717819,86.40209010889866,97.39436340332031,611041300
2025-04-08,103.54885717389794,105.58372634261488,94.2223791915971,96.05775451660156,476243400
2025-04-09,98.64122793388745,114.81044852614636,97.28464859296416,114.04238891601562,612918300
2025-04-10,109.09486759895934,110.58111717003517,98.9005761841806,107.29939270019531,437812400
2025-04-11,108.22705265135043,111.26938298194372,107.20962195648086,110.65093994140625,313417300
2025-04-14,113.82294410726054,114.00249160148302,108.79562187923341,110.4314956665039,264705000
2025-04-15,110.69084593782598,113.33418114021705,110.22202704858428,111.9177474975586,228966900
2025-04-16,104.28700420641553,106.52136728458446,100.19731179816195,104.2271499633789,397016900
2025-04-17,104.1872406628714,104.20719461222582,99.79831546993584,101.23468780517578,292517500
2025-04-21,98.52154346848427,99.18986388590638,94.80093044127103,96.66622924804688,288501100
2025-04-22,98.53151145469249,99.55891920701856,97.03528479941322,98.6412353515625,241004800
2025-04-23,104.25706634151078,104.53636836662163,101.76335533667917,102.45162200927734,247526000
2025-04-24,103.21967869312851,106.27197821529161,102.85060676252529,106.1622543334961,220815000
2025-04-25,106.58121941198394,111.6384656226484,105.46404162040706,110.73075866699219,251064700
2025-04-28,109.41405834561021,110.09234799288485,105.75328507903306,108.45647430419922,207708500
2025-04-29,107.39914795371472,109.9227823722281,107.16973079396023,108.7457504272461,170444300
2025-04-30,104.20719367744803,108.64599609375,103.81817538074749,108.64599609375,235044600
2025-05-01,112.79553450528941,114.6508560442669,111.02001354244473,111.32923126220703,236121500
2025-05-02,113.8927727544179,115.10970497913567,113.08481279973248,114.21196746826172,190194800
2025-05-05,112.62597685282235,114.38154406705421,112.3766057315755,113.53368377685547,133163200
2025-05-06,111.19957883323038,114.4513729240336,110.54123539005728,113.25439453125,158525600
2025-05-07,112.7656187028628,117.38396890879066,111.99755142427854,116.7655258178711,206758800
2025-05-08,117.95252869863282,118.38144728921775,115.55856464909375,117.07474517822266,198428100
2025-05-09,117.05479580716789,117.9325869721132,114.92017974547274,116.35655975341797,132972200
2025-05-12,121.66318211752383,122.69058990478516,119.97743092665668,122.69058990478516,225023300
2025-05-13,124.66561195964681,130.88991289915035,124.15689275092413,129.6031494140625,330430100
2025-05-14,132.8649261154048,135.099296769805,131.34874548490453,134.99954223632812,281180800
2025-05-15,133.95217934435928,135.95713281870513,132.32629004982778,134.49082946777344,226632600
2025-05-16,135.87733175434735,136.0070096021913,133.1242801768634,135.05938720703125,226542500
2025-05-19,132.05695004104146,135.52819125301625,132.05695004104146,135.2289581298828,193154600
2025-05-20,133.95214600718342,134.2414249474983,132.2863492260215,134.04193115234375,161514200
2025-05-21,132.72528507307794,137.05436414816955,130.26149714159004,131.4684600830078,270608700
2025-05-22,131.8973680939745,133.91229099864714,131.21908595560456,132.49586486816406,187344000
2025-05-23,129.67296865108418,132.3462194682512,128.8350854296202,130.959716796875,198821300
2025-05-27,133.81252390577552,135.31873506532702,132.9746406768617,135.1591339111328,192953600
2025-05-28,135.68781856724814,136.9047509040275,134.45093227827726,134.47088623046875,304021100
2025-05-29,141.8921589021039,143.12904506361895,137.56308016740775,138.83985900878906,369241900
2025-05-30,138.37105052724368,139.26878048564038,132.5856374053386,134.7900848388672,333170900
2025-06-02,135.14916370580715,137.7725372671851,135.05937854437917,137.03440856933594,197663100
2025-06-03,138.4308667634816,141.64276735349586,137.60295298700936,140.86473083496094,225578800
2025-06-04,141.83231333868676,142.03180718032695,139.18897047063936,141.56298828125,167120800
2025-06-05,141.8123566062966,143.63775490128222,138.48076233301106,139.63784790039062,231397900
2025-06-06,142.1515008770834,142.9095987862069,141.15401644541944,141.36349487304688,153986200
2025-06-09,142.8297985646697,144.63524295526028,141.58294302195193,142.27120971679688,185114500
2025-06-10,142.3310452201821,143.92701105784593,141.17395971410352,143.5978546142578,155881900
2025-06-11,144.25625056305435,144.6353258646159,141.52294776727436,142.48060607910156,167694000
2025-06-12,141.62270753548705,144.64529418945312,141.5030059559913,144.64529418945312,162365000
2025-06-13,142.13144281545507,143.22875794239724,140.50544068193668,141.62269592285156,180820600
2025-06-16,142.99934115171888,145.8224049680536,142.8496989511086,144.3360595703125,183133700
2025-06-17,144.13653073401778,144.8647406282524,143.42826095310537,143.76742553710938,139108000
2025-06-18,143.6576946584193,145.2936820241915,142.7698725249477,145.1240997314453,161494100
2025-06-20,145.09418472037632,145.84235000620308,142.3010312756641,143.49810791015625,242956200
2025-06-23,142.15140884759998,144.4258301714446,141.6825573691225,143.81732177734375,154308900
2025-06-24,145.20390562225958,147.59804349475166,145.1440548392029,147.53817749023438,187566100
2025-06-25,148.90486114127035,154.07218255898874,148.89487586145668,153.93252563476562,269146500
2025-06-26,155.59842060814296,156.33661581991106,153.6232685600938,154.64077758789062,198145700
2025-06-27,155.65825141530053,158.32173282582838,154.88016085316636,157.36407470703125,263234500
2025-06-30,158.01250107649778,158.2718747820143,155.57848281781088,157.603515625,194580300
2025-07-01,155.90764810734902,156.81542555199195,151.1194029227986,152.9249725341797,213143600
2025-07-02,152.60576718743292,157.2144758260153,152.5957971297394,156.86532592773438,171224100
2025-07-03,157.98256705200242,160.58618269349765,157.3840439934681,158.9501953125,143716100
2025-07-07,157.81297934590498,158.92026447090194,156.95508262544374,157.85289001464844,140139000
2025-07-08,158.9402376292259,159.8280598400772,158.00253468758166,159.6085968017578,138133000
2025-07-09,160.82559421950873,164.01776272716893,160.76574343834326,162.48153686523438,183656400
2025-07-10,163.91802564623063,164.0975779997467,161.214648514871,163.6985626220703,167704100
2025-07-11,163.31947923241253,167.47927598463818,163.07009082840767,164.51654052734375,193633300
2025-07-14,164.96543236823985,165.08514914967665,161.62363697338392,163.6686248779297,136975800
2025-07-15,170.77121644956358,171.97824787505814,168.78607915204378,170.28240966796875,230627400
2025-07-16,170.64153593048928,171.32985042878116,168.4868162544787,170.95077514648438,158831500
2025-07-17,171.59919907952485,173.73396348002274,170.41210769028996,172.57679748535156,160841100
2025-07-18,173.21522225123383,173.8237306114437,170.841039596405,171.9882354736328,146456400
2025-07-21,172.32739806402674,172.9558617527255,170.58167912560677,170.96075439453125,123126100
2025-07-22,170.9208374301641,170.97071815657463,164.17738028748298,166.6213836669922,193114300
2025-07-23,169.1152710575868,170.84103463039327,167.55908978070133,170.36221313476562,154082200
2025-07-24,172.01816431437092,173.40476336343244,170.88095369299285,173.3149871826172,128984600
2025-07-25,173.18530830431874,174.29259358308082,172.53690445106827,173.07557678222656,122316800
2025-07-28,173.594294429185,176.56700011257405,173.54441370124516,176.31761169433594,140023500
2025-07-29,177.52464594674228,178.94117023690123,174.59183591750704,175.08062744140625,154077500
2025-07-30,176.07819353379378,179.4499298230835,175.60934208925488,178.83145141601562,174312200
2025-07-31,182.45256948733228,182.85160010862035,175.49961883405416,177.43487548828125,221685400
2025-08-01,173.6641186818972,176.1081221843386,170.47194991004753,173.29502868652344,204529000
2025-08-04,174.7315205700618,179.75918483209097,174.0930867713682,179.55967712402344,148174600
2025-08-05,179.18058718831315,179.81902093485988,175.46968627980374,177.82391357421875,156407600
2025-08-06,175.898641889325,179.4599006050506,175.81883576850015,178.9810791015625,137192300
2025-08-07,181.12581999654523,183.43016644757114,178.36259217804582,180.32777404785156,151878400
2025-08-08,181.10587113034643,182.85159004607542,179.95867528141937,182.2530517578125,123396700
2025-08-11,181.6046539661726,183.39026839012567,179.80905426349312,181.6146240234375,138323200
2025-08-12,182.51242163652668,184.02869221788941,179.0209838780724,182.71192932128906,145485700
2025-08-13,182.1732462738988,183.51994981646104,178.9112567337155,181.14576721191406,179871700
2025-08-14,179.3102712094187,182.57227595462552,179.02098734413144,181.57472229003906,129554000
2025-08-15,181.43506987144983,181.45500998578265,177.6044521364236,180.00856018066406,156602200
2025-08-18,180.15820389652,182.49247589603021,180.14821861780752,181.5647430419922,132008000
2025-08-19,181.98370991508045,182.0535459787435,175.06070018553257,175.2103271484375,185229200
2025-08-20,174.74148365399904,175.5694550698242,168.38707131580557,174.97091674804688,215142700
2025-08-21,174.42225404103465,176.46722675550242,173.38478976711397,174.5519256591797,140040900
2025-08-22,172.1877371490149,178.15310374912357,170.78118284108405,177.55458068847656,172789400
2025-08-25,177.91369740024777,181.46498591558236,176.13805314258047,179.3701171875,163012800
2025-08-26,179.61950918930867,181.94381103857447,178.37256711704984,181.32533264160156,168688200
2025-08-27,181.53480649120215,182.04356858750407,178.6618623689453,181.15574645996094,235518900
2025-08-28,180.3776517699909,184.01871637210735,175.9784366795831,179.72923278808594,281787800
2025-08-29,177.674269227683,177.71416467354967,172.72639675993378,173.75387573242188,243257900
2025-09-02,169.58412249632292,171.9583050821389,166.81092453439402,170.36221313476562,231164900
2025-09-03,170.64153226145447,171.9882358353705,168.46687251736884,170.20260620117188,164424900
2025-09-04,170.15272152001435,171.43955894132503,168.9955557135668,171.24005126953125,141670100
2025-09-05,167.61894341349083,168.61649709218636,163.66863936987482,166.61141967773438,224441400
2025-09-08,167.140134281122,170.54179623040895,166.94062657490792,167.8982696533203,163769100
2025-09-09,168.6763418810487,170.5617176578999,166.3320999523285,170.34225463867188,157548400
2025-09-10,176.20789518840485,178.851406558282,175.04075911822534,176.89620971679688,226852000
2025-09-11,179.25054698686972,179.84911904071384,176.05819821844705,176.74655151367188,151159300
2025-09-12,177.34510547722002,178.1731234709029,176.02825318201792,177.39498901367188,124911000
2025-09-15,175.2501343169162,178.4225418052247,174.0929031464731,177.32516479492188,147061600
2025-09-16,176.57696439453113,177.07576937869646,173.96323114864717,174.4620361328125,140737800
2025-09-17,172.22736966160153,172.78602876073558,168.00748411706098,169.8829803466797,211843800
2025-09-18,173.56417834624654,176.67673180432445,172.54662713675344,175.81878662109375,191763300
2025-09-19,175.34988368438943,177.65435995090164,174.76128231706025,176.2477264404297,237182100
2025-09-22,174.8810364137678,184.1089289332547,174.29245016588177,183.17117309570312,269637000
2025-09-23,181.53508786527138,181.98400930831284,175.78885990523673,178.0035400390625,192559600
2025-09-24,179.34032288959435,179.35029350783142,174.9807575937583,176.54701232910156,143564100
2025-09-25,174.06297010669513,179.82915407834395,172.7162058826927,177.2653045654297,191586700
2025-09-26,177.74415791919978,179.3403398828169,174.51189629291883,177.7641143798828,148573700
2025-09-29,179.99874009736317,183.56021461148362,179.8890176259668,181.4153594970703,193063500
2025-09-30,181.64480411708308,186.9022123120565,181.04623211551163,186.13404846191406,236981000
2025-10-01,184.7972757932568,187.69033860903804,183.46046686832446,186.79249572753906,173844900
2025-10-02,189.146847340247,190.59337868298996,187.6105195355423,188.43853759765625,136805800
2025-10-03,188.73782471792558,189.90502650703218,184.93693332773543,187.17156982421875,137596900
2025-10-06,185.0566446584491,186.78250559975277,182.8918329061041,185.09654235839844,157678100
2025-10-07,185.78490613895232,188.60814426716868,183.56024009999027,184.59774780273438,140088000
2025-10-08,186.12408236678675,189.14683908131633,186.09414006589398,188.6580047607422,130168900
2025-10-09,191.77054228398893,194.83321191134357,190.60334055524348,192.1097412109375,182997200
2025-10-10,193.04749823427522,195.15245586263575,181.61489659616785,182.7222442626953,268774400
2025-10-13,187.52073401073042,189.65561858658472,185.51554359294212,187.86990356445312,153482800
2025-10-14,184.32839277968645,184.35831986008523,179.2705030798172,179.59971618652344,205641400
2025-10-15,184.35831474003746,184.42813951825556,176.86625456034105,179.4001922607422,214450500
2025-10-16,181.79443681084305,182.84193018690272,179.34032512988762,181.3754425048828,179723300
2025-10-17,179.74933157181889,183.65997549473053,179.32036665232565,182.78207397460938,173135200
2025-10-20,182.69231029505525,184.75735492260156,181.2956472677441,182.20347595214844,128544700
2025-10-21,182.35311411361405,182.35311411361405,179.37027013728058,180.72702026367188,124240200
2025-10-22,180.7070662621498,183.0015721983185,176.33752979723928,179.84912109375,162249600
2025-10-23,179.988777912505,182.59254038327154,179.3602787988416,181.72462463378906,111363700
2025-10-24,183.40059008116805,187.0219186862977,183.06140638753934,185.81480407714844,131296700
2025-10-27,189.53590332097463,191.54109366524804,187.97961914819697,191.03231811523438,153452700
2025-10-28,192.58859211843296,202.66444286407344,191.45131745385083,200.5495147705078,297986200
2025-10-29,207.482921843539,211.6828666070652,204.29057291407037,206.545166015625,308829600
2025-10-30,204.65966800141675,205.66726375798942,200.9286166610889,202.4050750732422,178864400
2025-10-31,205.95656932325562,207.4729406961805,201.5870481318289,202.00604248046875,179802200
2025-11-03,207.58265732795536,210.83485992622803,205.068676268978,206.38552856445312,180267300
2025-11-04,202.51479915904252,203.48248192945988,197.4569099225941,198.21510314941406,188919300
2025-11-05,198.29494312899723,202.43501852267207,194.1847795950905,194.7434539794922,171350300
2025-11-06,195.9505570232203,197.14768599494536,185.93455918559198,187.6304931640625,223029800
2025-11-07,184.45806985353664,187.86990920765928,178.4823961188316,187.70030212402344,264942300
2025-11-10,194.6436788693004,199.46213677715232,193.32682642239038,198.5742645263672,198897100
2025-11-11,194.69355355890158,194.9529266552934,190.84277869998112,192.69833374023438,176483300
2025-11-12,195.25221648764446,195.4218083488666,190.673190567689,193.33680725097656,154935300
2025-11-13,190.59337913278358,190.9824463944715,183.41059072037282,186.41339111328125,207423100
2025-11-14,182.42294356130517,190.55345800755302,180.14839424900484,189.71546936035156,186591900
2025-11-17,185.52552307898492,188.54828000089623,183.87947275520656,186.15402221679688,173628900
2025-11-18,182.94170515591497,184.35830936263392,179.22060933347112,180.92652893066406,213598900
2025-11-19,184.3483273978252,187.41099710874653,182.39302051116815,186.07420349121094,247246400
2025-11-20,195.4816571057099,195.53154064523628,179.42014682895694,180.208251953125,343504800
2025-11-21,180.80682891210233,184.11888595894638,172.51667761994415,178.4524688720703,346926200
2025-11-24,179.0610093294625,183.06141961318156,176.0581937395723,182.1136932373047,256618300
2025-11-25,174.49194072660026,177.73417270583553,169.14475137656873,177.39498901367188,320600300
2025-11-26,181.19589856886267,182.47283807635972,177.81400147563977,179.82916259765625,183852000
2025-11-28,178.5821404669205,178.86147001761242,176.07814512953246,176.5769500732422,121332800
2025-12-01,174.3423041351479,179.8690716163194,173.2648835948944,179.48997497558594,188131000
2025-12-02,181.32557695606172,185.2162648499111,179.56978894419797,181.02630615234375,182632200
2025-12-03,180.6472109015755,182.01393165685582,178.68191808959097,179.1607666015625,165138000
2025-12-04,181.1960032737075,184.08924235816875,179.53989011299373,182.951904296875,167364900
2025-12-05,183.46070200471706,184.22890867632069,180.48766317737477,181.98416137695312,143971100
2025-12-08,182.213626289633,187.56111397793046,181.9741810893209,185.11683654785156,204378100
2025-12-09,185.12679644575,185.2864265695677,182.89203560496765,184.53817749023438,144719700
2025-12-10,184.53819180758595,185.0469957406681,181.61502392815055,183.35096740722656,162785400
2025-12-11,179.85912243695617,180.89670300875093,176.20766331092784,180.50759887695312,182136600
2025-12-12,180.68718311570447,182.39319766595756,174.21232912082112,174.6114044189453,204274900
2025-12-15,177.52459033283526,178.0034654802094,174.6213802569945,175.87843322753906,164775600
2025-12-16,175.8485164107673,178.07332144734244,174.4916907151964,177.30511474609375,148588100
2025-12-17,175.68889685369163,175.71882560019336,169.91240520818417,170.5409393310547,222775500
2025-12-18,174.1225483861358,175.7387615308714,171.41888356310693,173.73345947265625,176096000
2025-12-19,176.2575523358494,181.0263919449467,175.92832091222974,180.56747436523438,324925900
2025-12-22,183.49062822521734,183.73007341419415,181.9243013805983,183.26116943359375,129064400
2025-12-23,182.5428423541149,188.88799500778453,182.47299846788633,188.76828002929688,174873600
2025-12-24,187.50124372172942,188.4689804086018,186.154389299292,188.169677734375,65528500
2025-12-26,189.47662851874142,192.240166195598,187.5611125998212,190.085205078125,139740300
2025-12-29,187.2717899684254,188.31932652162573,185.47598909796272,187.7805938720703,120006100
2025-12-30,187.8005508490403,188.5487999407664,186.49359631469858,187.1021728515625,97687300
2025-12-31,189.12746144975497,190.11514057964584,186.0546497967401,186.0646209716797,120100500
2026-01-02,189.39681300359115,192.47959571470966,187.8204997023152,188.4091339111328,148240500
2026-01-05,191.31233377676458,193.1779786425506,185.7154296257417,187.6808319091797,183529700
2026-01-06,190.07522846701318,191.72137039337454,186.3838692947835,186.80288696289062,176862600
2026-01-07,188.12978540958392,190.9232365533545,186.12446806753155,188.66851806640625,153543200
2026-01-08,188.66852284990722,189.10749810453436,183.28113525242415,184.60801696777344,172457000
2026-01-09,184.64792389684447,185.9049768874807,183.2412119543349,184.42843627929688,131327500
2026-01-12,182.79226917353867,186.6831584288149,182.59273912358015,184.5082550048828,137968500
2026-01-13,184.5681140987238,187.6708543554723,182.97184323887342,185.376220703125,160128900
2026-01-14,183.88968589856495,184.02935843961012,180.3778995796448,182.71243286132812,159586100
2026-01-15,186.06460797964908,189.25713440169068,185.895006678512,186.6133270263672,206188600
2026-01-16,188.63857958929228,189.99540517049002,185.6455833269296,185.79522705078125,187967200
2026-01-20,181.47532662721457,181.95421697054311,177.19534884297914,177.65428161621094,223345300
2026-01-21,178.6320081827799,184.94723253133864,177.9835164834521,182.8920440673828,200381000
2026-01-22,184.31869154642928,185.7353746560278,183.5005985718231,184.40847778320312,139636600
2026-01-23,187.06227125943187,189.15737478680413,186.38386606278428,187.23187255859375,142748100
2026-01-26,186.7230748442759,188.6784906596197,185.55580805974404,186.03468322753906,124799600
2026-01-27,186.80288446054914,189.55643562401056,185.2664711415707,188.07989501953125,143711600
2026-01-28,190.82347487286611,191.9009553855833,189.3968053634026,191.07289123535156,148552700
2026-01-29,190.89331059974717,193.0283141326731,185.62563804704834,192.06057739257812,171764400
2026-01-30,190.76362243793778,194.0359639826301,189.0276790286862,190.68380737304688,179489500
2026-02-02,186.7629812920276,189.8557504766133,184.4484052141589,185.17669677734375,165794100
2026-02-03,185.8052108647954,185.8351396091497,175.81857039871747,179.91897583007812,204019600
2026-02-04,179.04104143486663,179.16075641282603,171.50866453387607,173.78334045410156,207014100
2026-02-05,174.5215964583249,176.40719862825284,170.6307075914073,171.47872924804688,206312900
2026-02-06,176.277498975506,186.56342663955238,174.1923819783884,184.97714233398438,231346200
2026-02-09,183.82983865020864,193.20790343822367,183.52056478242866,189.59634399414062,196387400
2026-02-10,190.93321971968697,192.0306425866914,187.6808205923615,188.09983825683594,136764800
2026-02-11,192.00071425091673,192.80882083578368,188.329312674443,189.6063232421875,144192700
2026-02-12,192.5793648877844,193.1580126884611,186.07458174632154,186.5035858154297,189932500
2026-02-13,187.04232046551596,187.0622780376601,181.16607138035295,182.3832244873047,161888000
2026-02-17,181.3256935584433,186.71308084037668,178.76168607280786,184.53817749023438,162276900
2026-02-18,188.3093443160685,189.92555739322245,186.3239846890322,187.5411376953125,164749100
2026-02-19,186.62329889395997,187.9900957055448,185.22657333636724,187.46133422851562,126554500
2026-02-20,186.13446388219373,189.88568076730476,185.50592973146237,189.3768768310547,178422300
2026-02-23,190.9531700210539,193.49722008283115,189.13742673270812,191.1028289794922,171584800
2026-02-24,191.04296985904048,193.31764595479845,186.96250644177093,192.39979553222656,175123600
2026-02-25,193.9960453222018,197.16862939564908,193.33758246616242,195.10345458984375,250637100
2026-02-26,193.81646526905493,193.8364076167612,183.88969739169633,184.45835876464844,360807900
2026-02-27,180.82687141264745,182.16373952566906,175.96824531148394,176.77635192871094,311636500
2026-03-02,174.60143816018197,183.0317240302905,174.23230678711255,182.0540008544922,209095300
2026-03-03,178.0732983803544,180.47766036606842,176.50695643346228,179.62965393066406,178099400
2026-03-04,180.01876499488523,184.26881453838726,179.63964723402094,182.61268615722656,177731200
2026-03-05,180.74705501791135,183.6303076754259,177.4647422536165,182.9119873046875,198779700
2026-03-06,179.42014994688597,182.3333312190456,176.40721126414203,177.40487670898438,189021900
2026-03-09,176.4171820751478,182.48298979408452,175.1501427003192,182.2235870361328,177213600
2026-03-10,181.97417604353973,186.00475307627937,181.5850871183009,184.33865356445312,179118500
2026-03-11,185.4860219488843,187.1921136401388,184.02934488988058,185.60574340820312,145280400
2026-03-12,183.63027948516628,184.51824924312825,181.33552155955923,182.72235107421875,155762700
2026-03-13,184.49827615888313,185.6656060713691,179.5296376335348,179.83892822265625,160988400
2026-03-16,182.55273992235968,188.44926587891726,180.9962999229416,182.8021697998047,217307400
2026-03-17,184.63795767039014,184.97717862722422,181.26566108165355,181.5150909423828,182497800
2026-03-18,182.06384475172882,182.96180140975886,179.91875397930713,179.98858642578125,156683100
2026-03-19,177.60403750119184,179.56954607641802,175.38909905828712,178.1527862548828,170968500
2026-03-20,177.59405294207926,177.85345450506617,171.32837633709812,172.30613708496094,241323500
2026-03-23,176.85574153065542,177.96321071223454,174.36144294367455,175.23944091796875,182836300
2026-03-24,174.4312942297872,175.81812366395545,173.58322660302642,174.80044555664062,147667800
2026-03-25,176.69612335614488,180.8067226806179,176.44669348987364,178.2725067138672,162602100
2026-03-26,175.66847416549638,176.10745794358192,170.74970926821888,170.8494873046875,186152200
2026-03-27,169.61229451028825,170.58008352629554,166.62910808502988,167.13795471191406,196212700
2026-03-30,168.3950875250076,169.0635577295173,163.89537828689438,164.79331970214844,185627000
2026-03-31,166.58922503111532,174.22177306603788,166.57925331681818,174.0022735595703,226181300
2026-04-01,175.59862725595661,176.96549806235143,174.3514779146501,175.3491973876953,168132000
2026-04-02,171.7873183615289,177.0852211444685,170.9791680862979,176.98544311523438,143143200
2026-04-06,176.75597747742694,177.3845303646084,175.35916114415525,177.23487854003906,107564300
2026-04-07,175.32922705160684,177.8235255680002,173.26395579650787,177.69383239746094,132534900
2026-04-08,184.079243714486,184.83750503722598,179.8888249511496,181.66476440429688,147732700
2026-04-09,181.42529878487736,183.6601958045732,180.20807985372045,183.49058532714844,116428500
2026-04-10,183.88967366981893,189.56669990817062,183.87970195572368,188.1998291015625,160459500
2026-04-13,185.605746824658,189.2274732756209,185.3164148846483,188.87826538085938,133648200
2026-04-14,190.40477641072036,196.0618438720703,190.33494396561244,196.0618438720703,161307000
2026-04-15,196.09178511161633,199.94298301571828,195.2936216855987,198.41647338867188,185338400
2026-04-16,196.97974400923295,199.39423847906178,195.36344336942167,197.8976593017578,134012900
2026-04-17,199.44410763257105,201.2400056483541,198.8155547450397,201.2200469970703,160324400
2026-04-20,199.52392392325544,201.70893187328167,197.38880498867078,201.59918212890625,119381400
2026-04-21,201.66904795828867,202.28762917830338,198.54618104306965,199.42417907714844,107945300
2026-04-22,200.53164182940822,202.03819274902344,198.54617460274403,202.03819274902344,107501000
2026-04-23,201.99828375930824,203.3651545152774,196.77022843278436,199.18470764160156,113561800
2026-04-24,199.50398270942756,210.46890943516505,199.35431566144254,207.79502868652344,214134400
2026-04-27,209.17187844164343,216.33551207209098,206.90706623150768,216.1160125732422,187172400
2026-04-28,209.01225288404052,214.2402930542568,207.72518626919629,212.68385314941406,180275400
2026-04-29,212.2149257168926,212.23488436877426,207.10660696252424,208.77279663085938,123711800
2026-04-30,209.45124259423534,209.82040915320695,198.24685712515335,199.11488342285156,225239200
2026-05-01,200.8209691272831,202.5370477944956,196.67045257290908,197.99742126464844,128647000
2026-05-04,199.04502180842945,201.2699318245734,194.29588290907526,198.02734375,125368100
2026-05-05,198.84548202478717,199.7833407086998,195.58293528206713,196.05186462402344,113406600
2026-05-06,199.43413852494058,207.7950323152332,198.15705885791613,207.3560333251953,188362800
2026-05-07,207.86487247229027,213.7115092245668,206.02907228582575,211.01766967773438,168307900
2026-05-08,212.5441790763045,217.30330524675068,212.40449895841255,214.709228515625,136421400
2026-05-11,213.55186573785767,221.79303819063418,213.40221390900197,218.93955993652344,160685800
2026-05-12,218.05159434962442,223.23973257586303,214.42986778297353,220.27650451660156,159176600
2026-05-13,224.41703053540263,227.32039781394542,221.0647077692387,225.3149871826172,150405400
2026-05-14,229.32582552778115,236.00055597235212,228.77707677625682,235.202392578125,180782900
2026-05-15,229.23602944473367,230.9720668751014,223.7286287034134,224.80616760253906,180977600
2026-05-18,229.34577348371204,229.4754818886306,217.8719993892805,221.81300354003906,146280900
2026-05-19,219.11914008419038,223.96805720569674,217.41304835521052,220.1068878173828,140948200
2026-05-20,222.6710257508039,225.61431038954527,219.9971448577806,222.9603729248047,184201600
2026-05-21,221.78305837384474,226.8814055684356,217.43300079554024,219.0093994140625,203381800
2026-05-22,220.39621757095847,220.50596731800164,214.3101381389001,214.83892822265625,169275700
2026-05-26,216.04617181279934,217.68243116855118,211.5165320236786,214.37001037597656,187202600
2026-05-27,213.63168066177133,213.66161102691768,208.30386252985457,212.1151580810547,167601200
2026-05-28,210.79815519844968,215.02849096688144,210.73829446983814,213.76138305664062,143996000
2026-05-29,214.09065053210412,217.36316924965476,210.64852132770383,210.6584930419922,289410600
2026-06-01,215.23801892090273,224.35717434911126,215.20808855445495,223.8483428955078,212850700
2026-06-02,226.66188583823322,231.75026086454594,220.84519513709748,222.3118438720703,193362900
2026-06-03,221.2143597561905,222.31185725112735,214.02079575535723,214.26025390625,160907000
2026-06-04,213.67091279390368,221.35231998810906,210.73419644348996,218.4156036376953,169022200
2026-06-05,214.2902104723603,214.62982678346356,204.10161444712602,204.87075805664062,219655500
2026-06-08,209.94507132882276,210.23475572682116,205.76975069388217,208.40679931640625,138372800
2026-06-09,210.3845825512031,211.16370951624515,199.11719156565087,207.95730590820312,180962500
2026-06-10,204.20149632565034,206.98838641050182,199.696542748819,200.19598388671875,161746600
2026-06-11,201.26479475008583,205.43013200106668,199.31696212361035,204.64100646972656,158643200
2026-06-12,204.6310298517525,206.83856645475237,203.21261880599855,204.96066284179688,112001800
2026-06-15,208.68648640498938,212.47225882321928,208.10713284720606,212.21253967285156,149936700
2026-06-16,210.94395209283806,211.25361840198772,207.05830064217733,207.1781768798828,125694100
2026-06-17,208.29691745433288,208.9761653200819,202.8530121596522,204.42124938964844,128363500
2026-06-18,207.09826842291386,211.1537281092123,206.26919428756833,210.4545135498047,241272000
2026-06-22,211.2036686200953,213.7508214450341,207.48782537372824,208.41677856445312,122041400
2026-06-23,201.94403040148535,203.54224815949766,199.77645766483005,199.81640625,153496200
2026-06-24,199.89631590195674,201.44458647582786,196.36027935647695,198.77757263183594,151810700
2026-06-25,199.85637045714446,200.5755669254449,191.9152592982058,195.52122497558594,149550000
2026-06-26,192.90414096411192,195.33143282930595,191.0062707295152,192.31480407714844,179304100
2026-06-29,193.63333194293918,195.96071419295149,189.58785574691487,194.7520751953125,148835700
2026-06-30,197.0195429632178,200.4057532237791,194.89191886651452,199.86634826660156,166476700
2026-07-01,195.98069896251877,199.62662840490702,193.23377271109229,197.35916137695312,146147600
2026-07-02,196.9196593659626,199.8363939026278,192.1350197738411,194.61224365234375,142068700
2026-07-06,194.20269428466304,197.32920075051607,193.77318221313826,195.33143615722656,108999000
2026-07-07,192.15498377986222,198.18824142626735,190.92636281467173,196.7098846435547,124154600
2026-07-08,194.9618356993413,204.93069180759116,194.84197470333905,203.891845703125,147419100
2026-07-09,204.23147485952867,204.36131918975943,198.73762239526957,202.5533447265625,132037400
2026-07-10,201.7742207048944,210.7641612313501,201.69430829342895,210.72421264648438,148421000
2026-07-13,208.3069001369788,210.33464515051216,202.77309911383117,203.30250549316406,121411000
2026-07-14,207.96729575339148,212.31243993744155,203.57221964678251,211.5632781982422,124379600
2026-07-15,211.7230919717581,213.57101502024952,205.80969553973085,212.26248168945312,124797200
2026-07-16,209.93509060438328,210.84407715298516,205.61992700554663,207.16818237304688,122986100
2026-07-17,202.41350482950477,206.41901728963356,197.74872640584337,202.58331298828125,144281900
2026-07-20,205.63989694335598,207.50781723343968,202.05391309694542,203.05279541015625,88701500
2026-07-21,207.30802440628602,208.4167843613107,203.78197113093626,207.0583038330078,108685600
2026-07-22,205.57996827489498,214.15038042761168,204.72092886821054,211.82298278808594,137645600
2026-07-23,209.22588688656515,210.63429930291466,205.72979894313582,208.5266571044922,110505300
2026-07-24,207.21812923496972,211.6731509810223,204.5810805834776,206.6088104248047,114836800
2026-07-27,207.96729627325774,208.51668459839084,195.22156333884286,196.2903594970703,154353700
2026-07-28,194.78204700134697,198.47790843456414,192.52457850774027,196.789794921875,134111500
2026-07-29,195.63110696844683,196.84974460884015,189.79762268066406,189.79762268066406,147680800
2026-07-30,193.23377181769484,197.02952748682713,191.3059363552755,194.82199096679688,129010200
2026-07-31,198.2182038580375,201.77422236802423,194.73209918257555,200.52561950683594,139961200
2026-08-03,197.46904862701152,208.50670133078404,196.62999113475112,206.40904235839844,128406900
2026-08-04,211.06382570110384,212.82185300096492,208.8163406042335,211.70310974121094,134922000
2026-08-05,216.6176127852948,221.9716224388697,216.15812022814887,218.9749755859375,158187400
2026-08-06,221.28239358061882,223.38005249670454,216.75745800384053,218.7452392578125,113940600
2026-08-07,221.29237770419127,224.50877992471257,220.41337164588714,223.70968627929688,105669400
2026-08-10,223.15029107269072,223.88946943306019,216.5277120448001,217.3068389892578,115846600
2026-08-11,221.92167541427946,221.9516406634887,215.95834695389817,217.25689697265625,101273100
2026-08-12,220.7929293559802,224.84840415873398,219.95387191061064,223.8395233154297,108783600
2026-08-13,224.80845001468583,226.97602279610956,223.45996804263754,225.04818725585938,98867200
2026-08-14,226.51654155338588,227.23573802273873,224.24907448357243,224.90834045410156,75680900
2026-08-17,225.72741618855906,227.66525027466162,224.60867289832842,224.7584991455078,93678700
2026-08-18,220.20359791537197,221.39227027986857,218.44557057093272,219.49440002441406,103128200
2026-08-19,221.4222404106533,222.62089613745684,216.51772459764655,217.31683349609375,96797300
2026-08-20,218.1159423024499,219.6142657707553,215.41896310784705,216.60763549804688,92457000
2026-08-21,218.17587248780362,218.49552214328025,214.26025565862156,214.48001098632812,98869300
2026-08-24,215.28910206110334,215.34903256074918,207.01835779182306,208.24697875976562,135187300
2026-08-25,210.79412790131315,214.48998931653267,209.87515802586688,212.81187438964844,122309000
2026-08-26,212.40232405945306,213.3612577394914,208.99613188036045,209.4256591796875,179900000
2026-08-27,222.61090164325523,230.21239627098788,220.6530857022795,227.7251739501953,298909800
2026-08-28,227.10587153371227,229.00374173344596,216.56766062888835,217.3068389892578,195116400
2026-08-31,218.62536478578363,221.05265670783686,215.96834944345454,220.53323364257812,124702700
2026-09-01,216.50774446342592,220.1636574397174,214.8595947199138,217.1969757080078,109756200
2026-09-02,218.5454508199983,227.6952163087265,218.23579974693772,224.1591796875,157104700
2026-09-03,225.76737972053164,230.14247379152744,224.49879494304554,228.1946563720703,134681600
2026-09-04,230.83170360414334,234.49759976142684,229.37334400327853,230.10252380371094,135352400
2026-09-08,232.84944771666764,233.44878317831424,224.59868561283858,225.47769165039062,122965600
2026-09-09,225.0281992525124,225.92718720955042,223.21024142511232,223.4199981689453,82955500
2026-09-10,220.52999877929688,220.99000549316406,217.1999969482422,218.36000061035156,105482000
