Date,Open,High,Low,Close,Volume
2018-01-01,994.963623046875,994.963623046875,994.963623046875,994.963623046875,0
2018-01-02,994.963623046875,994.963623046875,994.963623046875,994.963623046875,0
2018-01-03,994.963623046875,994.963623046875,994.963623046875,994.963623046875,0
2018-01-04,994.963623046875,994.963623046875,994.963623046875,994.963623046875,0
2018-01-05,994.963623046875,994.963623046875,994.963623046875,994.963623046875,0
2018-01-08,994.963623046875,994.963623046875,994.963623046875,994.963623046875,0
2018-01-09,994.963623046875,994.963623046875,994.963623046875,994.963623046875,0
2018-01-10,994.963623046875,994.963623046875,994.963623046875,994.963623046875,0
2018-01-11,994.963623046875,994.963623046875,994.963623046875,994.963623046875,0
2018-01-12,994.963623046875,994.963623046875,994.963623046875,994.963623046875,0
2018-01-15,994.963623046875,994.963623046875,994.963623046875,994.963623046875,0
2018-01-16,994.963623046875,994.963623046875,994.963623046875,994.963623046875,0
2018-01-17,994.963623046875,994.963623046875,994.963623046875,994.963623046875,0
2018-01-18,994.963623046875,994.963623046875,994.963623046875,994.963623046875,0
2018-01-19,994.963623046875,994.963623046875,994.963623046875,994.963623046875,0
2018-01-22,994.963623046875,994.963623046875,994.963623046875,994.963623046875,0
2018-01-23,994.963623046875,994.963623046875,994.963623046875,994.963623046875,0
2018-01-24,994.963623046875,994.963623046875,994.963623046875,994.963623046875,0
2018-01-25,994.963623046875,994.963623046875,994.963623046875,994.963623046875,0
2018-01-26,994.963623046875,994.963623046875,994.963623046875,994.963623046875,0
2018-01-29,994.963623046875,994.963623046875,994.963623046875,994.963623046875,0
2018-01-30,994.963623046875,994.963623046875,994.963623046875,994.963623046875,0
2018-01-31,994.963623046875,994.963623046875,994.963623046875,994.963623046875,0
2018-02-01,994.963623046875,994.963623046875,994.963623046875,994.963623046875,0
2018-02-02,994.963623046875,994.963623046875,994.963623046875,994.963623046875,0
2018-02-05,994.963623046875,994.963623046875,994.963623046875,994.963623046875,0
2018-02-06,994.963623046875,994.963623046875,994.963623046875,994.963623046875,0
2018-02-07,994.963623046875,994.963623046875,994.963623046875,994.963623046875,0
2018-02-08,994.963623046875,994.963623046875,994.963623046875,994.963623046875,0
2018-02-09,994.963623046875,994.963623046875,994.963623046875,994.963623046875,0
2018-02-12,994.963623046875,994.963623046875,994.963623046875,994.963623046875,0
2018-02-13,994.963623046875,994.963623046875,994.963623046875,994.963623046875,0
2018-02-14,994.963623046875,994.963623046875,994.963623046875,994.963623046875,0
2018-02-15,994.963623046875,994.963623046875,994.963623046875,994.963623046875,0
2018-02-16,994.963623046875,994.963623046875,994.963623046875,994.963623046875,0
2018-02-19,994.963623046875,994.963623046875,994.963623046875,994.963623046875,0
2018-02-20,994.963623046875,994.963623046875,994.963623046875,994.963623046875,0
2018-02-21,994.963623046875,994.963623046875,994.963623046875,994.963623046875,0
2018-02-22,994.963623046875,994.963623046875,994.963623046875,994.963623046875,0
2018-02-23,994.963623046875,994.963623046875,994.963623046875,994.963623046875,0
2018-02-26,994.963623046875,994.963623046875,994.963623046875,994.963623046875,0
2018-02-27,994.963623046875,994.963623046875,994.963623046875,994.963623046875,0
2018-02-28,994.963623046875,994.963623046875,994.963623046875,994.963623046875,0
2018-03-01,994.963623046875,994.963623046875,994.963623046875,994.963623046875,0
2018-03-02,994.963623046875,994.963623046875,994.963623046875,994.963623046875,0
2018-03-05,994.963623046875,994.963623046875,994.963623046875,994.963623046875,0
2018-03-06,994.963623046875,994.963623046875,994.963623046875,994.963623046875,0
2018-03-07,994.963623046875,994.963623046875,994.963623046875,994.963623046875,0
2018-03-08,994.963623046875,994.963623046875,994.963623046875,994.963623046875,0
2018-03-09,994.963623046875,994.963623046875,994.963623046875,994.963623046875,0
2018-03-12,994.963623046875,994.963623046875,994.963623046875,994.963623046875,0
2018-03-13,994.963623046875,994.963623046875,994.963623046875,994.963623046875,0
2018-03-14,994.963623046875,994.963623046875,994.963623046875,994.963623046875,0
2018-03-15,994.963623046875,994.963623046875,994.963623046875,994.963623046875,0
2018-03-16,994.963623046875,994.963623046875,994.963623046875,994.963623046875,0
2018-03-19,994.963623046875,994.963623046875,994.963623046875,994.963623046875,0
2018-03-20,994.963623046875,994.963623046875,994.963623046875,994.963623046875,0
2018-03-21,994.963623046875,994.963623046875,994.963623046875,994.963623046875,0
2018-03-22,994.963623046875,994.963623046875,994.963623046875,994.963623046875,0
2018-03-23,994.963623046875,994.963623046875,994.963623046875,994.963623046875,0
2018-03-26,994.963623046875,994.963623046875,994.963623046875,994.963623046875,0
2018-03-27,994.963623046875,994.963623046875,994.963623046875,994.963623046875,0
2018-03-28,994.963623046875,994.963623046875,994.963623046875,994.963623046875,0
2018-03-29,994.963623046875,994.963623046875,994.963623046875,994.963623046875,0
2018-03-30,994.963623046875,994.963623046875,994.963623046875,994.963623046875,0
2018-04-02,994.963623046875,994.963623046875,994.963623046875,994.963623046875,0
2018-04-03,994.963623046875,994.963623046875,994.963623046875,994.963623046875,0
2018-04-04,994.963623046875,994.963623046875,994.963623046875,994.963623046875,0
2018-04-05,994.963623046875,994.963623046875,994.963623046875,994.963623046875,0
2018-04-06,994.963623046875,994.963623046875,994.963623046875,994.963623046875,0
2018-04-09,994.963623046875,994.963623046875,994.963623046875,994.963623046875,0
2018-04-10,994.963623046875,994.963623046875,994.963623046875,994.963623046875,0
2018-04-11,994.963623046875,994.963623046875,994.963623046875,994.963623046875,0
2018-04-12,935.7633056640625,935.7633056640625,935.7633056640625,935.7633056640625,50
2018-04-13,935.7633056640625,935.7633056640625,935.7633056640625,935.7633056640625,0
2018-04-16,935.7633056640625,935.7633056640625,935.7633056640625,935.7633056640625,0
2018-04-17,935.7633056640625,935.7633056640625,935.7633056640625,935.7633056640625,0
2018-04-18,895.46728515625,895.46728515625,895.46728515625,895.46728515625,500
2018-04-19,895.46728515625,895.46728515625,895.46728515625,895.46728515625,0
2018-04-20,895.46728515625,895.46728515625,895.46728515625,895.46728515625,0
2018-04-23,895.46728515625,895.46728515625,895.46728515625,895.46728515625,0
2018-04-24,940.2406616210938,940.2406616210938,940.2406616210938,940.2406616210938,50
2018-04-25,940.2406616210938,940.2406616210938,940.2406616210938,940.2406616210938,0
2018-04-26,941.0167236328125,941.0167236328125,941.0167236328125,941.0167236328125,50
2018-04-27,987.00390625,987.00390625,987.00390625,987.00390625,50
2018-04-30,987.00390625,987.00390625,987.00390625,987.00390625,0
2018-05-01,987.00390625,987.00390625,987.00390625,987.00390625,0
2018-05-02,987.780029296875,987.780029296875,987.780029296875,987.780029296875,50
2018-05-03,987.780029296875,987.780029296875,987.780029296875,987.780029296875,0
2018-05-04,987.780029296875,987.780029296875,987.780029296875,987.780029296875,0
2018-05-07,987.780029296875,987.780029296875,987.780029296875,987.780029296875,0
2018-05-08,987.780029296875,987.780029296875,987.780029296875,987.780029296875,0
2018-05-09,987.780029296875,987.780029296875,987.780029296875,987.780029296875,0
2018-05-10,992.780029296875,992.780029296875,992.780029296875,992.780029296875,0
2018-05-11,992.780029296875,992.780029296875,992.780029296875,992.780029296875,0
2018-05-14,992.780029296875,992.780029296875,992.780029296875,992.780029296875,0
2018-05-15,992.780029296875,992.780029296875,992.780029296875,992.780029296875,0
2018-05-16,992.780029296875,992.780029296875,992.780029296875,992.780029296875,0
2018-05-17,992.780029296875,992.780029296875,992.780029296875,992.780029296875,0
2018-05-18,992.780029296875,992.780029296875,992.780029296875,992.780029296875,0
2018-05-21,992.780029296875,992.780029296875,992.780029296875,992.780029296875,0
2018-05-22,992.780029296875,992.780029296875,992.780029296875,992.780029296875,0
2018-05-23,992.780029296875,992.780029296875,992.780029296875,992.780029296875,0
2018-05-24,992.780029296875,992.780029296875,992.780029296875,992.780029296875,0
2018-05-25,992.780029296875,992.780029296875,992.780029296875,992.780029296875,0
2018-05-28,992.780029296875,992.780029296875,992.780029296875,992.780029296875,0
2018-05-29,992.780029296875,992.780029296875,992.780029296875,992.780029296875,0
2018-05-30,992.780029296875,992.780029296875,992.780029296875,992.780029296875,0
2018-05-31,992.780029296875,992.780029296875,992.780029296875,992.780029296875,0
2018-06-01,992.780029296875,992.780029296875,992.780029296875,992.780029296875,0
2018-06-04,992.780029296875,992.780029296875,992.780029296875,992.780029296875,0
2018-06-05,992.780029296875,992.780029296875,992.780029296875,992.780029296875,0
2018-06-06,992.780029296875,992.780029296875,992.780029296875,992.780029296875,0
2018-06-07,992.780029296875,992.780029296875,992.780029296875,992.780029296875,0
2018-06-08,992.780029296875,992.780029296875,992.780029296875,992.780029296875,0
2018-06-11,992.780029296875,992.780029296875,992.780029296875,992.780029296875,0
2018-06-12,992.780029296875,992.780029296875,992.780029296875,992.780029296875,0
2018-06-13,992.780029296875,992.780029296875,992.780029296875,992.780029296875,0
2018-06-14,992.780029296875,992.780029296875,992.780029296875,992.780029296875,0
2018-06-15,992.780029296875,992.780029296875,992.780029296875,992.780029296875,0
2018-06-18,992.780029296875,992.780029296875,992.780029296875,992.780029296875,0
2018-06-19,992.780029296875,992.780029296875,992.780029296875,992.780029296875,0
2018-06-20,992.780029296875,992.780029296875,992.780029296875,992.780029296875,0
2018-06-21,992.780029296875,992.780029296875,992.780029296875,992.780029296875,0
2018-06-22,992.780029296875,992.780029296875,992.780029296875,992.780029296875,0
2018-06-25,992.780029296875,992.780029296875,992.780029296875,992.780029296875,0
2018-06-26,992.780029296875,992.780029296875,992.780029296875,992.780029296875,0
2018-06-27,992.780029296875,992.780029296875,992.780029296875,992.780029296875,0
2018-06-28,992.780029296875,992.780029296875,992.780029296875,992.780029296875,0
2018-06-29,992.780029296875,992.780029296875,992.780029296875,992.780029296875,0
2018-07-02,992.780029296875,992.780029296875,992.780029296875,992.780029296875,0
2018-07-03,992.780029296875,992.780029296875,992.780029296875,992.780029296875,0
2018-07-04,992.780029296875,992.780029296875,992.780029296875,992.780029296875,0
2018-07-05,992.780029296875,992.780029296875,992.780029296875,992.780029296875,0
2018-07-06,992.780029296875,992.780029296875,992.780029296875,992.780029296875,0
2018-07-09,992.780029296875,992.780029296875,992.780029296875,992.780029296875,0
2018-07-10,992.780029296875,992.780029296875,992.780029296875,992.780029296875,0
2018-07-11,992.780029296875,992.780029296875,992.780029296875,992.780029296875,0
2018-07-12,992.780029296875,992.780029296875,992.780029296875,992.780029296875,0
2018-07-13,992.780029296875,992.780029296875,992.780029296875,992.780029296875,0
2018-07-16,992.780029296875,992.780029296875,992.780029296875,992.780029296875,0
2018-07-17,992.780029296875,992.780029296875,992.780029296875,992.780029296875,0
2018-07-18,992.780029296875,992.780029296875,992.780029296875,992.780029296875,0
2018-07-19,992.780029296875,992.780029296875,992.780029296875,992.780029296875,0
2018-07-20,992.780029296875,992.780029296875,992.780029296875,992.780029296875,0
2018-07-23,992.780029296875,992.780029296875,992.780029296875,992.780029296875,0
2018-07-24,992.780029296875,992.780029296875,992.780029296875,992.780029296875,0
2018-07-25,992.780029296875,992.780029296875,992.780029296875,992.780029296875,0
2018-07-26,992.780029296875,992.780029296875,992.780029296875,992.780029296875,0
2018-07-27,992.780029296875,992.780029296875,992.780029296875,992.780029296875,0
2018-07-30,992.780029296875,992.780029296875,992.780029296875,992.780029296875,0
2018-07-31,992.780029296875,992.780029296875,992.780029296875,992.780029296875,0
2018-08-01,992.780029296875,992.780029296875,992.780029296875,992.780029296875,0
2018-08-02,992.780029296875,992.780029296875,992.780029296875,992.780029296875,0
2018-08-03,992.780029296875,992.780029296875,992.780029296875,992.780029296875,0
2018-08-06,992.780029296875,992.780029296875,992.780029296875,992.780029296875,0
2018-08-07,992.780029296875,992.780029296875,992.780029296875,992.780029296875,0
2018-08-08,992.780029296875,992.780029296875,992.780029296875,992.780029296875,0
2018-08-09,992.780029296875,992.780029296875,992.780029296875,992.780029296875,0
2018-08-10,992.780029296875,992.780029296875,992.780029296875,992.780029296875,0
2018-08-13,992.780029296875,992.780029296875,992.780029296875,992.780029296875,0
2018-08-14,992.780029296875,992.780029296875,992.780029296875,992.780029296875,0
2018-08-15,992.780029296875,992.780029296875,992.780029296875,992.780029296875,0
2018-08-16,992.780029296875,992.780029296875,992.780029296875,992.780029296875,0
2018-08-17,992.780029296875,992.780029296875,992.780029296875,992.780029296875,0
2018-08-20,935.75,935.75,935.75,935.75,100
2018-08-21,935.75,935.75,935.75,935.75,0
2018-08-22,935.75,935.75,935.75,935.75,0
2018-08-23,935.75,935.75,935.75,935.75,0
2018-08-24,935.75,935.75,935.75,935.75,0
2018-08-27,935.75,935.75,935.75,935.75,0
2018-08-28,935.75,935.75,935.75,935.75,0
2018-08-29,935.75,935.75,935.75,935.75,0
2018-08-30,935.75,935.75,935.75,935.75,0
2018-08-31,935.75,935.75,935.75,935.75,0
2018-09-03,935.75,935.75,935.75,935.75,0
2018-09-04,900.0,900.0,900.0,900.0,50
2018-09-05,900.0,900.0,900.0,900.0,0
2018-09-06,900.0,900.0,900.0,900.0,0
2018-09-07,900.0,900.0,900.0,900.0,0
2018-09-10,900.0,900.0,900.0,900.0,0
2018-09-11,900.0,900.0,900.0,900.0,0
2018-09-12,900.0,900.0,900.0,900.0,0
2018-09-13,900.0,900.0,900.0,900.0,0
2018-09-14,945.0,945.0,945.0,945.0,50
2018-09-17,945.0,945.0,945.0,945.0,0
2018-09-18,990.0,990.0,990.0,990.0,50
2018-09-19,990.0,990.0,990.0,990.0,0
2018-09-20,990.0,990.0,990.0,990.0,0
2018-09-21,990.0,990.0,990.0,990.0,0
2018-09-24,990.0,990.0,990.0,990.0,0
2018-09-25,990.0,990.0,990.0,990.0,0
2018-09-26,1011.0,1011.0,1011.0,1011.0,100
2018-09-27,1011.0,1011.0,1011.0,1011.0,0
2018-09-28,1011.0,1011.0,1011.0,1011.0,0
2018-10-01,1011.0,1011.0,1011.0,1011.0,0
2018-10-02,1011.0,1011.0,1011.0,1011.0,0
2018-10-03,1011.0,1011.0,1011.0,1011.0,0
2018-10-04,1011.0,1011.0,1011.0,1011.0,0
2018-10-05,1011.0,1011.0,1011.0,1011.0,0
2018-10-08,1060.0,1060.0,1060.0,1060.0,50
2018-10-09,1060.0,1060.0,1060.0,1060.0,0
2018-10-10,1060.0,1060.0,1060.0,1060.0,0
2018-10-11,1060.0,1060.0,1060.0,1060.0,0
2018-10-12,1060.0,1060.0,1060.0,1060.0,0
2018-10-15,1060.0,1060.0,1060.0,1060.0,0
2018-10-16,1060.0,1060.0,1060.0,1060.0,0
2018-10-17,1060.0,1060.0,1060.0,1060.0,0
2018-10-18,1060.0,1060.0,1060.0,1060.0,0
2018-10-19,1060.0,1060.0,1060.0,1060.0,0
2018-10-22,1060.0,1060.0,1060.0,1060.0,0
2018-10-23,1060.0,1060.0,1060.0,1060.0,0
2018-10-24,1060.0,1060.0,1060.0,1060.0,0
2018-10-25,1060.0,1060.0,1060.0,1060.0,0
2018-10-26,1060.0,1060.0,1060.0,1060.0,0
2018-10-29,1060.0,1060.0,1060.0,1060.0,0
2018-10-30,1060.0,1060.0,1060.0,1060.0,0
2018-10-31,1060.0,1060.0,1060.0,1060.0,0
2018-11-01,1060.0,1060.0,1060.0,1060.0,0
2018-11-02,1060.0,1060.0,1060.0,1060.0,0
2018-11-05,1060.0,1060.0,1060.0,1060.0,0
2018-11-06,1060.0,1060.0,1060.0,1060.0,0
2018-11-07,1060.0,1060.0,1060.0,1060.0,0
2018-11-08,1060.0,1060.0,1060.0,1060.0,0
2018-11-09,1060.0,1060.0,1060.0,1060.0,0
2018-11-12,1060.0,1060.0,1060.0,1060.0,0
2018-11-13,1060.0,1060.0,1060.0,1060.0,0
2018-11-14,1060.0,1060.0,1060.0,1060.0,0
2018-11-15,1060.0,1060.0,1060.0,1060.0,0
2018-11-16,1060.0,1060.0,1060.0,1060.0,0
2018-11-19,1060.0,1060.0,1060.0,1060.0,0
2018-11-20,1060.0,1060.0,1060.0,1060.0,0
2018-11-21,1060.0,1060.0,1060.0,1060.0,0
2018-11-22,1060.0,1060.0,1060.0,1060.0,0
2018-11-23,1060.0,1060.0,1060.0,1060.0,0
2018-11-26,1060.0,1060.0,1060.0,1060.0,0
2018-11-27,1060.0,1060.0,1060.0,1060.0,0
2018-11-28,1060.0,1060.0,1060.0,1060.0,0
2018-11-29,1060.0,1060.0,1060.0,1060.0,0
2018-11-30,1060.0,1060.0,1060.0,1060.0,0
2018-12-03,1060.0,1060.0,1060.0,1060.0,0
2018-12-04,1060.0,1060.0,1060.0,1060.0,0
2018-12-05,1060.0,1060.0,1060.0,1060.0,0
2018-12-06,1060.0,1060.0,1060.0,1060.0,0
2018-12-07,1060.0,1060.0,1060.0,1060.0,0
2018-12-10,1060.0,1060.0,1060.0,1060.0,0
2018-12-11,1060.0,1060.0,1060.0,1060.0,0
2018-12-12,1060.0,1060.0,1060.0,1060.0,0
2018-12-13,1060.0,1060.0,1060.0,1060.0,0
2018-12-14,1060.0,1060.0,1060.0,1060.0,0
2018-12-17,1060.0,1060.0,1060.0,1060.0,0
2018-12-18,1060.0,1060.0,1060.0,1060.0,0
2018-12-19,1060.0,1060.0,1060.0,1060.0,0
2018-12-20,1060.0,1060.0,1060.0,1060.0,0
2018-12-21,1060.0,1060.0,1060.0,1060.0,0
2018-12-24,1060.0,1060.0,1060.0,1060.0,0
2018-12-25,1060.0,1060.0,1060.0,1060.0,0
2018-12-26,1060.0,1060.0,1060.0,1060.0,0
2018-12-27,1060.0,1060.0,1060.0,1060.0,0
2018-12-28,1060.0,1060.0,1060.0,1060.0,0
2018-12-31,1060.0,1060.0,1060.0,1060.0,0
2019-01-01,1060.0,1060.0,1060.0,1060.0,0
2019-01-02,1060.0,1060.0,1060.0,1060.0,0
2019-01-03,1060.0,1060.0,1060.0,1060.0,0
2019-01-04,1060.0,1060.0,1060.0,1060.0,0
2019-01-07,1060.0,1060.0,1060.0,1060.0,0
2019-01-08,1060.0,1060.0,1060.0,1060.0,0
2019-01-09,1060.0,1060.0,1060.0,1060.0,0
2019-01-10,1007.0,1007.0,1007.0,1007.0,40
2019-01-11,1007.0,1007.0,1007.0,1007.0,0
2019-01-14,1000.0,1000.0,1000.0,1000.0,160
2019-01-15,1000.0,1000.0,1000.0,1000.0,0
2019-01-16,1000.0,1000.0,1000.0,1000.0,0
2019-01-17,1000.0,1000.0,1000.0,1000.0,0
2019-01-18,1000.0,1000.0,1000.0,1000.0,0
2019-01-21,1000.0,1000.0,1000.0,1000.0,0
2019-01-22,1000.0,1000.0,1000.0,1000.0,0
2019-01-23,1000.0,1000.0,1000.0,1000.0,0
2019-01-24,950.0,1048.0,950.0,1048.0,60
2019-01-25,1048.0,1048.0,1048.0,1048.0,0
2019-01-28,1050.0,1050.0,1050.0,1050.0,40
2019-01-29,1050.0,1050.0,1050.0,1050.0,0
2019-01-30,1050.0,1050.0,1050.0,1050.0,0
2019-01-31,1050.0,1050.0,1050.0,1050.0,0
2019-02-01,1050.0,1050.0,1050.0,1050.0,0
2019-02-04,1050.0,1050.0,1050.0,1050.0,0
2019-02-05,1050.0,1050.0,1050.0,1050.0,0
2019-02-06,1050.0,1050.0,1050.0,1050.0,0
2019-02-07,1050.0,1050.0,1050.0,1050.0,0
2019-02-08,1050.0,1050.0,1050.0,1050.0,0
2019-02-11,1050.0,1050.0,1050.0,1050.0,0
2019-02-12,1050.0,1050.0,1050.0,1050.0,0
2019-02-13,996.3200073242188,996.3200073242188,996.3200073242188,996.3200073242188,120
2019-02-14,999.989990234375,1000.0,999.989990234375,1000.0,520
2019-02-15,1000.0,1000.0,1000.0,1000.0,0
2019-02-18,1000.0,1000.0,1000.0,1000.0,0
2019-02-19,1000.0,1000.0,1000.0,1000.0,0
2019-02-20,1000.0,1000.0,1000.0,1000.0,0
2019-02-21,1000.0,1000.0,1000.0,1000.0,0
2019-02-22,951.0,951.0,950.0,950.0,240
2019-02-25,950.0,950.0,950.0,950.0,0
2019-02-26,950.0,950.0,950.0,950.0,0
2019-02-27,950.0,950.0,950.0,950.0,0
2019-02-28,905.0,995.0,905.0,950.0,40
2019-03-01,995.0,995.0,995.0,950.0,20
2019-03-04,950.0,950.0,950.0,950.0,0
2019-03-05,989.0,989.0,989.0,989.0,40
2019-03-06,940.0,1023.0,940.0,1023.0,100
2019-03-07,1023.0,1023.0,1023.0,1023.0,0
2019-03-08,972.0,972.0,972.0,972.0,100
2019-03-11,972.0,972.0,972.0,972.0,0
2019-03-12,972.0,972.0,972.0,972.0,0
2019-03-13,972.0,972.0,972.0,972.0,0
2019-03-14,972.0,972.0,972.0,972.0,0
2019-03-15,972.0,972.0,972.0,972.0,0
2019-03-18,972.0,972.0,972.0,972.0,0
2019-03-19,972.0,972.0,972.0,972.0,0
2019-03-20,972.0,972.0,972.0,972.0,0
2019-03-21,972.0,972.0,972.0,972.0,0
2019-03-22,972.0,972.0,972.0,972.0,0
2019-03-25,972.0,972.0,972.0,972.0,0
2019-03-26,972.0,972.0,972.0,972.0,0
2019-03-27,972.0,972.0,972.0,972.0,0
2019-03-28,972.0,972.0,972.0,972.0,0
2019-03-29,902.5,902.5,902.5,902.5,100
2019-04-01,857.3800048828125,947.5999755859375,857.3800048828125,947.5999755859375,200
2019-04-02,950.0,989.0,950.0,989.0,140
2019-04-03,950.0,1020.0,950.0,1020.0,60
2019-04-04,1020.0,1020.0,1020.0,1020.0,0
2019-04-05,1020.0,1020.0,1020.0,1020.0,0
2019-04-08,1020.0,1020.0,1020.0,1020.0,0
2019-04-09,1020.0,1020.0,1020.0,1020.0,0
2019-04-10,1020.0,1020.0,1020.0,1020.0,0
2019-04-11,1020.0,1020.0,1020.0,1020.0,0
2019-04-12,1020.0,1020.0,1020.0,1020.0,0
2019-04-15,1020.0,1020.0,1020.0,1020.0,0
2019-04-16,1020.0,1020.0,1020.0,1020.0,0
2019-04-17,1020.0,1020.0,1020.0,1020.0,0
2019-04-18,1020.0,1020.0,1020.0,1020.0,0
2019-04-19,1020.0,1020.0,1020.0,1020.0,0
2019-04-22,1020.0,1020.0,1020.0,1020.0,0
2019-04-23,1020.0,1020.0,1020.0,1020.0,0
2019-04-24,1020.0,1020.0,1020.0,1020.0,0
2019-04-25,1020.0,1020.0,1020.0,1020.0,0
2019-04-26,1020.0,1020.0,1020.0,1020.0,0
2019-04-29,1020.0,1020.0,1020.0,1020.0,0
2019-04-30,1020.0,1020.0,1020.0,1020.0,0
2019-05-01,1020.0,1020.0,1020.0,1020.0,0
2019-05-02,1020.0,1020.0,1020.0,1020.0,0
2019-05-03,1020.0,1020.0,1020.0,1020.0,0
2019-05-06,1020.0,1020.0,1020.0,1020.0,0
2019-05-07,1020.0,1020.0,1020.0,1020.0,0
2019-05-08,1020.0,1020.0,1020.0,1020.0,0
2019-05-09,1020.0,1020.0,1020.0,1020.0,0
2019-05-10,1020.0,1020.0,1020.0,1020.0,0
2019-05-13,1020.0,1020.0,1020.0,1020.0,0
2019-05-14,1020.0,1020.0,1020.0,1020.0,0
2019-05-15,1020.0,1020.0,1020.0,1020.0,0
2019-05-16,1020.0,1020.0,1020.0,1020.0,0
2019-05-17,1020.0,1020.0,1020.0,1020.0,0
2019-05-20,1020.0,1020.0,1020.0,1020.0,0
2019-05-21,1020.0,1020.0,1020.0,1020.0,0
2019-05-22,1020.0,1020.0,1020.0,1020.0,0
2019-05-23,1020.0,1020.0,1020.0,1020.0,0
2019-05-24,1020.0,1020.0,1020.0,1020.0,0
2019-05-27,1020.0,1020.0,1020.0,1020.0,0
2019-05-28,1020.0,1020.0,1020.0,1020.0,0
2019-05-29,1020.0,1020.0,1020.0,1020.0,0
2019-05-30,1020.0,1020.0,1020.0,1020.0,0
2019-05-31,1020.0,1020.0,1020.0,1020.0,0
2019-06-03,1020.0,1020.0,1020.0,1020.0,0
2019-06-04,1020.0,1020.0,1020.0,1020.0,0
2019-06-05,1020.0,1020.0,1020.0,1020.0,0
2019-06-06,1020.0,1020.0,1020.0,1020.0,0
2019-06-07,1020.0,1020.0,1020.0,1020.0,0
2019-06-10,1020.0,1020.0,1020.0,1020.0,0
2019-06-11,1020.0,1020.0,1020.0,1020.0,0
2019-06-12,1020.0,1020.0,1020.0,1020.0,0
2019-06-13,1020.0,1020.0,1020.0,1020.0,0
2019-06-14,1020.0,1020.0,1020.0,1020.0,0
2019-06-17,1020.0,1020.0,1020.0,1020.0,0
2019-06-18,1020.0,1020.0,1020.0,1020.0,0
2019-06-19,1020.0,1020.0,1020.0,1020.0,0
2019-06-20,1020.0,1020.0,1020.0,1020.0,0
2019-06-21,1020.0,1020.0,1020.0,1020.0,0
2019-06-24,1020.0,1020.0,1020.0,1020.0,0
2019-06-25,1020.0,1020.0,1020.0,1020.0,0
2019-06-26,1020.0,1020.0,1020.0,1020.0,0
2019-06-27,1020.0,1020.0,1020.0,1020.0,0
2019-06-28,1020.0,1020.0,1020.0,1020.0,0
2019-07-01,1020.0,1020.0,1020.0,1020.0,0
2019-07-02,1020.0,1020.0,1020.0,1020.0,0
2019-07-03,1020.0,1020.0,1020.0,1020.0,0
2019-07-04,1020.0,1020.0,1020.0,1020.0,0
2019-07-05,1020.0,1020.0,1020.0,1020.0,0
2019-07-08,1020.0,1020.0,1020.0,1020.0,0
2019-07-09,1020.0,1020.0,1020.0,1020.0,0
2019-07-10,1020.0,1020.0,1020.0,1020.0,0
2019-07-11,1020.0,1020.0,1020.0,1020.0,0
2019-07-12,1020.0,1020.0,1020.0,1020.0,0
2019-07-15,1020.0,1020.0,1020.0,1020.0,0
2019-07-16,1020.0,1020.0,1020.0,1020.0,0
2019-07-17,1020.0,1020.0,1020.0,1020.0,0
2019-07-18,1020.0,1020.0,1020.0,1020.0,0
2019-07-19,1020.0,1020.0,1020.0,1020.0,0
2019-07-22,1020.0,1020.0,1020.0,1020.0,0
2019-07-23,1020.0,1020.0,1020.0,1020.0,0
2019-07-24,1020.0,1020.0,1020.0,1020.0,0
2019-07-25,1020.0,1020.0,1020.0,1020.0,0
2019-07-26,1020.0,1020.0,1020.0,1020.0,0
2019-07-29,1020.0,1020.0,1020.0,1020.0,0
2019-07-30,1020.0,1020.0,1020.0,1020.0,0
2019-07-31,1020.0,1020.0,1020.0,1020.0,0
2019-08-01,1020.0,1020.0,1020.0,1020.0,0
2019-08-02,1020.0,1020.0,1020.0,1020.0,0
2019-08-05,1020.0,1020.0,1020.0,1020.0,0
2019-08-06,1020.0,1020.0,1020.0,1020.0,0
2019-08-07,1020.0,1020.0,1020.0,1020.0,100
2019-08-08,1020.0,1020.0,1020.0,1020.0,0
2019-08-09,1020.0,1020.0,1020.0,1020.0,0
2019-08-12,1020.0,1020.0,1020.0,1020.0,0
2019-08-13,1020.0,1020.0,1020.0,1020.0,0
2019-08-14,1020.0,1020.0,1020.0,1020.0,0
2019-08-15,1020.0,1020.0,1020.0,1020.0,0
2019-08-16,1020.0,1020.0,1020.0,1020.0,0
2019-08-19,1020.0,1020.0,1020.0,1020.0,0
2019-08-20,1020.0,1020.0,1020.0,1020.0,0
2019-08-21,1020.0,1020.0,1020.0,1020.0,0
2019-08-22,1020.0,1020.0,1020.0,1020.0,0
2019-08-23,1020.0,1020.0,1020.0,1020.0,0
2019-08-26,1020.0,1020.0,1020.0,1020.0,0
2019-08-27,1020.0,1020.0,1020.0,1020.0,0
2019-08-28,1020.0,1020.0,1020.0,1020.0,0
2019-08-29,1020.0,1020.0,1020.0,1020.0,0
2019-08-30,1020.0,1020.0,1020.0,1020.0,0
2019-09-02,1020.0,1020.0,1020.0,1020.0,0
2019-09-03,1020.0,1020.0,1020.0,1020.0,0
2019-09-04,1020.0,1020.0,1020.0,1020.0,0
2019-09-05,1020.0,1020.0,1020.0,1020.0,0
2019-09-06,1020.0,1020.0,1020.0,1020.0,0
2019-09-09,1020.0,1020.0,1020.0,1020.0,0
2019-09-10,1020.0,1020.0,1020.0,1020.0,0
2019-09-11,1020.0,1020.0,1020.0,1020.0,0
2019-09-12,1020.0,1020.0,1020.0,1020.0,0
2019-09-13,1020.0,1020.0,1020.0,1020.0,0
2019-09-16,1020.0,1020.0,1020.0,1020.0,0
2019-09-17,1000.0,1060.0,1000.0,1060.0,60
2019-09-18,1060.0,1060.0,1060.0,1060.0,0
2019-09-19,1060.0,1060.0,1060.0,1060.0,0
2019-09-20,1060.0,1060.0,1060.0,1060.0,0
2019-09-23,1060.0,1060.0,1060.0,1060.0,0
2019-09-24,1060.0,1060.0,1060.0,1060.0,0
2019-09-25,1060.0,1060.0,1060.0,1060.0,0
2019-09-26,1060.0,1060.0,1060.0,1060.0,0
2019-09-27,1060.0,1060.0,1060.0,1060.0,0
2019-09-30,1060.0,1060.0,1060.0,1060.0,0
2019-10-01,1060.0,1060.0,1060.0,1060.0,0
2019-10-02,1060.0,1060.0,1060.0,1060.0,0
2019-10-03,1060.0,1060.0,1060.0,1060.0,0
2019-10-04,1060.0,1060.0,1060.0,1060.0,0
2019-10-07,1060.0,1060.0,1060.0,1060.0,0
2019-10-08,1060.0,1060.0,1060.0,1060.0,0
2019-10-09,1100.0,1100.0,1060.0,1066.25,780
2019-10-10,1066.25,1066.25,1066.25,1066.25,140
2019-10-11,1066.25,1066.25,1066.25,1066.25,0
2019-10-14,1066.25,1066.25,1066.25,1066.25,0
2019-10-15,1012.9400024414062,1012.9400024414062,1012.9400024414062,1066.25,20
2019-10-16,1066.25,1066.25,1066.25,1066.25,0
2019-10-17,1066.25,1066.25,1066.25,1066.25,0
2019-10-18,1066.25,1066.25,1066.25,1066.25,0
2019-10-21,1066.25,1066.25,1066.25,1066.25,0
2019-10-22,1066.25,1066.25,1066.25,1066.25,0
2019-10-23,1066.25,1066.25,1066.25,1066.25,0
2019-10-24,941.75,941.75,941.75,991.3099975585938,20
2019-10-25,991.3099975585938,991.3099975585938,991.3099975585938,991.3099975585938,0
2019-10-28,991.3099975585938,991.3099975585938,991.3099975585938,991.3099975585938,0
2019-10-29,1040.0,1040.0,1040.0,1040.0,40
2019-10-30,988.0,988.0,988.0,988.0,300
2019-10-31,988.0,988.0,988.0,988.0,0
2019-11-01,988.0,988.0,988.0,988.0,0
2019-11-04,988.0,988.0,988.0,988.0,0
2019-11-05,1000.0,1000.0,1000.0,1000.0,40
2019-11-06,1000.0,1000.0,1000.0,1000.0,0
2019-11-07,1000.0,1000.0,1000.0,1000.0,0
2019-11-08,1000.0,1000.0,1000.0,1000.0,0
2019-11-11,1000.0,1043.0,1043.0,1000.0,80
2019-11-12,1000.0,1000.0,1000.0,1000.0,0
2019-11-13,1000.0,1000.0,1000.0,1000.0,0
2019-11-14,1000.0,1000.0,1000.0,1000.0,0
2019-11-15,1000.0,1000.0,1000.0,1000.0,0
2019-11-18,1000.0,1000.0,1000.0,1000.0,0
2019-11-19,1000.0,1000.0,1000.0,1000.0,0
2019-11-20,1000.0,1000.0,1000.0,1000.0,0
2019-11-21,1000.0,1000.0,1000.0,1000.0,0
2019-11-22,1000.0,1000.0,1000.0,1000.0,0
2019-11-25,1000.0,1000.0,1000.0,1000.0,0
2019-11-26,1000.0,1000.0,1000.0,1000.0,0
2019-11-27,1000.0,1000.0,1000.0,1000.0,0
2019-11-28,1000.0,1000.0,1000.0,1000.0,0
2019-11-29,1000.0,1000.0,1000.0,1000.0,0
2019-12-02,1000.0,1000.0,1000.0,1000.0,0
2019-12-03,1000.0,1000.0,1000.0,1000.0,0
2019-12-04,1000.0,1000.0,1000.0,1000.0,0
2019-12-05,1000.0,1000.0,1000.0,1000.0,0
2019-12-06,1000.0,1000.0,1000.0,1000.0,0
2019-12-09,1000.0,1000.0,1000.0,1000.0,0
2019-12-10,1000.0,1000.0,1000.0,1000.0,0
2019-12-11,1000.0,1000.0,1000.0,1000.0,0
2019-12-12,1000.0,1000.0,1000.0,1000.0,0
2019-12-13,1000.0,1000.0,1000.0,1000.0,0
2019-12-16,1000.0,1000.0,1000.0,1000.0,0
2019-12-17,1000.0,1000.0,1000.0,1000.0,0
2019-12-18,1000.0,1000.0,1000.0,1000.0,0
2019-12-19,1000.0,1000.0,1000.0,1000.0,0
2019-12-20,1000.0,1000.0,1000.0,1000.0,0
2019-12-23,1000.0,1000.0,1000.0,1000.0,0
2019-12-24,1000.0,1000.0,1000.0,1000.0,0
2019-12-25,1000.0,1000.0,1000.0,1000.0,0
2019-12-26,1000.0,1000.0,1000.0,1000.0,0
2019-12-27,1000.0,1000.0,1000.0,1000.0,0
2019-12-30,1000.0,1000.0,1000.0,1000.0,0
2019-12-31,1000.0,1000.0,1000.0,1000.0,0
2020-01-01,1000.0,1000.0,1000.0,1000.0,0
2020-01-02,1000.0,1000.0,1000.0,1000.0,0
2020-01-03,1000.0,1000.0,1000.0,1000.0,0
2020-01-06,1000.0,1000.0,1000.0,1000.0,0
2020-01-07,1000.0,1000.0,1000.0,1000.0,0
2020-01-08,1000.0,1000.0,1000.0,1000.0,0
2020-01-09,1000.0,1000.0,1000.0,1000.0,0
2020-01-10,1000.0,1000.0,1000.0,1000.0,0
2020-01-13,1000.0,1000.0,1000.0,1000.0,0
2020-01-14,950.0,990.0,950.0,990.0,250
2020-01-15,940.5,940.5,940.5,940.5,50
2020-01-16,940.5,940.5,940.5,940.5,0
2020-01-17,987.52001953125,987.52001953125,987.52001953125,987.52001953125,50
2020-01-20,987.52001953125,987.52001953125,987.52001953125,987.52001953125,0
2020-01-21,987.52001953125,987.52001953125,987.52001953125,987.52001953125,0
2020-01-22,999.989990234375,999.989990234375,999.989990234375,999.989990234375,50
2020-01-23,999.989990234375,999.989990234375,999.989990234375,999.989990234375,0
2020-01-24,999.989990234375,999.989990234375,999.989990234375,999.989990234375,0
2020-01-27,999.989990234375,999.989990234375,999.989990234375,999.989990234375,0
2020-01-28,999.989990234375,999.989990234375,999.989990234375,999.989990234375,0
2020-01-29,999.989990234375,999.989990234375,999.989990234375,999.989990234375,0
2020-01-30,999.989990234375,999.989990234375,999.989990234375,999.989990234375,0
2020-01-31,999.989990234375,999.989990234375,999.989990234375,999.989990234375,0
2020-02-03,999.989990234375,999.989990234375,999.989990234375,999.989990234375,0
2020-02-04,999.989990234375,999.989990234375,999.989990234375,999.989990234375,0
2020-02-05,999.989990234375,999.989990234375,999.989990234375,999.989990234375,0
2020-02-06,999.989990234375,999.989990234375,999.989990234375,999.989990234375,0
2020-02-07,999.989990234375,999.989990234375,999.989990234375,999.989990234375,0
2020-02-10,999.989990234375,999.989990234375,999.989990234375,999.989990234375,0
2020-02-11,999.989990234375,999.989990234375,999.989990234375,999.989990234375,0
2020-02-12,999.989990234375,999.989990234375,999.989990234375,999.989990234375,0
2020-02-13,999.989990234375,999.989990234375,999.989990234375,999.989990234375,0
2020-02-14,999.989990234375,999.989990234375,999.989990234375,999.989990234375,0
2020-02-17,999.989990234375,999.989990234375,999.989990234375,999.989990234375,0
2020-02-18,999.989990234375,999.989990234375,999.989990234375,999.989990234375,0
2020-02-19,999.989990234375,999.989990234375,999.989990234375,999.989990234375,0
2020-02-20,999.989990234375,999.989990234375,999.989990234375,999.989990234375,0
2020-02-21,999.989990234375,999.989990234375,999.989990234375,999.989990234375,0
2020-02-24,999.989990234375,999.989990234375,999.989990234375,999.989990234375,0
2020-02-25,999.989990234375,999.989990234375,999.989990234375,999.989990234375,0
2020-02-26,999.989990234375,999.989990234375,999.989990234375,999.989990234375,0
2020-02-27,999.989990234375,999.989990234375,999.989990234375,999.989990234375,0
2020-02-28,999.989990234375,999.989990234375,999.989990234375,999.989990234375,0
2020-03-02,999.989990234375,999.989990234375,999.989990234375,999.989990234375,0
2020-03-03,999.989990234375,999.989990234375,999.989990234375,999.989990234375,0
2020-03-04,999.989990234375,999.989990234375,999.989990234375,999.989990234375,0
2020-03-05,923.3599853515625,925.0,923.3599853515625,925.0,550
2020-03-06,978.5,978.5,978.5,978.5,50
2020-03-09,988.0,988.0,988.0,988.0,50
2020-03-10,988.0,988.0,988.0,988.0,0
2020-03-11,988.0,988.0,988.0,988.0,0
2020-03-12,988.0,988.0,988.0,988.0,0
2020-03-13,988.0,988.0,988.0,988.0,0
2020-03-16,988.0,988.0,988.0,988.0,0
2020-03-17,988.0,988.0,988.0,988.0,0
2020-03-18,988.0,988.0,988.0,988.0,0
2020-03-19,988.0,988.0,988.0,988.0,0
2020-03-20,988.0,988.0,988.0,988.0,0
2020-03-23,988.0,988.0,988.0,988.0,0
2020-03-24,988.0,988.0,988.0,988.0,0
2020-03-25,988.0,988.0,988.0,988.0,0
2020-03-26,988.0,988.0,988.0,988.0,0
2020-03-27,988.0,988.0,988.0,988.0,0
2020-03-30,988.0,988.0,988.0,988.0,0
2020-03-31,988.0,988.0,988.0,988.0,0
2020-04-01,988.0,988.0,988.0,988.0,0
2020-04-02,988.0,988.0,988.0,988.0,0
2020-04-03,988.0,988.0,988.0,988.0,0
2020-04-06,988.0,988.0,988.0,988.0,0
2020-04-07,988.0,988.0,988.0,988.0,0
2020-04-08,988.0,988.0,988.0,988.0,0
2020-04-09,988.0,988.0,988.0,988.0,100
2020-04-10,988.0,988.0,988.0,988.0,0
2020-04-13,988.0,988.0,988.0,988.0,0
2020-04-14,988.0,988.0,988.0,988.0,0
2020-04-15,988.0,988.0,988.0,988.0,0
2020-04-16,988.0,988.0,988.0,988.0,0
2020-04-17,988.0,988.0,988.0,988.0,0
2020-04-20,988.0,988.0,988.0,988.0,0
2020-04-21,988.0,988.0,988.0,988.0,0
2020-04-22,988.0,988.0,988.0,988.0,0
2020-04-23,988.0,988.0,988.0,988.0,0
2020-04-24,988.0,988.0,988.0,988.0,0
2020-04-27,988.0,988.0,988.0,988.0,0
2020-04-28,988.0,988.0,988.0,988.0,0
2020-04-29,988.0,988.0,988.0,988.0,0
2020-04-30,988.0,988.0,988.0,988.0,0
2020-05-01,988.0,988.0,988.0,988.0,0
2020-05-04,988.0,988.0,988.0,988.0,0
2020-05-05,988.0,988.0,988.0,988.0,0
2020-05-06,988.0,988.0,988.0,988.0,0
2020-05-07,988.0,988.0,988.0,988.0,0
2020-05-08,988.0,988.0,988.0,988.0,0
2020-05-11,988.0,988.0,988.0,988.0,0
2020-05-12,988.0,988.0,988.0,988.0,0
2020-05-13,988.0,988.0,988.0,988.0,0
2020-05-14,988.0,988.0,988.0,988.0,0
2020-05-15,988.0,988.0,988.0,988.0,0
2020-05-18,893.6400146484375,893.6400146484375,893.6400146484375,893.6400146484375,50
2020-05-19,950.0,960.6599731445312,950.0,960.6599731445312,550
2020-05-20,1000.0,1032.699951171875,1000.0,1000.0,250
2020-05-21,1000.0,1000.0,1000.0,1000.0,0
2020-05-22,1000.0,1000.0,1000.0,1000.0,0
2020-05-25,1000.0,1000.0,1000.0,1000.0,0
2020-05-26,1000.0,1000.0,1000.0,1000.0,0
2020-05-27,1000.0,1000.0,1000.0,1000.0,0
2020-05-28,1000.0,1000.0,1000.0,1000.0,0
2020-05-29,1000.0,1000.0,1000.0,1000.0,0
2020-06-01,1000.0,1000.0,1000.0,1000.0,0
2020-06-02,1000.0,1000.0,1000.0,1000.0,0
2020-06-03,1000.0,1000.0,1000.0,1000.0,0
2020-06-04,1000.0,1000.0,1000.0,1000.0,0
2020-06-05,1000.0,1000.0,1000.0,1000.0,0
2020-06-08,1000.0,1000.0,1000.0,1000.0,0
2020-06-09,1000.0,1000.0,1000.0,1000.0,0
2020-06-10,1000.0,1000.0,1000.0,1000.0,0
2020-06-11,990.0,990.0,990.0,990.0,100
2020-06-12,990.0,990.0,990.0,990.0,0
2020-06-15,990.0,990.0,990.0,990.0,0
2020-06-16,990.0,990.0,990.0,990.0,0
2020-06-17,990.0,1010.0,1010.0,990.0,50
2020-06-18,990.0,990.0,990.0,990.0,0
2020-06-19,990.0,990.0,990.0,990.0,0
2020-06-22,990.0,990.0,990.0,990.0,0
2020-06-23,990.0,990.0,990.0,990.0,0
2020-06-24,990.0,990.0,990.0,990.0,0
2020-06-25,990.0,990.0,990.0,990.0,0
2020-06-26,990.0,990.0,990.0,990.0,0
2020-06-29,990.0,990.0,990.0,990.0,0
2020-06-30,990.0,990.0,990.0,990.0,0
2020-07-01,990.0,990.0,990.0,990.0,0
2020-07-02,990.0,990.0,990.0,990.0,0
2020-07-03,990.0,990.0,990.0,990.0,0
2020-07-06,990.0,990.0,990.0,990.0,0
2020-07-07,990.0,990.0,990.0,990.0,0
2020-07-08,990.0,990.0,990.0,990.0,0
2020-07-09,990.0,990.0,990.0,990.0,0
2020-07-10,990.0,990.0,990.0,990.0,0
2020-07-13,990.0,990.0,990.0,990.0,0
2020-07-14,990.0,990.0,990.0,990.0,0
2020-07-15,990.0,990.0,990.0,990.0,0
2020-07-16,990.0,990.0,990.0,990.0,0
2020-07-17,990.0,990.0,990.0,990.0,0
2020-07-20,990.0,990.0,990.0,990.0,0
2020-07-21,990.0,990.0,990.0,990.0,0
2020-07-22,990.0,990.0,990.0,990.0,0
2020-07-23,990.0,990.0,990.0,990.0,0
2020-07-24,990.0,990.0,990.0,990.0,0
2020-07-27,990.0,990.0,990.0,990.0,0
2020-07-28,990.0,990.0,990.0,990.0,0
2020-07-29,990.0,990.0,990.0,990.0,0
2020-07-30,990.0,990.0,990.0,990.0,0
2020-07-31,990.0,990.0,990.0,990.0,0
2020-08-03,990.0,990.0,990.0,990.0,0
2020-08-04,990.0,990.0,990.0,990.0,0
2020-08-05,990.0,990.0,990.0,990.0,0
2020-08-06,990.0,990.0,990.0,990.0,0
2020-08-07,990.0,990.0,990.0,990.0,0
2020-08-10,990.0,990.0,990.0,990.0,0
2020-08-11,990.0,990.0,990.0,990.0,0
2020-08-12,990.0,990.0,990.0,990.0,0
2020-08-13,990.0,990.0,990.0,990.0,0
2020-08-14,990.0,990.0,990.0,990.0,0
2020-08-17,990.0,990.0,990.0,990.0,0
2020-08-18,990.0,990.0,990.0,990.0,0
2020-08-19,990.0,990.0,990.0,990.0,0
2020-08-20,990.0,990.0,990.0,990.0,0
2020-08-21,990.0,990.0,990.0,990.0,0
2020-08-24,990.0,990.0,990.0,990.0,0
2020-08-25,990.0,990.0,990.0,990.0,0
2020-08-26,990.0,990.0,990.0,990.0,0
2020-08-27,990.0,990.0,990.0,990.0,0
2020-08-28,990.0,990.0,990.0,990.0,0
2020-08-31,990.0,990.0,990.0,990.0,0
2020-09-01,990.0,990.0,990.0,990.0,0
2020-09-02,990.0,990.0,990.0,990.0,0
2020-09-03,990.0,990.0,990.0,990.0,0
2020-09-04,990.0,990.0,990.0,990.0,0
2020-09-07,990.0,990.0,990.0,990.0,0
2020-09-08,990.0,990.0,990.0,990.0,0
2020-09-09,990.0,990.0,990.0,990.0,0
2020-09-10,990.0,990.0,990.0,990.0,0
2020-09-11,990.0,990.0,990.0,990.0,0
2020-09-14,990.0,990.0,990.0,990.0,0
2020-09-15,990.0,990.0,990.0,990.0,0
2020-09-16,990.0,990.0,990.0,990.0,0
2020-09-17,990.0,990.0,990.0,990.0,0
2020-09-18,990.0,990.0,990.0,990.0,0
2020-09-21,990.0,990.0,990.0,990.0,0
2020-09-22,990.0,990.0,990.0,990.0,0
2020-09-23,990.0,990.0,990.0,990.0,0
2020-09-24,990.0,990.0,990.0,990.0,0
2020-09-25,990.0,990.0,990.0,990.0,0
2020-09-28,990.0,990.0,990.0,990.0,0
2020-09-29,990.0,990.0,990.0,990.0,0
2020-09-30,990.0,990.0,990.0,990.0,0
2020-10-01,990.0,990.0,990.0,990.0,0
2020-10-02,990.0,990.0,990.0,990.0,0
2020-10-05,990.0,990.0,990.0,990.0,0
2020-10-06,990.0,990.0,990.0,990.0,0
2020-10-07,990.0,990.0,990.0,990.0,0
2020-10-08,990.0,990.0,990.0,990.0,0
2020-10-09,990.0,990.0,990.0,990.0,0
2020-10-12,990.0,990.0,990.0,990.0,0
2020-10-13,990.0,990.0,990.0,990.0,0
2020-10-14,990.0,990.0,990.0,990.0,0
2020-10-15,990.0,990.0,990.0,990.0,0
2020-10-16,990.0,990.0,990.0,990.0,0
2020-10-19,990.0,990.0,990.0,990.0,0
2020-10-20,990.0,990.0,990.0,990.0,0
2020-10-21,990.0,990.0,990.0,990.0,0
2020-10-22,990.0,990.0,990.0,990.0,0
2020-10-23,990.0,990.0,990.0,990.0,0
2020-10-26,990.0,990.0,990.0,990.0,0
2020-10-27,990.0,990.0,990.0,990.0,0
2020-10-28,990.0,990.0,990.0,990.0,0
2020-10-29,990.0,990.0,990.0,990.0,0
2020-10-30,990.0,990.0,990.0,990.0,0
2020-11-02,990.0,990.0,990.0,990.0,0
2020-11-03,990.0,990.0,990.0,990.0,0
2020-11-04,990.0,990.0,990.0,990.0,0
2020-11-05,990.0,990.0,990.0,990.0,0
2020-11-06,990.0,990.0,990.0,990.0,0
2020-11-09,990.0,990.0,990.0,990.0,0
2020-11-10,990.0,990.0,990.0,990.0,0
2020-11-11,990.0,990.0,990.0,990.0,0
2020-11-12,990.0,990.0,990.0,990.0,0
2020-11-13,990.0,990.0,990.0,990.0,0
2020-11-16,990.0,990.0,990.0,990.0,0
2020-11-17,990.0,990.0,990.0,990.0,0
2020-11-18,990.0,990.0,990.0,990.0,0
2020-11-19,990.0,990.0,990.0,990.0,0
2020-11-20,990.0,990.0,990.0,990.0,0
2020-11-23,990.0,990.0,990.0,990.0,0
2020-11-24,990.0,990.0,990.0,990.0,0
2020-11-25,990.0,990.0,990.0,990.0,0
2020-11-26,990.0,990.0,990.0,990.0,0
2020-11-27,990.0,990.0,990.0,990.0,0
2020-11-30,990.0,990.0,990.0,990.0,0
2020-12-01,990.0,990.0,990.0,990.0,0
2020-12-02,990.0,990.0,990.0,990.0,0
2020-12-03,990.0,990.0,990.0,990.0,0
2020-12-04,990.0,990.0,990.0,990.0,0
2020-12-07,990.0,990.0,990.0,990.0,0
2020-12-08,990.0,990.0,990.0,990.0,0
2020-12-09,990.0,990.0,990.0,990.0,0
2020-12-10,990.0,990.0,990.0,990.0,0
2020-12-11,990.0,990.0,990.0,990.0,0
2020-12-14,990.0,990.0,990.0,990.0,0
2020-12-15,990.0,990.0,990.0,990.0,0
2020-12-16,990.0,990.0,990.0,990.0,0
2020-12-17,990.0,990.0,990.0,990.0,0
2020-12-18,990.0,990.0,990.0,990.0,0
2020-12-21,990.0,990.0,990.0,990.0,0
2020-12-22,990.0,990.0,990.0,990.0,0
2020-12-23,990.0,990.0,990.0,990.0,0
2020-12-24,990.0,990.0,990.0,990.0,0
2020-12-25,990.0,990.0,990.0,990.0,0
2020-12-28,990.0,990.0,990.0,990.0,0
2020-12-29,990.0,990.0,990.0,990.0,0
2020-12-30,990.0,990.0,990.0,990.0,0
2020-12-31,990.0,990.0,990.0,990.0,0
2021-01-01,990.0,990.0,990.0,990.0,0
2021-01-04,990.0,990.0,990.0,990.0,0
2021-01-05,990.0,990.0,990.0,990.0,0
2021-01-06,990.0,990.0,990.0,990.0,0
2021-01-07,990.0,990.0,990.0,990.0,0
2021-01-08,990.0,990.0,990.0,990.0,0
2021-01-11,990.0,990.0,990.0,990.0,0
2021-01-12,990.0,990.0,990.0,990.0,0
2021-01-13,990.0,990.0,990.0,990.0,0
2021-01-14,990.0,990.0,990.0,990.0,0
2021-01-15,990.0,990.0,990.0,990.0,0
2021-01-18,990.0,990.0,990.0,990.0,0
2021-01-19,990.0,990.0,990.0,990.0,0
2021-01-20,990.0,990.0,990.0,990.0,0
2021-01-21,990.0,990.0,990.0,990.0,0
2021-01-22,990.0,990.0,990.0,990.0,0
2021-01-25,990.0,990.0,990.0,990.0,0
2021-01-26,990.0,990.0,990.0,990.0,0
2021-01-27,990.0,990.0,990.0,990.0,0
2021-01-28,990.0,990.0,990.0,990.0,0
2021-01-29,990.0,990.0,990.0,990.0,0
2021-02-01,990.0,990.0,990.0,990.0,0
2021-02-02,990.0,990.0,990.0,990.0,0
2021-02-03,990.0,990.0,990.0,990.0,0
2021-02-04,990.0,990.0,990.0,990.0,0
2021-02-05,990.0,990.0,990.0,990.0,0
2021-02-08,990.0,990.0,990.0,990.0,0
2021-02-09,990.0,990.0,990.0,990.0,0
2021-02-10,990.0,990.0,990.0,990.0,0
2021-02-11,990.0,990.0,990.0,990.0,0
2021-02-12,990.0,990.0,990.0,990.0,0
2021-02-15,990.0,990.0,990.0,990.0,0
2021-02-16,990.0,990.0,990.0,990.0,0
2021-02-17,990.0,990.0,990.0,990.0,0
2021-02-18,990.0,990.0,990.0,990.0,0
2021-02-19,990.0,990.0,990.0,990.0,0
2021-02-22,990.0,990.0,990.0,990.0,0
2021-02-23,990.0,990.0,990.0,990.0,0
2021-02-24,990.0,990.0,990.0,990.0,0
2021-02-25,990.0,990.0,990.0,990.0,0
2021-02-26,990.0,990.0,990.0,990.0,0
2021-03-01,990.0,990.0,990.0,990.0,0
2021-03-02,990.0,990.0,990.0,990.0,0
2021-03-03,990.0,990.0,990.0,990.0,0
2021-03-04,990.0,990.0,990.0,990.0,0
2021-03-05,990.0,990.0,990.0,990.0,0
2021-03-08,990.0,990.0,990.0,990.0,0
2021-03-09,990.0,990.0,990.0,990.0,0
2021-03-10,990.0,990.0,990.0,990.0,0
2021-03-11,990.0,990.0,990.0,990.0,0
2021-03-12,990.0,990.0,990.0,990.0,0
2021-03-15,990.0,990.0,990.0,990.0,0
2021-03-16,990.0,990.0,990.0,990.0,0
2021-03-17,990.0,990.0,990.0,990.0,0
2021-03-18,990.0,990.0,990.0,990.0,0
2021-03-19,990.0,990.0,990.0,990.0,0
2021-03-22,990.0,990.0,990.0,990.0,0
2021-03-23,990.0,990.0,990.0,990.0,0
2021-03-24,990.0,990.0,990.0,990.0,0
2021-03-25,990.0,990.0,990.0,990.0,0
2021-03-26,990.0,990.0,990.0,990.0,0
2021-03-29,990.0,990.0,990.0,990.0,0
2021-03-30,990.0,990.0,990.0,990.0,0
2021-03-31,990.0,990.0,990.0,990.0,0
2021-04-01,990.0,990.0,990.0,990.0,0
2021-04-02,990.0,990.0,990.0,990.0,0
2021-04-05,990.0,990.0,990.0,990.0,0
2021-04-06,990.0,990.0,990.0,990.0,0
2021-04-07,990.0,990.0,990.0,990.0,0
2021-04-08,990.0,990.0,990.0,990.0,0
2021-04-09,990.0,990.0,990.0,990.0,0
2021-04-12,990.0,990.0,990.0,990.0,0
2021-04-13,990.0,990.0,990.0,990.0,0
2021-04-14,990.0,990.0,990.0,990.0,0
2021-04-15,990.0,990.0,990.0,990.0,0
2021-04-16,990.0,990.0,990.0,990.0,0
2021-04-19,990.0,990.0,990.0,990.0,0
2021-04-20,990.0,990.0,990.0,990.0,0
2021-04-21,990.0,990.0,990.0,990.0,0
2021-04-22,990.0,990.0,990.0,990.0,0
2021-04-23,990.0,990.0,990.0,990.0,0
2021-04-26,990.0,990.0,990.0,990.0,0
2021-04-27,990.0,990.0,990.0,990.0,0
2021-04-28,990.0,990.0,990.0,990.0,0
2021-04-29,990.0,990.0,990.0,990.0,0
2021-04-30,990.0,990.0,990.0,990.0,0
2021-05-03,990.0,990.0,990.0,990.0,0
2021-05-04,990.0,990.0,990.0,990.0,0
2021-05-05,990.0,990.0,990.0,990.0,0
2021-05-06,990.0,990.0,990.0,990.0,0
2021-05-07,990.0,990.0,990.0,990.0,0
2021-05-10,990.0,990.0,990.0,990.0,0
2021-05-11,990.0,990.0,990.0,990.0,0
2021-05-12,990.0,990.0,990.0,990.0,0
2021-05-13,990.0,990.0,990.0,990.0,0
2021-05-14,990.0,990.0,990.0,990.0,0
2021-05-17,990.0,990.0,990.0,990.0,0
2021-05-18,990.0,990.0,990.0,990.0,0
2021-05-19,990.0,990.0,990.0,990.0,0
2021-05-20,990.0,990.0,990.0,990.0,0
2021-05-21,990.0,990.0,990.0,990.0,0
2021-05-24,990.0,990.0,990.0,990.0,0
2021-05-25,990.0,990.0,990.0,990.0,0
2021-05-26,990.0,990.0,990.0,990.0,0
2021-05-27,990.0,990.0,990.0,990.0,0
2021-05-28,990.0,990.0,990.0,990.0,0
2021-05-31,990.0,990.0,990.0,990.0,0
2021-06-01,990.0,990.0,990.0,990.0,0
2021-06-02,990.0,990.0,990.0,990.0,0
2021-06-03,990.0,990.0,990.0,990.0,0
2021-06-04,990.0,990.0,990.0,990.0,0
2021-06-07,990.0,990.0,990.0,990.0,0
2021-06-08,990.0,990.0,990.0,990.0,0
2021-06-09,990.0,990.0,990.0,990.0,0
2021-06-10,990.0,990.0,990.0,990.0,0
2021-06-11,990.0,990.0,990.0,990.0,0
2021-06-14,990.0,990.0,990.0,990.0,0
2021-06-15,990.0,990.0,990.0,990.0,0
2021-06-16,990.0,990.0,990.0,990.0,0
2021-06-17,990.0,990.0,990.0,990.0,0
2021-06-18,990.0,990.0,990.0,990.0,0
2021-06-21,990.0,990.0,990.0,990.0,0
2021-06-22,841.8599853515625,841.8599853515625,841.8599853515625,841.8599853515625,100
2021-06-23,841.8599853515625,841.8599853515625,841.8599853515625,841.8599853515625,0
2021-06-24,841.8599853515625,841.8599853515625,841.8599853515625,841.8599853515625,0
2021-06-25,778.72998046875,900.0,778.72998046875,900.0,150
2021-06-28,900.0,900.0,900.0,900.0,0
2021-06-29,900.0,900.0,900.0,900.0,0
2021-06-30,900.0,900.0,900.0,900.0,0
2021-07-01,900.0,900.0,900.0,900.0,0
2021-07-02,900.0,900.0,900.0,900.0,0
2021-07-05,900.0,900.0,900.0,900.0,0
2021-07-06,900.0,900.0,900.0,900.0,0
2021-07-07,900.0,900.0,900.0,900.0,0
2021-07-08,900.0,900.0,900.0,900.0,0
2021-07-09,900.0,900.0,900.0,900.0,0
2021-07-12,900.0,900.0,900.0,900.0,0
2021-07-13,900.0,900.0,900.0,900.0,0
2021-07-14,900.0,900.0,900.0,900.0,0
2021-07-15,900.0,900.0,900.0,900.0,0
2021-07-16,900.0,900.0,900.0,900.0,0
2021-07-19,967.0,967.0,967.0,967.0,50
2021-07-20,967.0,967.0,967.0,967.0,0
2021-07-21,967.0,967.0,967.0,967.0,0
2021-07-22,967.0,967.0,967.0,967.0,0
2021-07-23,967.0,967.0,967.0,967.0,0
2021-07-26,967.0,967.0,967.0,967.0,0
2021-07-27,967.0,967.0,967.0,967.0,0
2021-07-28,967.0,967.0,967.0,967.0,0
2021-07-29,967.0,967.0,967.0,967.0,0
2021-07-30,967.0,967.0,967.0,967.0,0
2021-08-02,967.0,967.0,967.0,967.0,0
2021-08-03,967.0,967.0,967.0,967.0,0
2021-08-04,967.0,967.0,967.0,967.0,0
2021-08-05,894.47998046875,894.47998046875,894.47998046875,894.47998046875,100
2021-08-06,894.47998046875,894.47998046875,894.47998046875,894.47998046875,0
2021-08-09,894.47998046875,894.47998046875,894.47998046875,894.47998046875,0
2021-08-10,894.47998046875,894.47998046875,894.47998046875,894.47998046875,0
2021-08-11,894.47998046875,894.47998046875,894.47998046875,894.47998046875,0
2021-08-12,894.47998046875,894.47998046875,894.47998046875,894.47998046875,0
2021-08-13,900.0,953.0,900.0,953.0,300
2021-08-16,953.0,953.0,953.0,953.0,0
2021-08-17,953.0,953.0,953.0,953.0,0
2021-08-18,953.0,953.0,953.0,953.0,0
2021-08-19,953.0,953.0,953.0,953.0,0
2021-08-20,953.0,953.0,953.0,953.0,0
2021-08-23,999.9500122070312,1000.0,995.0,1000.0,500
2021-08-24,1024.97998046875,1075.0,1024.97998046875,1075.0,700
2021-08-25,999.989990234375,1145.0,999.989990234375,1005.0,450
2021-08-26,1080.0,1080.0,1075.0,1075.0,200
2021-08-27,1068.0,1068.0,1068.0,1068.0,100
2021-08-30,1068.0,1068.0,1068.0,1068.0,0
2021-08-31,1068.0,1068.0,1068.0,1068.0,0
2021-09-01,1000.9000244140625,1050.0,1000.9000244140625,1050.0,200
2021-09-02,1050.0,1050.0,1050.0,1050.0,0
2021-09-03,1050.0,1050.0,1050.0,1050.0,0
2021-09-06,1124.9000244140625,1124.9000244140625,1120.0,1120.0,100
2021-09-07,1120.0,1120.0,1120.0,1120.0,0
2021-09-08,1199.0,1199.0,1199.0,1199.0,50
2021-09-09,1284.0,1284.0,1284.0,1284.0,50
2021-09-10,1379.0,1379.0,1379.0,1379.0,50
2021-09-13,1379.0,1379.0,1379.0,1379.0,0
2021-09-14,1379.0,1379.0,1379.0,1379.0,0
2021-09-15,1379.0,1379.0,1379.0,1379.0,0
2021-09-16,1379.0,1379.0,1379.0,1379.0,0
2021-09-17,1379.0,1379.0,1379.0,1379.0,0
2021-09-20,1470.0,1470.0,1470.0,1470.0,50
2021-09-21,1470.0,1470.0,1470.0,1470.0,0
2021-09-22,1470.0,1470.0,1470.0,1470.0,0
2021-09-23,1470.0,1470.0,1470.0,1470.0,0
2021-09-24,1470.0,1470.0,1470.0,1470.0,0
2021-09-27,1470.0,1470.0,1470.0,1470.0,0
2021-09-28,1470.0,1470.0,1470.0,1470.0,0
2021-09-29,1470.0,1470.0,1470.0,1470.0,0
2021-09-30,1470.0,1470.0,1470.0,1470.0,0
2021-10-01,1470.0,1470.0,1470.0,1470.0,0
2021-10-04,1470.0,1470.0,1470.0,1470.0,0
2021-10-05,1575.0,1579.9000244140625,1360.0,1496.239990234375,1000
2021-10-06,1496.239990234375,1496.239990234375,1496.239990234375,1496.239990234375,0
2021-10-07,1496.239990234375,1496.239990234375,1496.239990234375,1496.239990234375,0
2021-10-08,1496.239990234375,1496.239990234375,1496.239990234375,1496.239990234375,0
2021-10-11,1496.239990234375,1496.239990234375,1496.239990234375,1496.239990234375,0
2021-10-12,1496.239990234375,1496.239990234375,1496.239990234375,1496.239990234375,0
2021-10-13,1496.239990234375,1496.239990234375,1496.239990234375,1496.239990234375,0
2021-10-14,1496.239990234375,1496.239990234375,1496.239990234375,1496.239990234375,0
2021-10-15,1496.239990234375,1496.239990234375,1496.239990234375,1496.239990234375,0
2021-10-18,1496.239990234375,1496.239990234375,1496.239990234375,1496.239990234375,0
2021-10-19,1496.239990234375,1496.239990234375,1496.239990234375,1496.239990234375,0
2021-10-20,1496.239990234375,1496.239990234375,1496.239990234375,1496.239990234375,0
2021-10-21,1496.239990234375,1496.239990234375,1496.239990234375,1496.239990234375,0
2021-10-22,1496.239990234375,1496.239990234375,1496.239990234375,1496.239990234375,0
2021-10-25,1496.239990234375,1496.239990234375,1496.239990234375,1496.239990234375,0
2021-10-26,1496.239990234375,1496.239990234375,1496.239990234375,1496.239990234375,0
2021-10-27,1496.239990234375,1496.239990234375,1496.239990234375,1496.239990234375,0
2021-10-28,1496.239990234375,1496.239990234375,1496.239990234375,1496.239990234375,0
2021-10-29,1496.239990234375,1496.239990234375,1496.239990234375,1496.239990234375,0
2021-11-01,1496.239990234375,1496.239990234375,1496.239990234375,1496.239990234375,0
2021-11-02,1496.239990234375,1496.239990234375,1496.239990234375,1496.239990234375,0
2021-11-03,1496.239990234375,1496.239990234375,1496.239990234375,1496.239990234375,0
2021-11-04,1496.239990234375,1496.239990234375,1496.239990234375,1496.239990234375,0
2021-11-05,1496.239990234375,1496.239990234375,1496.239990234375,1496.239990234375,0
2021-11-08,1496.239990234375,1496.239990234375,1496.239990234375,1496.239990234375,0
2021-11-09,1496.239990234375,1496.239990234375,1496.239990234375,1496.239990234375,0
2021-11-10,1496.239990234375,1496.239990234375,1496.239990234375,1496.239990234375,0
2021-11-11,1496.239990234375,1496.239990234375,1496.239990234375,1496.239990234375,0
2021-11-12,1496.239990234375,1496.239990234375,1496.239990234375,1496.239990234375,0
2021-11-15,1496.239990234375,1496.239990234375,1496.239990234375,1496.239990234375,0
2021-11-16,1496.239990234375,1496.239990234375,1496.239990234375,1496.239990234375,0
2021-11-17,1496.239990234375,1496.239990234375,1496.239990234375,1496.239990234375,0
2021-11-18,1496.239990234375,1496.239990234375,1496.239990234375,1496.239990234375,0
2021-11-19,1496.239990234375,1496.239990234375,1496.239990234375,1496.239990234375,0
2021-11-22,1496.239990234375,1496.239990234375,1496.239990234375,1496.239990234375,0
2021-11-23,1496.239990234375,1496.239990234375,1496.239990234375,1496.239990234375,0
2021-11-24,1496.239990234375,1496.239990234375,1496.239990234375,1496.239990234375,0
2021-11-25,1496.239990234375,1496.239990234375,1496.239990234375,1496.239990234375,0
2021-11-26,1496.239990234375,1496.239990234375,1496.239990234375,1496.239990234375,0
2021-11-29,1496.239990234375,1496.239990234375,1496.239990234375,1496.239990234375,0
2021-11-30,1496.239990234375,1496.239990234375,1496.239990234375,1496.239990234375,0
2021-12-01,1496.239990234375,1496.239990234375,1496.239990234375,1496.239990234375,0
2021-12-02,1496.239990234375,1496.239990234375,1496.239990234375,1496.239990234375,0
2021-12-03,1496.239990234375,1496.239990234375,1496.239990234375,1496.239990234375,0
2021-12-06,1496.239990234375,1496.239990234375,1496.239990234375,1496.239990234375,0
2021-12-07,1496.239990234375,1496.239990234375,1496.239990234375,1496.239990234375,0
2021-12-08,1496.239990234375,1496.239990234375,1496.239990234375,1496.239990234375,0
2021-12-09,1496.239990234375,1496.239990234375,1496.239990234375,1496.239990234375,0
2021-12-10,1496.239990234375,1496.239990234375,1496.239990234375,1496.239990234375,0
2021-12-13,1496.239990234375,1496.239990234375,1496.239990234375,1496.239990234375,0
2021-12-14,1496.239990234375,1496.239990234375,1496.239990234375,1496.239990234375,0
2021-12-15,1496.239990234375,1496.239990234375,1496.239990234375,1496.239990234375,0
2021-12-16,1496.239990234375,1496.239990234375,1496.239990234375,1496.239990234375,0
2021-12-17,1496.239990234375,1496.239990234375,1496.239990234375,1496.239990234375,0
2021-12-20,1496.239990234375,1496.239990234375,1496.239990234375,1496.239990234375,0
2021-12-21,1496.239990234375,1496.239990234375,1496.239990234375,1496.239990234375,0
2021-12-22,1497.0,1497.0,1497.0,1497.0,200
2021-12-23,1497.0,1497.0,1497.0,1497.0,0
2021-12-24,1497.0,1497.0,1497.0,1497.0,0
2021-12-27,1497.0,1497.0,1497.0,1497.0,0
2021-12-28,1497.0,1497.0,1497.0,1497.0,0
2021-12-29,1497.0,1497.0,1497.0,1497.0,0
2021-12-30,1497.0,1497.0,1497.0,1497.0,0
2021-12-31,1497.0,1497.0,1497.0,1497.0,0
2022-01-03,1497.0,1497.0,1497.0,1497.0,0
2022-01-04,1497.0,1497.0,1497.0,1497.0,0
2022-01-05,1497.0,1497.0,1497.0,1497.0,0
2022-01-06,1497.0,1497.0,1497.0,1497.0,0
2022-01-07,1497.0,1497.0,1497.0,1497.0,0
2022-01-10,1609.0,1609.0,1609.0,1609.0,20
2022-01-11,1609.0,1609.0,1609.0,1609.0,0
2022-01-12,1609.0,1609.0,1609.0,1609.0,0
2022-01-13,1609.0,1609.0,1609.0,1609.0,0
2022-01-14,1609.0,1609.0,1609.0,1609.0,0
2022-01-17,1609.0,1609.0,1609.0,1609.0,0
2022-01-18,1609.0,1609.0,1609.0,1609.0,0
2022-01-19,1609.0,1609.0,1609.0,1609.0,0
2022-01-20,1609.0,1609.0,1609.0,1609.0,0
2022-01-21,1609.0,1609.0,1609.0,1609.0,200
2022-01-24,1609.0,1609.0,1609.0,1609.0,0
2022-01-25,1609.0,1609.0,1609.0,1609.0,0
2022-01-26,1609.0,1609.0,1609.0,1609.0,0
2022-01-27,1650.0,1650.0,1650.0,1650.0,200
2022-01-28,1650.0,1650.0,1650.0,1650.0,0
2022-01-31,1650.0,1650.0,1650.0,1650.0,0
2022-02-01,1757.9000244140625,1757.9000244140625,1757.9000244140625,1757.9000244140625,20
2022-02-02,1757.9000244140625,1757.9000244140625,1757.9000244140625,1757.9000244140625,0
2022-02-03,1627.0,1627.0,1626.06005859375,1626.06005859375,240
2022-02-04,1626.06005859375,1626.06005859375,1626.06005859375,1626.06005859375,0
2022-02-07,1626.06005859375,1626.06005859375,1626.06005859375,1626.06005859375,0
2022-02-08,1626.06005859375,1626.06005859375,1626.06005859375,1626.06005859375,0
2022-02-09,1626.06005859375,1626.06005859375,1626.06005859375,1626.06005859375,0
2022-02-10,1626.06005859375,1626.06005859375,1626.06005859375,1626.06005859375,0
2022-02-11,1505.0,1675.0,1505.0,1675.0,40
2022-02-14,1675.0,1675.0,1675.0,1675.0,0
2022-02-15,1675.0,1675.0,1675.0,1675.0,0
2022-02-16,1675.0,1675.0,1675.0,1675.0,0
2022-02-17,1675.0,1675.0,1675.0,1675.0,0
2022-02-18,1675.0,1675.0,1675.0,1675.0,0
2022-02-21,1675.0,1675.0,1675.0,1675.0,0
2022-02-22,1675.0,1675.0,1675.0,1675.0,0
2022-02-23,1675.0,1675.0,1675.0,1675.0,0
2022-02-24,1675.0,1675.0,1675.0,1675.0,0
2022-02-25,1675.0,1675.0,1675.0,1675.0,0
2022-02-28,1675.0,1675.0,1675.0,1675.0,0
2022-03-01,1675.0,1675.0,1675.0,1675.0,0
2022-03-02,1675.0,1675.0,1675.0,1675.0,0
2022-03-03,1675.0,1675.0,1675.0,1675.0,0
2022-03-04,1675.0,1675.0,1675.0,1675.0,0
2022-03-07,1670.0,1670.0,1670.0,1670.0,100
2022-03-08,1670.0,1670.0,1670.0,1670.0,0
2022-03-09,1670.0,1670.0,1670.0,1670.0,0
2022-03-10,1670.0,1670.0,1670.0,1670.0,0
2022-03-11,1670.0,1670.0,1670.0,1670.0,0
2022-03-14,1670.0,1670.0,1670.0,1670.0,0
2022-03-15,1670.0,1670.0,1670.0,1670.0,0
2022-03-16,1670.0,1670.0,1670.0,1670.0,0
2022-03-17,1670.0,1670.0,1670.0,1670.0,0
2022-03-18,1670.0,1670.0,1670.0,1670.0,0
2022-03-21,1670.0,1670.0,1670.0,1670.0,0
2022-03-22,1670.0,1670.0,1670.0,1670.0,0
2022-03-23,1670.0,1670.0,1670.0,1670.0,0
2022-03-24,1670.0,1670.0,1670.0,1670.0,0
2022-03-25,1670.0,1670.0,1670.0,1670.0,0
2022-03-28,1670.0,1670.0,1670.0,1670.0,0
2022-03-29,1670.0,1670.0,1670.0,1670.0,0
2022-03-30,1670.0,1670.0,1670.0,1670.0,0
2022-03-31,1670.0,1670.0,1670.0,1670.0,0
2022-04-01,1670.0,1670.0,1670.0,1670.0,0
2022-04-04,1670.0,1670.0,1670.0,1670.0,0
2022-04-05,1670.0,1670.0,1670.0,1670.0,0
2022-04-06,1670.0,1670.0,1670.0,1670.0,0
2022-04-07,1670.0,1670.0,1670.0,1670.0,0
2022-04-08,1670.0,1670.0,1670.0,1670.0,0
2022-04-11,1670.0,1670.0,1670.0,1670.0,0
2022-04-12,1670.0,1670.0,1670.0,1670.0,0
2022-04-13,1670.0,1670.0,1670.0,1670.0,0
2022-04-14,1670.0,1670.0,1670.0,1670.0,0
2022-04-15,1670.0,1670.0,1670.0,1670.0,0
2022-04-18,1670.0,1670.0,1670.0,1670.0,0
2022-04-19,1670.0,1670.0,1670.0,1670.0,0
2022-04-20,1670.0,1670.0,1670.0,1670.0,0
2022-04-21,1670.0,1670.0,1670.0,1670.0,0
2022-04-22,1544.75,1544.75,1544.75,1544.75,40
2022-04-25,1544.75,1544.75,1544.75,1544.75,0
2022-04-26,1544.75,1544.75,1544.75,1544.75,0
2022-04-27,1544.75,1544.75,1544.75,1544.75,0
2022-04-28,1544.75,1544.75,1544.75,1544.75,0
2022-04-29,1544.75,1544.75,1544.75,1544.75,0
2022-05-02,1544.75,1544.75,1544.75,1544.75,0
2022-05-03,1544.75,1544.75,1544.75,1544.75,0
2022-05-04,1544.75,1544.75,1544.75,1544.75,0
2022-05-05,1544.75,1544.75,1544.75,1544.75,0
2022-05-06,1544.75,1544.75,1544.75,1544.75,0
2022-05-09,1544.75,1544.75,1544.75,1544.75,0
2022-05-10,1544.75,1544.75,1544.75,1544.75,0
2022-05-11,1544.75,1544.75,1544.75,1544.75,0
2022-05-12,1544.75,1544.75,1544.75,1544.75,0
2022-05-13,1544.75,1544.75,1544.75,1544.75,0
2022-05-16,1544.75,1544.75,1544.75,1544.75,0
2022-05-17,1544.75,1544.75,1544.75,1544.75,0
2022-05-18,1544.75,1544.75,1544.75,1544.75,0
2022-05-19,1544.75,1544.75,1544.75,1544.75,0
2022-05-20,1544.75,1544.75,1544.75,1544.75,0
2022-05-23,1544.75,1544.75,1544.75,1544.75,100
2022-05-24,1544.75,1544.75,1544.75,1544.75,0
2022-05-25,1544.75,1544.75,1544.75,1544.75,0
2022-05-26,1544.75,1544.75,1544.75,1544.75,0
2022-05-27,1544.75,1544.75,1544.75,1544.75,0
2022-05-30,1544.75,1544.75,1544.75,1544.75,0
2022-05-31,1544.75,1544.75,1544.75,1544.75,0
2022-06-01,1540.0,1540.0,1540.0,1540.0,100
2022-06-02,1540.0,1540.0,1540.0,1540.0,0
2022-06-03,1540.0,1540.0,1540.0,1540.0,0
2022-06-06,1540.0,1540.0,1540.0,1540.0,0
2022-06-07,1540.0,1540.0,1540.0,1540.0,0
2022-06-08,1540.0,1540.0,1540.0,1540.0,0
2022-06-09,1540.0,1540.0,1540.0,1540.0,0
2022-06-10,1540.0,1540.0,1540.0,1540.0,0
2022-06-13,1540.0,1540.0,1540.0,1540.0,0
2022-06-14,1540.0,1540.0,1540.0,1540.0,0
2022-06-15,1540.0,1540.0,1540.0,1540.0,0
2022-06-16,1540.0,1540.0,1540.0,1540.0,0
2022-06-17,1540.0,1540.0,1540.0,1540.0,0
2022-06-20,1540.0,1540.0,1540.0,1540.0,0
2022-06-21,1540.0,1540.0,1540.0,1540.0,0
2022-06-22,1540.0,1540.0,1540.0,1540.0,0
2022-06-23,1540.0,1540.0,1540.0,1540.0,0
2022-06-24,1540.0,1540.0,1540.0,1540.0,0
2022-06-27,1540.0,1540.0,1540.0,1540.0,0
2022-06-28,1540.0,1540.0,1540.0,1540.0,0
2022-06-29,1540.0,1540.0,1540.0,1540.0,0
2022-06-30,1540.0,1540.0,1540.0,1540.0,0
2022-07-01,1540.0,1540.0,1540.0,1540.0,0
2022-07-04,1540.0,1540.0,1540.0,1540.0,0
2022-07-05,1540.0,1540.0,1540.0,1540.0,0
2022-07-06,1540.0,1540.0,1540.0,1540.0,0
2022-07-07,1540.0,1540.0,1540.0,1540.0,0
2022-07-08,1540.0,1540.0,1540.0,1540.0,0
2022-07-11,1540.0,1540.0,1540.0,1540.0,0
2022-07-12,1540.0,1540.0,1540.0,1540.0,0
2022-07-13,1540.0,1540.0,1540.0,1540.0,0
2022-07-14,1540.0,1540.0,1540.0,1540.0,0
2022-07-15,1540.0,1540.0,1540.0,1540.0,0
2022-07-18,1540.0,1540.0,1540.0,1540.0,0
2022-07-19,1540.0,1540.0,1540.0,1540.0,0
2022-07-20,1540.0,1540.0,1540.0,1540.0,0
2022-07-21,1540.0,1540.0,1540.0,1540.0,0
2022-07-22,1540.0,1540.0,1540.0,1540.0,0
2022-07-25,1540.0,1540.0,1540.0,1540.0,0
2022-07-26,1540.0,1540.0,1540.0,1540.0,0
2022-07-27,1540.0,1540.0,1540.0,1540.0,0
2022-07-28,1540.0,1540.0,1540.0,1540.0,0
2022-07-29,1540.0,1540.0,1540.0,1540.0,0
2022-08-01,1540.0,1540.0,1540.0,1540.0,0
2022-08-02,1540.0,1540.0,1540.0,1540.0,0
2022-08-03,1540.0,1540.0,1540.0,1540.0,0
2022-08-04,1540.0,1540.0,1540.0,1540.0,0
2022-08-05,1540.0,1540.0,1540.0,1540.0,0
2022-08-08,1540.0,1540.0,1540.0,1540.0,0
2022-08-09,1540.0,1540.0,1540.0,1540.0,0
2022-08-10,1425.0,1425.0,1425.0,1425.0,20
2022-08-11,1425.0,1425.0,1425.0,1425.0,0
2022-08-12,1425.0,1425.0,1425.0,1425.0,0
2022-08-15,1318.1500244140625,1449.0,1318.1500244140625,1449.0,420
2022-08-16,1341.0,1341.0,1341.0,1341.0,60
2022-08-17,1341.0,1341.0,1341.0,1341.0,20
2022-08-18,1240.5,1380.0,1240.4300537109375,1355.0,800
2022-08-19,1355.0,1355.0,1355.0,1355.0,0
2022-08-22,1354.0,1355.0,1254.0,1270.0,180
2022-08-23,1200.0,1200.0,1175.0,1175.0,140
2022-08-24,1110.0,1110.0,1100.0,1100.0,80
2022-08-25,1100.0,1100.0,1100.0,1100.0,0
2022-08-26,1100.0,1100.0,1100.0,1100.0,0
2022-08-29,1100.0,1100.0,1100.0,1100.0,0
2022-08-30,1100.0,1100.0,1100.0,1100.0,0
2022-08-31,1018.0,1025.0,1018.0,1020.6699829101562,80
2022-09-01,950.0,1097.0,945.0,1023.5,120
2022-09-02,1023.5,1023.5,1023.5,1023.5,0
2022-09-05,1095.0,1095.0,1095.0,1023.5,20
2022-09-06,1023.5,1023.5,1023.5,1023.5,0
2022-09-07,1023.5,1023.5,1023.5,1023.5,0
2022-09-08,1023.5,1023.5,1023.5,1023.5,0
2022-09-09,1023.5,1023.5,1023.5,1023.5,0
2022-09-12,1023.5,1023.5,1023.5,1023.5,0
2022-09-13,1023.5,1023.5,1023.5,1023.5,0
2022-09-14,1023.5,1023.5,1023.5,1023.5,0
2022-09-15,1023.5,1023.5,1023.5,1023.5,0
2022-09-16,1023.5,1023.5,1023.5,1023.5,0
2022-09-19,1023.5,1023.5,1023.5,1023.5,0
2022-09-20,1023.5,1023.5,1023.5,1023.5,0
2022-09-21,1023.5,1023.5,1023.5,1023.5,0
2022-09-22,1023.5,1023.5,1023.5,1023.5,0
2022-09-23,1023.5,1023.5,1023.5,1023.5,0
2022-09-26,1023.5,1023.5,1023.5,1023.5,0
2022-09-27,1023.5,1023.5,1023.5,1023.5,0
2022-09-28,1023.5,1023.5,1023.5,1023.5,0
2022-09-29,1023.5,1023.5,1023.5,1023.5,0
2022-09-30,1023.5,1023.5,1023.5,1023.5,0
2022-10-03,1023.5,1023.5,1023.5,1023.5,0
2022-10-04,1075.0,1080.0,1075.0,1080.0,160
2022-10-05,1080.0,1080.0,1080.0,1080.0,0
2022-10-06,947.3099975585938,947.3099975585938,947.3099975585938,947.3099975585938,120
2022-10-07,920.0,920.0,920.0,947.3099975585938,20
2022-10-10,947.3099975585938,947.3099975585938,947.3099975585938,947.3099975585938,0
2022-10-11,947.3099975585938,947.3099975585938,947.3099975585938,947.3099975585938,0
2022-10-12,947.3099975585938,947.3099975585938,947.3099975585938,947.3099975585938,0
2022-10-13,947.3099975585938,947.3099975585938,947.3099975585938,947.3099975585938,0
2022-10-14,947.3099975585938,947.3099975585938,947.3099975585938,947.3099975585938,0
2022-10-17,947.3099975585938,947.3099975585938,947.3099975585938,947.3099975585938,0
2022-10-18,947.3099975585938,947.3099975585938,947.3099975585938,947.3099975585938,0
2022-10-19,947.3099975585938,947.3099975585938,947.3099975585938,947.3099975585938,0
2022-10-20,890.0,890.0,890.0,947.3099975585938,20
2022-10-21,947.3099975585938,947.3099975585938,947.3099975585938,947.3099975585938,0
2022-10-24,947.3099975585938,947.3099975585938,947.3099975585938,947.3099975585938,0
2022-10-25,947.3099975585938,947.3099975585938,947.3099975585938,947.3099975585938,0
2022-10-26,947.3099975585938,947.3099975585938,947.3099975585938,947.3099975585938,0
2022-10-27,947.3099975585938,947.3099975585938,947.3099975585938,947.3099975585938,0
2022-10-28,947.3099975585938,947.3099975585938,947.3099975585938,947.3099975585938,0
2022-10-31,947.3099975585938,947.3099975585938,947.3099975585938,947.3099975585938,0
2022-11-01,947.3099975585938,947.3099975585938,947.3099975585938,947.3099975585938,0
2022-11-02,947.3099975585938,947.3099975585938,947.3099975585938,947.3099975585938,0
2022-11-03,947.3099975585938,947.3099975585938,947.3099975585938,947.3099975585938,0
2022-11-04,947.3099975585938,947.3099975585938,947.3099975585938,947.3099975585938,0
2022-11-07,855.6300048828125,855.6300048828125,855.6300048828125,925.0,20
2022-11-08,855.6300048828125,855.6300048828125,855.6300048828125,895.6956176757812,20
2022-11-09,895.6956176757812,895.6956176757812,895.6956176757812,895.6956176757812,0
2022-11-10,828.52001953125,880.0,828.52001953125,830.0,1180
2022-11-11,767.75,767.75,767.75,767.75,40
2022-11-14,710.1699829101562,712.0,710.1699829101562,712.0,480
2022-11-15,658.5999755859375,688.8800048828125,658.5999755859375,667.3300170898438,1520
2022-11-16,680.0,680.0,626.0,679.9500122070312,440
2022-11-17,679.9500122070312,679.9500122070312,679.9500122070312,679.9500122070312,0
2022-11-18,689.989990234375,689.989990234375,640.0,666.010009765625,260
2022-11-21,672.0,683.9000244140625,620.0,681.9500122070312,100
2022-11-22,684.989990234375,684.989990234375,681.0,681.0,80
2022-11-23,641.010009765625,645.0,641.010009765625,645.0,120
2022-11-24,645.0,645.0,645.0,645.0,0
2022-11-25,689.989990234375,693.3699951171875,689.989990234375,693.3699951171875,340
2022-11-28,724.0,745.0,660.010009765625,702.010009765625,160
2022-11-29,702.010009765625,702.0999755859375,702.010009765625,702.0599975585938,40
2022-11-30,754.7100219726562,754.7100219726562,754.7100219726562,754.7100219726562,140
2022-12-01,800.0,811.3099975585938,800.0,801.6199951171875,280
2022-12-02,859.0,861.739990234375,859.0,861.739990234375,140
2022-12-05,926.0,926.3699951171875,926.0,926.3099975585938,220
2022-12-06,995.780029296875,995.780029296875,970.0,975.5999755859375,180
2022-12-07,1048.77001953125,1048.77001953125,925.0999755859375,1048.77001953125,540
2022-12-08,1127.4000244140625,1127.4000244140625,1127.4000244140625,1127.4000244140625,40
2022-12-09,1125.0,1125.0,1125.0,1127.4000244140625,20
2022-12-12,1200.0,1200.0,1200.0,1127.4000244140625,20
2022-12-13,1211.9000244140625,1211.949951171875,1210.0,1211.9300537109375,120
2022-12-14,1249.9000244140625,1300.0,1249.9000244140625,1279.1700439453125,200
2022-12-15,1350.0,1350.0,1279.1700439453125,1350.0,40
2022-12-16,1349.0,1450.0,1349.0,1450.0,160
2022-12-19,1558.0,1558.0,1341.25,1548.0,80
2022-12-20,1549.989990234375,1549.989990234375,1432.0,1432.0,40
2022-12-21,1432.0,1432.0,1432.0,1432.0,0
2022-12-22,1432.0,1432.0,1432.0,1432.0,0
2022-12-23,1536.989990234375,1536.989990234375,1500.0,1500.0,1340
2022-12-26,1612.489990234375,1612.489990234375,1599.0,1599.0,40
2022-12-27,1709.989990234375,1709.989990234375,1479.0999755859375,1479.0999755859375,40
2022-12-28,1479.0999755859375,1479.0999755859375,1479.0999755859375,1479.0999755859375,0
2022-12-29,1549.97998046875,1549.97998046875,1549.97998046875,1549.97998046875,20
2022-12-30,1666.2099609375,1666.2099609375,1666.2099609375,1666.2099609375,20
2023-01-02,1666.2099609375,1666.2099609375,1666.2099609375,1666.2099609375,0
2023-01-03,1666.2099609375,1666.2099609375,1666.2099609375,1666.2099609375,0
2023-01-04,1666.2099609375,1666.2099609375,1666.2099609375,1666.2099609375,0
2023-01-05,1775.0,1775.0,1775.0,1775.0,50
2023-01-06,1905.0,1905.0,1905.0,1905.0,50
2023-01-09,1905.0,1905.0,1905.0,1905.0,0
2023-01-10,1905.0,1905.0,1905.0,1905.0,0
2023-01-11,1905.0,1905.0,1905.0,1905.0,0
2023-01-12,2045.0,2045.0,2045.0,2045.0,50
2023-01-13,2045.0,2045.0,2045.0,2045.0,0
2023-01-16,2045.0,2045.0,2045.0,2045.0,0
2023-01-17,2149.0,2149.0,2149.0,2149.0,50
2023-01-18,1987.8299560546875,1987.8299560546875,1987.8299560546875,1987.8299560546875,50
2023-01-19,1987.8299560546875,1987.8299560546875,1987.8299560546875,1987.8299560546875,0
2023-01-20,1987.8299560546875,1987.8299560546875,1987.8299560546875,1987.8299560546875,0
2023-01-23,1987.8299560546875,1987.8299560546875,1987.8299560546875,1987.8299560546875,0
2023-01-24,2130.0,2130.0,2130.0,2130.0,50
2023-01-25,2130.0,2130.0,2130.0,2130.0,0
2023-01-26,2276.0,2276.0,2276.0,2276.0,50
2023-01-27,2276.0,2276.0,2276.0,2276.0,0
2023-01-30,2110.0,2110.0,2110.0,2110.0,150
2023-01-31,2265.0,2265.0,2265.0,2265.0,50
2023-02-01,2430.0,2430.0,2095.1298828125,2095.1298828125,100
2023-02-02,1938.0,1938.0,1938.0,1938.0,50
2023-02-03,1792.6500244140625,1792.6500244140625,1792.6500244140625,1792.6500244140625,50
2023-02-06,1792.6500244140625,1792.6500244140625,1792.6500244140625,1792.6500244140625,0
2023-02-07,1792.6500244140625,1792.6500244140625,1792.6500244140625,1792.6500244140625,0
2023-02-08,1792.6500244140625,1792.6500244140625,1792.6500244140625,1792.6500244140625,0
2023-02-09,1792.6500244140625,1792.6500244140625,1792.6500244140625,1792.6500244140625,0
2023-02-10,1792.6500244140625,1792.6500244140625,1792.6500244140625,1792.6500244140625,0
2023-02-13,1792.6500244140625,1792.6500244140625,1792.6500244140625,1792.6500244140625,0
2023-02-14,1792.6500244140625,1792.6500244140625,1792.6500244140625,1792.6500244140625,0
2023-02-15,1658.2099609375,1658.2099609375,1658.2099609375,1658.2099609375,100
2023-02-16,1658.2099609375,1658.2099609375,1658.2099609375,1658.2099609375,0
2023-02-17,1658.2099609375,1658.2099609375,1658.2099609375,1658.2099609375,0
2023-02-20,1658.2099609375,1658.2099609375,1658.2099609375,1658.2099609375,0
2023-02-21,1774.0,1774.0,1774.0,1774.0,50
2023-02-22,1774.0,1774.0,1774.0,1774.0,0
2023-02-23,1774.0,1774.0,1774.0,1774.0,0
2023-02-24,1870.0,1870.0,1870.0,1870.0,100
2023-02-27,1965.0,1965.0,1965.0,1965.0,150
2023-02-28,2095.0,2095.0,2095.0,2095.0,50
2023-03-01,2095.0,2095.0,2095.0,2095.0,0
2023-03-02,2095.0,2095.0,2095.0,2095.0,0
2023-03-03,2193.0,2193.0,2193.0,2193.0,50
2023-03-06,2310.0,2310.0,2310.0,2310.0,50
2023-03-07,2310.0,2310.0,2310.0,2310.0,0
2023-03-08,2355.0,2355.0,2027.969970703125,2027.969970703125,100
2023-03-09,2170.0,2170.0,1875.8800048828125,1875.8800048828125,200
2023-03-10,1875.8800048828125,1875.8800048828125,1875.8800048828125,1875.8800048828125,0
2023-03-13,1735.18994140625,1735.18994140625,1735.18994140625,1735.18994140625,50
2023-03-14,1860.0,1860.0,1860.0,1860.0,50
2023-03-15,1983.0,1983.0,1720.5,1720.5,100
2023-03-16,1830.0,1830.0,1591.469970703125,1591.469970703125,200
2023-03-17,1500.0,1709.0,1500.0,1500.0,250
2023-03-20,1388.0,1388.0,1388.0,1388.0,50
2023-03-21,1283.9000244140625,1283.9000244140625,1283.9000244140625,1283.9000244140625,50
2023-03-22,1188.0,1188.0,1188.0,1188.0,50
2023-03-23,1188.0,1188.0,1188.0,1188.0,0
2023-03-24,1099.0,1099.0,1099.0,1099.0,150
2023-03-27,1099.0,1099.0,1099.0,1099.0,0
2023-03-28,1017.0,1017.0,1017.0,1017.0,50
2023-03-29,945.0999755859375,945.0999755859375,945.0999755859375,945.0999755859375,50
2023-03-30,876.0,876.0,876.0,876.0,50
2023-03-31,840.0999755859375,840.0999755859375,840.0999755859375,840.0999755859375,50
2023-04-03,840.0999755859375,840.0999755859375,840.0999755859375,840.0999755859375,0
2023-04-04,810.0999755859375,903.0999755859375,810.0999755859375,857.010009765625,150
2023-04-05,857.010009765625,857.010009765625,857.010009765625,857.010009765625,0
2023-04-06,857.010009765625,857.010009765625,857.010009765625,857.010009765625,0
2023-04-07,857.010009765625,857.010009765625,857.010009765625,857.010009765625,0
2023-04-10,825.5499877929688,891.6099853515625,825.5499877929688,825.5499877929688,300
2023-04-11,825.5499877929688,825.5499877929688,825.5499877929688,825.5499877929688,0
2023-04-12,825.5499877929688,825.5499877929688,825.5499877929688,825.5499877929688,0
2023-04-13,800.0999755859375,800.0999755859375,800.0999755859375,800.0999755859375,50
2023-04-14,800.0999755859375,800.0999755859375,800.0999755859375,800.0999755859375,0
2023-04-17,800.0999755859375,800.0999755859375,800.0999755859375,800.0999755859375,0
2023-04-18,800.0999755859375,800.0999755859375,800.0999755859375,800.0999755859375,0
2023-04-19,800.0999755859375,800.0999755859375,800.0999755859375,800.0999755859375,0
2023-04-20,741.0999755859375,741.0999755859375,741.0999755859375,741.0999755859375,50
2023-04-21,741.0999755859375,741.0999755859375,741.0999755859375,741.0999755859375,0
2023-04-24,741.0999755859375,741.0999755859375,741.0999755859375,741.0999755859375,0
2023-04-25,741.0999755859375,741.0999755859375,741.0999755859375,741.0999755859375,0
2023-04-26,741.0999755859375,741.0999755859375,741.0999755859375,741.0999755859375,0
2023-04-27,796.6799926757812,796.6799926757812,796.6799926757812,796.6799926757812,1550
2023-04-28,856.4299926757812,856.4299926757812,800.0,804.22998046875,1350
2023-05-01,804.22998046875,804.22998046875,804.22998046875,804.22998046875,0
2023-05-02,859.989990234375,859.989990234375,780.0,790.0,550
2023-05-03,780.0,789.0,780.0,789.0,200
2023-05-04,789.9000244140625,790.0,788.0,788.989990234375,500
2023-05-05,788.989990234375,788.989990234375,788.989990234375,788.989990234375,50
2023-05-08,788.989990234375,788.989990234375,788.989990234375,788.989990234375,0
2023-05-09,788.989990234375,788.989990234375,788.989990234375,788.989990234375,0
2023-05-10,731.0,731.0,731.0,731.0,50
2023-05-11,731.0,731.0,731.0,731.0,0
2023-05-12,731.0,731.0,731.0,731.0,0
2023-05-15,676.5,740.0,676.5,740.0,150
2023-05-16,685.0,790.0,685.0,790.0,1200
2023-05-17,755.010009765625,800.0,755.010009765625,800.0,150
2023-05-18,849.0,849.0,849.0,849.0,150
2023-05-19,904.0,904.0,849.0,890.0,650
2023-05-22,956.75,956.75,860.0999755859375,860.0999755859375,800
2023-05-23,860.0999755859375,860.0999755859375,860.0999755859375,860.0999755859375,0
2023-05-24,860.0999755859375,860.0999755859375,860.0999755859375,860.0999755859375,0
2023-05-25,850.0,850.0,850.0,850.0,200
2023-05-26,851.0,851.0,850.0,850.5,100
2023-05-29,898.97998046875,898.97998046875,898.97998046875,898.97998046875,50
2023-05-30,898.97998046875,898.97998046875,898.97998046875,898.97998046875,0
2023-05-31,898.97998046875,898.97998046875,898.97998046875,898.97998046875,0
2023-06-01,898.97998046875,898.97998046875,898.97998046875,898.97998046875,0
2023-06-02,850.0,898.0,850.0,882.0,200
2023-06-05,850.0999755859375,898.0,850.0999755859375,898.0,200
2023-06-06,898.0,965.0,898.0,900.0,700
2023-06-07,900.0,900.0,900.0,900.0,0
2023-06-08,855.1099853515625,855.1099853515625,832.5,850.0,900
2023-06-09,850.0,850.0,850.0,850.0,450
2023-06-12,850.0,850.0,850.0,850.0,150
2023-06-13,894.8900146484375,894.989990234375,860.0,883.2899780273438,150
2023-06-14,883.2899780273438,883.2899780273438,883.2899780273438,883.2899780273438,0
2023-06-15,883.2899780273438,883.2899780273438,883.2899780273438,883.2899780273438,0
2023-06-16,883.2899780273438,883.2899780273438,883.2899780273438,883.2899780273438,0
2023-06-19,850.0,850.0,850.0,850.0,100
2023-06-20,850.0,850.0,850.0,850.0,0
2023-06-21,850.0,850.0,850.0,850.0,0
2023-06-22,842.0,842.0,842.0,842.0,100
2023-06-23,842.0,842.0,842.0,842.0,0
2023-06-26,779.0,779.0,779.0,779.0,50
2023-06-27,775.0,775.0,775.0,775.0,50
2023-06-28,775.0,775.0,775.0,775.0,0
2023-06-29,775.0,775.0,775.0,775.0,0
2023-06-30,775.0,775.0,775.0,775.0,0
2023-07-03,775.0,775.0,755.5,770.0,300
2023-07-04,740.0,760.0,740.0,760.0,450
2023-07-05,808.7999877929688,808.7999877929688,808.7999877929688,808.7999877929688,50
2023-07-06,749.0,787.989990234375,749.0,756.6799926757812,1750
2023-07-07,784.8900146484375,784.8900146484375,784.8900146484375,784.8900146484375,50
2023-07-10,784.8900146484375,784.8900146484375,784.8900146484375,784.8900146484375,0
2023-07-11,774.4400024414062,774.4400024414062,770.0,772.219970703125,100
2023-07-12,739.0,818.989990234375,725.510009765625,774.989990234375,550
2023-07-13,772.989990234375,773.0,772.989990234375,773.0,250
2023-07-14,789.989990234375,789.989990234375,775.0,775.0,150
2023-07-17,770.0,770.0,770.0,770.0,50
2023-07-18,750.0,750.25,732.5,749.989990234375,650
2023-07-19,750.0,769.989990234375,750.0,750.0,550
2023-07-20,750.0,750.0,750.0,750.0,0
2023-07-21,750.0,750.0,730.2999877929688,750.0,550
2023-07-24,750.0,750.0,750.0,750.0,0
2023-07-25,749.989990234375,770.0,749.989990234375,770.0,150
2023-07-26,750.0,759.989990234375,749.989990234375,749.989990234375,600
2023-07-27,749.989990234375,749.989990234375,749.989990234375,749.989990234375,0
2023-07-28,749.989990234375,749.989990234375,749.989990234375,749.989990234375,0
2023-07-31,723.010009765625,725.2100219726562,723.010009765625,725.2100219726562,100
2023-08-01,725.2100219726562,725.2100219726562,725.2100219726562,725.2100219726562,0
2023-08-02,725.2100219726562,725.2100219726562,725.2100219726562,725.2100219726562,0
2023-08-03,726.0,777.9000244140625,726.0,748.989990234375,200
2023-08-04,748.989990234375,748.989990234375,748.989990234375,748.989990234375,0
2023-08-07,740.0,740.0,740.0,740.0,50
2023-08-08,740.0,740.0,740.0,740.0,0
2023-08-09,747.489990234375,747.489990234375,700.0,715.0,600
2023-08-10,715.0,715.0,715.0,715.0,200
2023-08-11,715.0,715.0,715.0,715.0,0
2023-08-14,715.0,715.0,715.0,715.0,0
2023-08-15,715.0,734.8800048828125,686.0,715.5,900
2023-08-16,715.5,715.5,715.5,715.5,0
2023-08-17,715.0,719.0,715.0,719.0,150
2023-08-18,719.0,719.0,719.0,719.0,0
2023-08-21,719.0,719.0,719.0,719.0,100
2023-08-22,715.0,749.0,715.0,725.0,350
2023-08-23,675.010009765625,750.0,670.6300048828125,684.719970703125,1850
2023-08-24,685.0,690.0,685.0,688.0,150
2023-08-25,675.0,675.0,675.0,675.0,50
2023-08-28,650.1199951171875,650.1199951171875,650.0999755859375,650.1099853515625,100
2023-08-29,650.1099853515625,650.1099853515625,650.1099853515625,650.1099853515625,0
2023-08-30,650.1099853515625,650.1099853515625,650.1099853515625,650.1099853515625,0
2023-08-31,650.1099853515625,650.1099853515625,650.1099853515625,650.1099853515625,0
2023-09-01,650.1099853515625,650.1099853515625,650.1099853515625,650.1099853515625,0
2023-09-04,651.0,651.0,651.0,651.0,100
2023-09-05,651.0,651.0,651.0,651.0,0
2023-09-06,651.0,651.0,651.0,651.0,0
2023-09-07,651.0,651.0,651.0,651.0,0
2023-09-08,651.0,651.0,651.0,651.0,0
2023-09-11,650.0,680.0,645.0,680.0,150
2023-09-12,680.0,680.0,680.0,680.0,0
2023-09-13,650.5,650.5,650.0,650.0,100
2023-09-14,670.0,670.0,670.0,670.0,50
2023-09-15,719.97998046875,719.97998046875,719.97998046875,719.97998046875,50
2023-09-18,738.3800048828125,738.3800048828125,738.3800048828125,738.3800048828125,50
2023-09-19,736.0,736.0,736.0,736.0,100
2023-09-20,736.0,736.0,736.0,736.0,0
2023-09-21,736.0,739.9000244140625,736.0,739.9000244140625,150
2023-09-22,725.0,725.0,720.0999755859375,725.0,150
2023-09-25,735.0,750.0,735.0,750.0,300
2023-09-26,731.0,731.0,731.0,731.0,150
2023-09-27,735.0,735.0,701.010009765625,701.1500244140625,150
2023-09-28,701.1500244140625,701.1500244140625,701.1500244140625,701.1500244140625,0
2023-09-29,701.1500244140625,701.1500244140625,701.1500244140625,701.1500244140625,0
2023-10-02,701.1500244140625,701.1500244140625,701.1500244140625,701.1500244140625,0
2023-10-03,701.1500244140625,701.1500244140625,701.1500244140625,701.1500244140625,0
2023-10-04,701.1500244140625,701.1500244140625,701.1500244140625,701.1500244140625,0
2023-10-05,701.1500244140625,701.1500244140625,701.1500244140625,701.1500244140625,0
2023-10-06,660.25,660.25,660.0,660.0800170898438,150
2023-10-09,660.0800170898438,660.0800170898438,660.0800170898438,660.0800170898438,0
2023-10-10,660.0800170898438,660.0800170898438,660.0800170898438,660.0800170898438,0
2023-10-11,660.0800170898438,660.0800170898438,660.0800170898438,660.0800170898438,100
2023-10-12,660.0800170898438,660.0800170898438,660.0800170898438,660.0800170898438,0
2023-10-13,660.0800170898438,660.0800170898438,660.0800170898438,660.0800170898438,0
2023-10-16,700.0,700.0,700.0,700.0,50
2023-10-17,705.0,710.010009765625,705.0,710.010009765625,250
2023-10-18,710.010009765625,710.010009765625,710.010009765625,710.010009765625,0
2023-10-19,702.0,702.0,702.0,702.0,50
2023-10-20,702.0,702.0,702.0,702.0,0
2023-10-23,702.0,702.0,702.0,702.0,0
2023-10-24,705.0999755859375,754.6500244140625,705.0999755859375,749.8300170898438,550
2023-10-25,806.0,806.0,736.0,736.0,350
2023-10-26,736.0,736.0,736.0,736.0,50
2023-10-27,736.0,736.0,736.0,736.0,50
2023-10-30,711.0,711.010009765625,711.0,711.0,250
2023-10-31,742.0,742.0,742.0,742.0,50
2023-11-01,716.0,716.0,715.0,715.0,100
2023-11-02,715.0,715.0,715.0,715.0,0
2023-11-03,715.0,715.0,715.0,715.0,0
2023-11-06,715.0,715.0,715.0,715.0,0
2023-11-07,715.0,715.0,715.0,715.0,0
2023-11-08,715.0,720.0,705.0,720.0,150
2023-11-09,720.0,720.0,720.0,720.0,0
2023-11-10,720.0,720.0,720.0,720.0,50
2023-11-13,710.0,735.0,710.0,735.0,200
2023-11-14,735.0,735.0,735.0,735.0,0
2023-11-15,735.0,735.0,735.0,735.0,0
2023-11-16,730.0,735.0,730.0,735.0,100
2023-11-17,778.0,778.0,760.0,760.0,150
2023-11-20,765.0,780.0,741.0,741.0,900
2023-11-21,750.0,750.0,749.5,749.5,200
2023-11-22,750.0,750.0,749.5,749.5,250
2023-11-23,805.7100219726562,805.7100219726562,750.0,805.7100219726562,14900
2023-11-24,866.1400146484375,866.1400146484375,866.1300048828125,866.1400146484375,13300
2023-11-27,931.0999755859375,931.0999755859375,850.0,931.0999755859375,19600
2023-11-28,990.0,1000.9000244140625,915.0,979.27001953125,9350
2023-11-29,980.0,1033.989990234375,980.0,1017.5900268554688,3600
2023-11-30,961.0,1048.0,961.0,1031.989990234375,1650
2023-12-01,1044.0,1044.0,1000.0,1026.31005859375,1300
2023-12-04,1015.0,1048.0,1000.0,1020.030029296875,7300
2023-12-05,1049.989990234375,1079.5,1020.010009765625,1046.780029296875,1450
2023-12-06,1050.0,1050.0,1049.0,1050.0,8700
2023-12-07,1050.0,1050.0,1033.5,1035.0,250
2023-12-08,1026.0,1112.6300048828125,1025.0,1111.8800048828125,11700
2023-12-11,1110.010009765625,1111.0999755859375,1110.0,1110.0,1100
2023-12-12,1111.0,1138.0,1110.0,1110.0,3050
2023-12-13,1100.010009765625,1100.010009765625,1050.0,1050.0,3350
2023-12-14,1050.0,1052.0,1040.0,1040.02001953125,27150
2023-12-15,1001.0,1060.0,1001.0,1060.0,600
2023-12-18,1085.0,1100.0,1080.0,1080.0,900
2023-12-19,1100.0,1158.0,1100.0,1124.6300048828125,17400
2023-12-20,1149.989990234375,1149.989990234375,1044.989990234375,1051.0,400
2023-12-21,1051.0,1088.0,1051.0,1088.0,400
2023-12-22,1088.0,1088.0,1088.0,1088.0,200
2023-12-25,1088.0,1088.0,1088.0,1088.0,0
2023-12-26,1010.010009765625,1011.0,1010.0,1010.0,1450
2023-12-27,1010.0,1010.0,1010.0,1010.0,100
2023-12-28,1011.0,1011.0,1011.0,1011.0,50
2023-12-29,1011.0,1011.0,1011.0,1011.0,0
2024-01-01,1010.0,1010.0,1010.0,1010.0,100
2024-01-02,1075.0,1075.0,1010.0,1011.010009765625,200
2024-01-03,1020.0,1020.0,975.0,983.6699829101562,300
2024-01-04,1010.0,1010.0,1010.0,1010.0,100
2024-01-05,965.0,1025.0,950.0,955.0999755859375,300
2024-01-08,1000.0,1000.0,985.0,985.0,200
2024-01-09,950.0999755859375,950.0999755859375,950.0,950.0499877929688,200
2024-01-10,950.0,950.1500244140625,950.0,950.1500244140625,150
2024-01-11,990.0,990.0,990.0,990.0,50
2024-01-12,990.0,990.0,990.0,990.0,0
2024-01-15,990.0,990.0,990.0,990.0,0
2024-01-16,915.760009765625,922.0,915.760009765625,922.0,100
2024-01-17,950.0,950.0,890.0,890.0,150
2024-01-18,890.0,890.0,890.0,890.0,0
2024-01-19,890.0,890.0,890.0,890.0,0
2024-01-22,890.0,890.0,890.0,890.0,0
2024-01-23,890.0,890.0,890.0,890.0,0
2024-01-24,824.2100219726562,840.0,824.2100219726562,840.0,100
2024-01-25,840.0,840.0,840.0,840.0,0
2024-01-26,840.0,840.0,840.0,840.0,0
2024-01-29,840.0,840.0,840.0,840.0,0
2024-01-30,840.0,840.0,840.0,840.0,0
2024-01-31,840.0,840.0,840.0,840.0,0
2024-02-01,840.0,840.0,840.0,840.0,0
2024-02-02,840.0,840.0,840.0,840.0,0
2024-02-05,840.0,840.0,840.0,840.0,0
2024-02-06,810.0,879.0,810.0,879.0,300
2024-02-07,920.0,920.0,920.0,920.0,100
2024-02-08,920.0,920.0,920.0,920.0,0
2024-02-09,920.0,920.0,920.0,920.0,0
2024-02-12,920.0,920.0,920.0,920.0,0
2024-02-13,920.0,920.0,920.0,920.0,0
2024-02-14,920.0,920.0,920.0,920.0,0
2024-02-15,920.0,920.0,920.0,920.0,0
2024-02-16,920.0,920.0,920.0,920.0,0
2024-02-19,920.0,920.0,920.0,920.0,0
2024-02-20,875.0,875.0,870.0,870.0,200
2024-02-21,830.0,830.0,804.9000244140625,820.0,800
2024-02-22,820.0,820.0,820.0,820.0,0
2024-02-23,825.0,825.0,825.0,825.0,200
2024-02-26,775.0999755859375,775.0999755859375,775.0999755859375,775.0999755859375,50
2024-02-27,795.0,795.0,790.0,790.0,100
2024-02-28,750.0999755859375,751.0,740.0,740.0,350
2024-02-29,789.0,795.5,787.0,792.1799926757812,450
2024-03-01,825.0,851.5499877929688,824.5,839.3800048828125,600
2024-03-04,805.0999755859375,880.0,805.0999755859375,880.0,100
2024-03-05,814.0,919.989990234375,814.0,880.0,350
2024-03-06,915.0,915.0,865.0,865.0,200
2024-03-07,865.0,865.0,865.0,865.0,0
2024-03-08,869.0,894.989990234375,811.010009765625,894.989990234375,200
2024-03-11,840.25,840.25,828.010009765625,831.6500244140625,250
2024-03-12,803.0999755859375,844.0,802.0,844.0,200
2024-03-13,844.0,844.0,844.0,844.0,0
2024-03-14,849.0,881.989990234375,849.0,881.989990234375,250
2024-03-15,899.7899780273438,900.0,895.0,895.0,350
2024-03-18,895.0,895.0,895.0,895.0,0
2024-03-19,895.0,895.0,895.0,895.0,0
2024-03-20,895.0,895.0,895.0,895.0,0
2024-03-21,850.0,860.0,830.0,860.0,450
2024-03-22,887.8900146484375,887.8900146484375,887.8900146484375,887.8900146484375,50
2024-03-26,924.0,924.0,924.0,924.0,100
2024-03-27,924.0,924.0,924.0,924.0,100
2024-03-28,924.0,924.0,924.0,924.0,0
2024-03-29,940.0,990.0,940.0,940.0,800
2024-04-01,940.0,940.0,940.0,940.0,0
2024-04-02,974.5,974.5,974.5,974.5,50
2024-04-03,974.5,974.5,974.5,974.5,0
2024-04-04,974.5,974.5,974.5,974.5,0
2024-04-05,974.5,974.5,974.5,974.5,0
2024-04-08,974.5,974.5,974.5,974.5,0
2024-04-09,974.5,974.5,974.5,974.5,0
2024-04-10,974.5,974.5,974.5,974.5,0
2024-04-15,974.5,974.5,974.5,974.5,0
2024-04-16,930.0,944.4400024414062,910.0999755859375,923.0599975585938,850
2024-04-17,923.0599975585938,923.0599975585938,923.0599975585938,923.0599975585938,0
2024-04-18,939.0,939.0,939.0,939.0,50
2024-04-19,939.0,939.0,939.0,939.0,0
2024-04-22,868.5900268554688,949.0,868.5900268554688,939.0,457
2024-04-23,1009.4299926757812,1009.4299926757812,970.0,939.0,8
2024-04-24,1009.0,1009.0,900.0,906.8699951171875,400
2024-04-25,950.0,950.0,840.0,841.4500122070312,301
2024-04-26,900.0,900.0,780.0,864.9299926757812,122
2024-04-29,909.97998046875,909.97998046875,801.0,834.3200073242188,309
2024-04-30,832.0,832.0,820.0,834.3200073242188,34
2024-05-02,834.4000244140625,834.4000244140625,834.4000244140625,834.4000244140625,50
2024-05-03,825.0,876.010009765625,825.0,839.760009765625,351
2024-05-06,839.760009765625,839.760009765625,839.760009765625,839.760009765625,0
2024-05-07,833.0,833.0,832.9000244140625,839.760009765625,4
2024-05-08,834.989990234375,834.989990234375,834.989990234375,839.760009765625,1
2024-05-09,777.010009765625,834.989990234375,777.010009765625,803.5399780273438,223
2024-05-10,835.0,835.0,791.0,833.5700073242188,102
2024-05-13,889.989990234375,889.989990234375,775.0,834.4299926757812,146
2024-05-14,772.0,835.0,772.0,823.7000122070312,39
2024-05-15,885.47998046875,885.47998046875,800.0999755859375,825.3200073242188,97
2024-05-16,775.0999755859375,824.0,775.0999755859375,825.3200073242188,7
2024-05-17,835.0,835.0,775.0999755859375,825.3200073242188,23
2024-05-20,820.0,820.0,783.010009765625,825.3200073242188,2
2024-05-21,787.0,789.0999755859375,787.0,825.3200073242188,11
2024-05-22,764.030029296875,825.3200073242188,764.030029296875,790.2100219726562,55
2024-05-23,790.0,834.989990234375,731.0,782.3800048828125,92
2024-05-24,725.0,834.989990234375,725.0,782.3800048828125,24
2024-05-27,840.0,840.0,720.010009765625,806.969970703125,169
2024-05-28,806.969970703125,806.969970703125,806.969970703125,806.969970703125,0
2024-05-29,820.0,845.0,800.0999755859375,834.3300170898438,63
2024-05-30,805.02001953125,830.0,805.0,805.010009765625,169
2024-05-31,790.0,829.0,790.0,805.1799926757812,72
2024-06-03,840.0,840.0,742.1199951171875,805.1799926757812,25
2024-06-04,806.0,820.0,770.0,805.0999755859375,49
2024-06-05,745.2100219726562,819.97998046875,745.2100219726562,805.0999755859375,3
2024-06-06,839.989990234375,839.989990234375,750.010009765625,804.2899780273438,105
2024-06-07,775.0,850.0,750.0,804.2899780273438,21
2024-06-10,780.0,819.9000244140625,780.0,804.2899780273438,25
2024-06-11,736.3699951171875,804.0,736.3699951171875,804.2899780273438,9
2024-06-12,839.989990234375,839.989990234375,785.0,804.2899780273438,15
2024-06-13,738.0,858.0,738.0,842.8800048828125,111
2024-06-14,804.0,853.97998046875,801.0,804.4000244140625,335
2024-06-20,740.010009765625,844.989990234375,740.010009765625,800.280029296875,151
2024-06-21,835.989990234375,859.989990234375,770.0,810.7000122070312,109
2024-06-24,739.010009765625,819.0,739.010009765625,810.7000122070312,2
2024-06-25,860.0,860.0,750.0,801.2000122070312,177
2024-06-26,819.989990234375,819.989990234375,770.0999755859375,801.2000122070312,18
2024-06-27,810.0,853.97998046875,770.0999755859375,801.2000122070312,26
2024-06-28,850.0,850.0,800.0,836.5,208
2024-07-01,761.219970703125,850.0,761.219970703125,827.2899780273438,173
2024-07-02,827.8499755859375,829.9600219726562,780.010009765625,801.9000244140625,136
2024-07-03,833.7999877929688,833.7999877929688,800.0,802.27001953125,48
2024-07-04,838.989990234375,838.989990234375,778.0999755859375,800.5399780273438,119
2024-07-05,830.0,830.0,730.0,808.010009765625,56
2024-07-08,819.9000244140625,819.9000244140625,771.0,808.010009765625,6
2024-07-09,827.989990234375,827.989990234375,755.2000122070312,785.219970703125,176
2024-07-10,814.989990234375,814.989990234375,780.0999755859375,786.4500122070312,44
2024-07-11,814.0,814.0,730.0999755859375,786.9600219726562,229
2024-07-12,825.989990234375,830.0,765.0,779.3699951171875,94
2024-07-15,813.8900146484375,813.8900146484375,751.010009765625,809.9000244140625,80
2024-07-16,809.9000244140625,809.9000244140625,809.9000244140625,809.9000244140625,0
2024-07-17,809.9000244140625,809.9000244140625,809.9000244140625,809.9000244140625,0
2024-07-18,750.02001953125,815.489990234375,750.02001953125,809.9000244140625,23
2024-07-19,839.97998046875,850.0,733.0999755859375,809.9000244140625,21
2024-07-22,860.0,860.0,729.0,765.8800048828125,566
2024-07-23,799.989990234375,799.989990234375,751.010009765625,765.8800048828125,20
2024-07-24,820.989990234375,820.989990234375,771.030029296875,783.6900024414062,32
2024-07-25,789.989990234375,789.989990234375,752.010009765625,783.6900024414062,28
2024-07-26,850.0,850.0,712.010009765625,791.3800048828125,38
2024-07-29,719.3800048828125,798.989990234375,719.3800048828125,780.4500122070312,175
2024-07-30,825.0,825.0,716.0,819.02001953125,709
2024-07-31,738.0,820.0,738.0,819.02001953125,11
2024-08-01,740.6199951171875,820.0,740.6199951171875,819.02001953125,23
2024-08-02,840.0,840.0,737.1199951171875,780.1799926757812,184
2024-08-05,765.0,779.9400024414062,742.0,780.1799926757812,31
2024-08-06,799.8499755859375,825.0,750.010009765625,785.989990234375,312
2024-08-07,835.8300170898438,835.8300170898438,771.010009765625,773.6199951171875,233
2024-08-08,780.0,839.989990234375,765.010009765625,804.4199829101562,126
2024-08-09,850.0,880.0,800.0,810.0,720
2024-08-12,880.0,880.0,761.1400146484375,780.77001953125,266
2024-08-13,805.989990234375,805.989990234375,766.010009765625,782.77001953125,92
2024-08-15,826.02001953125,830.0,735.010009765625,769.9099731445312,235
2024-08-16,740.010009765625,842.5,740.010009765625,798.75,437
2024-08-19,741.02001953125,834.989990234375,741.02001953125,780.510009765625,285
2024-08-20,740.0,829.989990234375,740.0,796.4400024414062,135
2024-08-21,741.5999755859375,799.0,740.0,779.5599975585938,466
2024-08-22,819.0,819.0,750.0,768.6699829101562,927
2024-08-23,750.0,768.2000122070312,741.0,749.6599731445312,796
2024-08-26,720.010009765625,780.0,700.010009765625,733.2100219726562,251
2024-08-27,685.010009765625,779.0,685.010009765625,728.4400024414062,41
2024-08-28,770.0,770.0,715.02001953125,719.5,594
2024-08-29,759.0,760.0,701.0,759.02001953125,81
2024-08-30,728.010009765625,750.0,728.010009765625,749.489990234375,66
2024-09-02,730.0,760.0,711.0,742.8099975585938,39
2024-09-03,700.010009765625,817.0,700.010009765625,763.3599853515625,58
2024-09-04,800.0,800.0,720.0499877929688,761.3900146484375,266
2024-09-05,799.0,799.0,720.010009765625,751.260009765625,238
2024-09-06,725.010009765625,769.0,725.010009765625,737.7100219726562,256
2024-09-09,760.0,760.0,725.02001953125,738.8800048828125,109
2024-09-10,770.0,770.0,720.010009765625,737.4500122070312,135
2024-09-11,775.0,775.0,721.030029296875,730.4000244140625,96
2024-09-12,763.8699951171875,763.8699951171875,710.0499877929688,736.6400146484375,88
2024-09-13,769.0,769.0,711.010009765625,733.4199829101562,176
2024-09-16,759.0,759.0,731.0,731.75,61
2024-09-17,731.75,731.75,731.75,731.75,0
2024-09-18,759.0,804.9299926757812,711.02001953125,762.27001953125,494
2024-09-19,711.02001953125,811.0,711.02001953125,746.969970703125,190
2024-09-20,780.0,780.0,700.02001953125,739.6199951171875,269
2024-09-23,762.0,762.0,712.0,741.3200073242188,118
2024-09-24,668.0,789.0,668.0,741.1199951171875,251
2024-09-25,691.02001953125,779.0,691.02001953125,732.0499877929688,49
2024-09-26,662.02001953125,769.0,662.02001953125,745.280029296875,84
2024-09-27,672.02001953125,748.0,672.02001953125,728.3300170898438,67
2024-09-30,749.989990234375,749.989990234375,683.1699829101562,728.3300170898438,25
2024-10-01,675.02001953125,739.0,675.02001953125,722.989990234375,38
2024-10-02,735.0,737.5,685.0,724.7100219726562,54
2024-10-03,685.25,750.0,685.25,723.2999877929688,229
2024-10-04,773.0,773.0,713.010009765625,725.0900268554688,176
2024-10-07,656.1099853515625,742.0,656.1099853515625,718.0,206
2024-10-08,690.0,738.3599853515625,690.0,729.5599975585938,90
2024-10-09,729.5599975585938,729.5599975585938,729.5599975585938,729.5599975585938,0
2024-10-10,749.0,749.0,710.010009765625,722.3099975585938,130
2024-10-11,738.0,749.0,651.0,714.97998046875,82
2024-10-14,735.0,749.989990234375,715.010009765625,724.1500244140625,78
2024-10-15,652.0,749.0,652.0,725.239990234375,175
2024-10-16,715.25,749.8800048828125,710.010009765625,720.6900024414062,73
2024-10-17,749.989990234375,749.989990234375,710.02001953125,728.989990234375,81
2024-10-18,705.02001953125,747.0,700.0,727.489990234375,70
2024-10-21,743.989990234375,752.0,715.1900024414062,750.3900146484375,158
2024-10-22,725.4000244140625,820.0,725.4000244140625,744.0999755859375,82
2024-10-23,817.0,817.0,730.030029296875,747.27001953125,90
2024-10-24,750.0,770.0,740.0,747.6300048828125,101
2024-10-25,673.02001953125,750.0,673.02001953125,745.3200073242188,71
2024-10-28,690.0499877929688,750.0,690.0499877929688,745.3200073242188,27
2024-10-29,671.010009765625,767.0,671.010009765625,732.3099975585938,248
2024-10-30,749.1199951171875,749.1199951171875,706.0,715.8800048828125,203
2024-10-31,697.0,744.0,697.0,729.5,66
2024-11-01,691.0,750.0,691.0,729.969970703125,37
2024-11-04,710.010009765625,748.0,710.010009765625,726.969970703125,165
2024-11-05,740.0,740.1199951171875,701.2000122070312,733.6799926757812,46
2024-11-06,750.0,750.0,700.1900024414062,718.3499755859375,59
2024-11-07,695.0,760.0,695.0,734.3900146484375,119
2024-11-08,710.010009765625,807.0,710.010009765625,739.2000122070312,106
2024-11-11,761.0,761.0,720.1199951171875,732.5599975585938,45
2024-11-12,750.0,750.0,710.0999755859375,729.1900024414062,111
2024-11-13,715.010009765625,758.0,715.010009765625,739.3599853515625,111
2024-11-14,675.0,749.989990234375,675.0,740.8200073242188,57
2024-11-15,680.1500244140625,813.0,680.1500244140625,748.75,168
2024-11-18,794.0,823.6300048828125,725.030029296875,808.510009765625,1792
2024-11-19,847.8599853515625,875.0,798.0,847.3900146484375,1128
2024-11-20,846.0,846.0,786.5599975585938,802.6699829101562,380
2024-11-21,825.0,882.9400024414062,802.6699829101562,882.8400268554688,1748
2024-11-22,882.8400268554688,939.0,845.0,895.3599853515625,110
2024-11-25,895.3599853515625,984.7000122070312,806.02001953125,941.469970703125,477
2024-11-26,998.0,1025.0,847.3200073242188,878.010009765625,2730
2024-11-27,878.0,890.0,792.0,827.719970703125,3089
2024-11-28,795.0999755859375,859.989990234375,795.0999755859375,835.8300170898438,1514
2024-11-29,881.9000244140625,881.9000244140625,816.0700073242188,825.3200073242188,286
2024-12-02,825.3200073242188,825.3200073242188,801.0900268554688,816.8900146484375,472
2024-12-03,830.989990234375,830.989990234375,803.0,826.6900024414062,63
2024-12-04,820.0,831.97998046875,804.010009765625,806.8800048828125,719
2024-12-05,806.8800048828125,830.0,800.010009765625,824.8400268554688,58
2024-12-06,828.0,829.0,768.0,822.6799926757812,271
2024-12-09,840.0,840.0,772.0,807.5599975585938,150
2024-12-10,837.9000244140625,837.9000244140625,775.010009765625,816.0700073242188,536
2024-12-11,791.0,869.0,791.0,812.5900268554688,230
2024-12-12,832.0,832.0,803.0,807.3400268554688,145
2024-12-13,832.0,874.0,790.0,818.8200073242188,190
2024-12-16,800.0,825.5999755859375,798.0,812.3599853515625,626
2024-12-17,826.0,835.0,788.0,804.6300048828125,418
2024-12-18,737.0,846.0,737.0,798.6199951171875,641
2024-12-19,839.989990234375,839.989990234375,743.0,791.760009765625,504
2024-12-20,718.0,849.97998046875,718.0,774.3400268554688,576
2024-12-23,830.989990234375,830.989990234375,740.0,758.8499755859375,145
2024-12-24,809.97998046875,809.97998046875,760.0599975585938,779.7999877929688,212
2024-12-26,804.0,804.0,760.010009765625,781.5,84
2024-12-27,800.0,859.0,760.0,777.4099731445312,568
2024-12-30,772.0,795.0,772.0,776.3300170898438,269
2024-12-31,765.0,844.0,765.0,797.8099975585938,271
2025-01-01,797.8099975585938,797.8099975585938,797.8099975585938,797.8099975585938,0
2025-01-02,777.3300170898438,845.0,777.3300170898438,821.7000122070312,652
2025-01-03,780.0,858.989990234375,780.0,844.4600219726562,1146
2025-01-06,810.0,899.0,810.0,840.6199951171875,1197
2025-01-07,909.0,909.0,830.02001953125,855.6799926757812,237
2025-01-08,908.9000244140625,909.0,831.2000122070312,849.7999877929688,402
2025-01-09,765.0,865.0,765.0,851.8699951171875,184
2025-01-10,767.3300170898438,900.0,767.3300170898438,856.989990234375,118
2025-01-13,879.0,879.0,850.0,850.0,181
2025-01-14,874.0,874.0,765.5,859.0599975585938,392
2025-01-15,820.0,909.7999877929688,820.0,885.1599731445312,599
2025-01-16,919.989990234375,932.0,852.0,894.27001953125,297
2025-01-17,852.0,979.0,852.0,937.739990234375,645
2025-01-20,890.0,998.0,890.0,951.1099853515625,534
2025-01-21,910.3300170898438,981.0,910.3300170898438,940.0,220
2025-01-22,978.9500122070312,978.9500122070312,902.0,908.0900268554688,143
2025-01-23,900.0,924.989990234375,900.0,904.27001953125,112
2025-01-24,820.010009765625,975.0,820.010009765625,928.97998046875,660
2025-01-27,980.0,980.0,900.02001953125,922.6500244140625,52
2025-01-28,915.3599853515625,945.0,895.0,932.0900268554688,213
2025-01-29,860.0,954.5,860.0,941.77001953125,484
2025-01-30,974.0499877929688,974.0499877929688,865.02001953125,953.6099853515625,327
2025-01-31,859.02001953125,998.0,859.02001953125,983.8900146484375,961
2025-02-03,891.3300170898438,988.8800048828125,891.3300170898438,951.4500122070312,73
2025-02-04,892.010009765625,983.989990234375,892.010009765625,977.52001953125,107
2025-02-06,945.6799926757812,979.2000122070312,930.0,946.280029296875,502
2025-02-07,977.3599853515625,1008.0,909.5599975585938,964.0399780273438,77
2025-02-10,883.0,1010.0,883.0,960.8400268554688,239
2025-02-11,868.8599853515625,975.0,868.8599853515625,951.7000122070312,275
2025-02-12,930.010009765625,970.0,930.010009765625,960.5900268554688,256
2025-02-13,950.02001953125,1049.989990234375,950.02001953125,1025.0999755859375,1789
2025-02-14,1000.0,1124.0,1000.0,1058.949951171875,558
2025-02-17,1098.5,1098.5,975.5,1063.77001953125,50
2025-02-18,1089.0,1089.0,1033.5,1051.5799560546875,80
2025-02-19,1089.800048828125,1089.800048828125,955.010009765625,1046.6099853515625,69
2025-02-20,1000.010009765625,1093.989990234375,1000.010009765625,1071.550048828125,84
2025-02-21,1083.0,1083.0,1026.8599853515625,1071.550048828125,12
2025-02-24,1001.5599975585938,1175.0,1000.0,1105.3800048828125,1260
2025-02-25,1071.0,1121.989990234375,1071.0,1080.2099609375,57
2025-02-26,1144.5,1144.5,1036.8599853515625,1080.2099609375,33
2025-02-27,1115.0,1115.0,1050.02001953125,1099.780029296875,68
2025-02-28,1050.0,1109.989990234375,1000.0,1049.2900390625,271
2025-03-03,1153.0,1153.0,1010.0,1040.239990234375,33
2025-03-04,1099.97998046875,1099.97998046875,1030.010009765625,1043.8399658203125,59
2025-03-05,1084.9000244140625,1084.9000244140625,1042.5899658203125,1055.8900146484375,37
2025-03-06,1099.9000244140625,1099.9000244140625,1040.030029296875,1054.0,35
2025-03-07,1084.9000244140625,1084.9000244140625,1030.0,1051.530029296875,25
2025-03-10,1040.0,1077.969970703125,1004.0499877929688,1043.3900146484375,56
2025-03-11,1012.5599975585938,1055.989990234375,1012.5599975585938,1038.530029296875,37
2025-03-12,1022.0,1053.9000244140625,1020.02001953125,1039.489990234375,101
2025-03-13,1020.010009765625,1077.969970703125,941.0,1040.0899658203125,317
2025-03-14,1031.6099853515625,1071.0,1031.6099853515625,1040.0899658203125,7
2025-03-17,1001.0,1063.0,1001.0,1040.0899658203125,17
2025-03-18,1022.5599975585938,1071.0,1022.5599975585938,1060.3800048828125,64
2025-03-19,1030.0,1080.0,1030.0,1045.43994140625,54
2025-03-20,1032.0999755859375,1071.949951171875,1032.0999755859375,1045.43994140625,15
2025-03-21,1031.010009765625,1061.0,1031.0,1049.010009765625,1628
2025-03-24,1033.02001953125,1060.8900146484375,944.1099853515625,1030.81005859375,197
2025-03-25,950.010009765625,1050.0,950.010009765625,1030.81005859375,19
2025-03-26,1060.0,1060.0,1021.5599975585938,1030.81005859375,3
2025-03-27,1020.0,1032.0,1020.0,1030.81005859375,5
2025-03-28,1030.81005859375,1030.81005859375,1030.81005859375,1030.81005859375,0
2025-03-31,1030.81005859375,1030.81005859375,1030.81005859375,1030.81005859375,0
2025-04-03,1020.010009765625,1055.0,1000.0,1030.81005859375,29
2025-04-04,1030.81005859375,1039.989990234375,1002.6599731445312,1030.81005859375,6
2025-04-07,955.0,1049.0,955.0,1030.81005859375,10
2025-04-08,950.02001953125,1055.0,950.02001953125,1030.81005859375,6
2025-04-09,951.0,1022.0,951.0,1030.81005859375,11
2025-04-10,991.010009765625,1030.0,991.010009765625,1030.81005859375,15
2025-04-11,1000.5,1074.0,951.0,997.0599975585938,1569
2025-04-14,910.02001953125,1004.9299926757812,910.02001953125,1003.0900268554688,378
2025-04-15,951.0700073242188,1004.7000122070312,951.0700073242188,1002.8599853515625,27
2025-04-16,960.1099853515625,1025.0,960.1099853515625,998.4400024414062,27
2025-04-17,920.010009765625,1059.989990234375,920.010009765625,998.4400024414062,8
2025-04-18,902.02001953125,1000.7000122070312,902.02001953125,993.0,768
2025-04-21,1022.0,1022.0,970.0,1017.1900024414062,187
2025-04-22,1059.0,1059.0,951.02001953125,1004.6699829101562,149
2025-04-23,904.219970703125,1090.0,904.219970703125,995.7899780273438,52
2025-04-24,981.5599975585938,1017.0,922.5599975585938,968.8200073242188,61
2025-04-25,995.0,996.969970703125,901.1099853515625,953.739990234375,71
2025-04-28,950.010009765625,980.0,931.010009765625,953.739990234375,13
2025-04-29,910.010009765625,994.7000122070312,910.010009765625,961.3699951171875,57
2025-04-30,926.6799926757812,964.989990234375,926.6799926757812,957.030029296875,48
2025-05-02,912.02001953125,1032.97998046875,912.02001953125,942.3400268554688,42
2025-05-05,850.02001953125,975.0,850.02001953125,941.3900146484375,31
2025-05-06,854.0,943.9500122070312,854.0,941.3900146484375,21
2025-05-07,860.010009765625,988.0,860.010009765625,941.3900146484375,25
2025-05-08,850.030029296875,1019.989990234375,850.030029296875,915.4199829101562,36
2025-05-09,824.0,915.0,824.0,880.9500122070312,116
2025-05-12,911.2000122070312,923.5,900.1099853515625,922.3200073242188,109
2025-05-13,923.5900268554688,955.0,923.5900268554688,922.3200073242188,21
2025-05-14,923.6099853515625,923.6099853515625,902.0,922.3200073242188,18
2025-05-15,949.97998046875,1000.0,920.0,986.489990234375,126
2025-05-16,949.989990234375,970.0,902.25,936.010009765625,145
2025-05-19,930.02001953125,949.0,930.010009765625,932.0,509
2025-05-20,920.010009765625,937.2100219726562,920.010009765625,932.0,9
2025-05-21,950.0,954.9000244140625,903.8599853515625,948.8699951171875,288
2025-05-22,911.8599853515625,952.0,860.0,922.969970703125,32
2025-05-23,950.989990234375,950.989990234375,831.0,948.7000122070312,121
2025-05-26,948.7000122070312,1043.5699462890625,910.1099853515625,1024.5699462890625,687
2025-05-27,1039.989990234375,1039.989990234375,922.1099853515625,988.739990234375,178
2025-05-28,988.739990234375,988.739990234375,988.739990234375,988.739990234375,0
2025-05-29,1030.0,1050.0,963.0,966.2000122070312,165
2025-05-30,930.0,1022.0,880.0,985.5499877929688,611
2025-06-02,888.0599975585938,1033.0,887.0,955.0,257
2025-06-03,1010.0,1010.0,956.010009765625,993.5700073242188,634
2025-06-04,901.3300170898438,1009.989990234375,901.3300170898438,975.7100219726562,131
2025-06-05,1009.9400024414062,1009.9400024414062,910.8699951171875,969.4000244140625,26
2025-06-06,969.4000244140625,969.4000244140625,969.4000244140625,969.4000244140625,0
2025-06-09,969.4000244140625,969.4000244140625,969.4000244140625,969.4000244140625,0
2025-06-10,891.0,1008.989990234375,891.0,969.4000244140625,21
2025-06-11,999.969970703125,999.969970703125,956.6799926757812,964.4299926757812,215
2025-06-12,880.0,1060.8699951171875,880.0,986.3400268554688,1130
2025-06-13,910.010009765625,980.0,910.010009765625,956.4000244140625,134
2025-06-16,956.4000244140625,956.4000244140625,956.4000244140625,956.4000244140625,0
2025-06-17,969.739990234375,1009.0499877929688,900.030029296875,969.72998046875,97
2025-06-18,998.5,1065.0,950.010009765625,988.0399780273438,720
2025-06-19,989.989990234375,1008.7899780273438,965.3400268554688,988.52001953125,48
2025-06-20,1039.949951171875,1039.949951171875,890.0,941.1099853515625,126298
2025-06-23,905.0,949.97998046875,851.0999755859375,871.0,111
2025-06-24,890.0,933.0,801.0,926.4099731445312,158
2025-06-25,887.0,948.9299926757812,887.0,926.4099731445312,19
2025-06-26,995.0499877929688,995.0499877929688,833.77001953125,849.030029296875,1753
2025-06-27,888.760009765625,888.760009765625,764.1300048828125,778.530029296875,10633
2025-06-30,782.0,850.0,780.0,829.9500122070312,4275
2025-07-01,890.0,892.0,834.0900268554688,872.22998046875,531
2025-07-02,891.989990234375,900.0,854.0,881.1900024414062,209
2025-07-03,889.7899780273438,889.7899780273438,870.989990234375,879.3200073242188,73
2025-07-04,889.97998046875,949.0,865.0,878.3300170898438,413
2025-07-07,899.9600219726562,899.9600219726562,875.010009765625,878.989990234375,227
2025-07-08,897.97998046875,897.989990234375,810.3300170898438,877.8499755859375,278
2025-07-09,833.8599853515625,879.989990234375,819.989990234375,833.5700073242188,872
2025-07-10,869.9600219726562,869.9600219726562,760.0,789.02001953125,7060
2025-07-11,800.010009765625,844.0,762.0,782.72998046875,14679
2025-07-14,837.0,840.0,810.3300170898438,830.6900024414062,1209
2025-07-15,913.760009765625,913.760009765625,913.0,913.760009765625,13668
2025-07-16,1005.1400146484375,1005.1400146484375,1005.1400146484375,1005.1400146484375,2371
2025-07-17,1105.6500244140625,1105.6500244140625,1105.6500244140625,1105.6500244140625,313
2025-07-18,1216.219970703125,1216.219970703125,1190.0,1216.219970703125,8467
2025-07-21,1337.5,1337.5,1140.989990234375,1214.6400146484375,11242
2025-07-22,1141.010009765625,1189.97998046875,1093.1800537109375,1097.219970703125,5274
2025-07-23,1097.219970703125,1118.5,1001.0,1093.780029296875,3372
2025-07-24,1096.989990234375,1097.0,1050.030029296875,1084.3900146484375,1081
2025-07-25,1084.699951171875,1105.0,1051.25,1052.47998046875,1323
2025-07-28,1055.0,1055.0,1003.030029296875,1021.02001953125,1224
2025-07-29,1049.97998046875,1049.97998046875,922.0,957.719970703125,1400
2025-07-30,928.0,1022.989990234375,928.0,978.989990234375,1284
2025-07-31,980.010009765625,1022.9500122070312,980.0,1015.010009765625,1365
2025-08-01,1015.0,1019.989990234375,957.7999877929688,990.47998046875,440
2025-08-04,958.1199951171875,1089.530029296875,958.1099853515625,973.7000122070312,4774
2025-08-05,973.7000122070312,973.7000122070312,958.25,971.0499877929688,330
2025-08-06,987.2000122070312,999.0,960.7999877929688,983.0,190
2025-08-07,968.0499877929688,1018.9500122070312,968.0499877929688,988.719970703125,769
2025-08-08,1013.7999877929688,1013.7999877929688,950.0,961.5399780273438,1539
2025-08-11,970.0,974.989990234375,925.0,926.9099731445312,1360
2025-08-12,965.0,965.0,928.010009765625,962.5800170898438,377
2025-08-13,962.5900268554688,962.5900268554688,938.0,952.6799926757812,408
2025-08-15,942.6799926757812,980.0,940.010009765625,958.4299926757812,68
2025-08-18,942.2000122070312,967.989990234375,942.2000122070312,958.469970703125,266
2025-08-19,967.8900146484375,967.8900146484375,886.0,937.1199951171875,1380
2025-08-20,891.0,950.0,891.0,925.1300048828125,374
2025-08-21,921.010009765625,928.97998046875,900.0,901.8300170898438,537
2025-08-22,926.7999877929688,930.0,904.0,919.9099731445312,91
2025-08-25,899.0,969.0,899.0,922.0,830
2025-08-26,922.010009765625,928.97998046875,906.0,913.010009765625,445
2025-08-27,934.989990234375,934.989990234375,907.0,923.6500244140625,223
2025-08-28,911.010009765625,925.0,911.010009765625,921.97998046875,141
2025-08-29,911.030029296875,950.0,888.0,931.9299926757812,375
2025-09-01,933.0,947.0,915.0,940.530029296875,437
2025-09-02,915.5,942.989990234375,915.5,929.4400024414062,178
2025-09-03,919.0,955.989990234375,919.0,932.47998046875,158
2025-09-04,931.0,969.0,931.0,934.010009765625,350
2025-09-05,952.9400024414062,952.9500122070312,926.030029296875,931.0,672
2025-09-08,939.97998046875,968.0,939.97998046875,945.030029296875,914
2025-09-09,941.0,965.0,940.0,948.8300170898438,350
2025-09-10,963.0,965.0,921.0,945.7000122070312,411
2025-09-11,931.2000122070312,947.0,931.0499877929688,941.1500244140625,195
2025-09-12,941.1500244140625,955.0,931.1500244140625,942.2100219726562,64
2025-09-15,931.219970703125,953.0,931.1500244140625,946.0599975585938,141
2025-09-16,950.0,953.0,940.0,946.3800048828125,182
2025-09-17,940.030029296875,955.0,933.010009765625,936.97998046875,206
2025-09-18,948.989990234375,953.0,937.030029296875,945.4099731445312,212
2025-09-19,938.010009765625,955.0,938.010009765625,943.4500122070312,112
2025-09-22,940.510009765625,952.9000244140625,940.510009765625,946.9299926757812,37
2025-09-23,946.9299926757812,946.9299926757812,946.9299926757812,946.9299926757812,0
2025-09-24,963.3300170898438,963.3300170898438,940.5,957.97998046875,20
2025-09-25,941.010009765625,977.0,940.5,954.719970703125,492
2025-09-26,941.0599975585938,941.0599975585938,940.5,954.719970703125,10
2025-09-29,940.5,963.7999877929688,940.5,959.8599853515625,254
2025-09-30,950.0,965.2999877929688,943.3099975585938,949.7899780273438,646
2025-10-01,963.8900146484375,963.97998046875,942.5,948.5599975585938,164
2025-10-02,959.5499877929688,959.5499877929688,943.1099853515625,948.010009765625,32
2025-10-03,943.0,995.0,943.0,949.6799926757812,1313
2025-10-06,964.9000244140625,964.9000244140625,942.0,946.0,219
2025-10-07,946.0,946.0,946.0,946.0,0
2025-10-08,911.010009765625,999.0,901.0,927.219970703125,2535
2025-10-09,950.0,1019.9400024414062,931.0,986.7100219726562,200993
2025-10-10,980.0,1050.0,888.0399780273438,889.5399780273438,67853
2025-10-13,909.989990234375,919.9299926757812,800.5900268554688,810.3300170898438,26575
2025-10-14,891.3599853515625,891.3599853515625,891.3599853515625,891.3599853515625,6311
2025-10-15,980.5,980.5,980.5,980.5,5575
2025-10-16,1078.550048828125,1078.550048828125,990.0,1017.72998046875,25357
2025-10-17,1020.0,1040.0,990.0,1022.3499755859375,1724
2025-10-20,1029.989990234375,1124.5899658203125,1025.0,1124.5899658203125,16053
2025-10-21,1128.8399658203125,1160.0,1081.0,1122.5899658203125,6162
2025-10-22,1135.0,1135.0,1085.02001953125,1124.4200439453125,1427
2025-10-23,1128.989990234375,1235.0,1110.1500244140625,1123.760009765625,12577
2025-10-24,1144.8399658203125,1179.0,1080.0,1133.1700439453125,705
2025-10-27,1174.97998046875,1174.97998046875,1085.010009765625,1124.6800537109375,1539
2025-10-28,1110.699951171875,1220.0,1110.5899658203125,1143.6300048828125,8484
2025-10-29,1120.989990234375,1175.0,1105.0,1131.3599853515625,1128
2025-10-30,1122.6800537109375,1135.0,1100.0,1124.010009765625,1063
2025-10-31,1132.989990234375,1150.0,1100.0,1134.68994140625,1139
2025-11-03,1164.0,1230.0,1159.989990234375,1201.5,5521
2025-11-04,1250.0,1321.6500244140625,1201.0,1317.1099853515625,17685
2025-11-05,1326.6400146484375,1410.0,1317.1099853515625,1384.489990234375,5208
2025-11-06,1440.0,1522.489990234375,1400.0,1517.9100341796875,8140
2025-11-07,1532.0,1635.0,1435.0,1463.75,11102
2025-11-10,1498.0,1498.0,1352.0,1374.300048828125,2790
2025-11-11,1301.199951171875,1400.0,1250.0,1294.9300537109375,5676
2025-11-12,1325.97998046875,1424.4200439453125,1265.0,1382.9300537109375,5219
2025-11-13,1410.0,1460.0,1370.0,1422.8900146484375,1397
2025-11-14,1405.010009765625,1520.0,1405.0,1490.0999755859375,498
2025-11-17,1499.0,1540.0,1460.0,1469.0799560546875,1436
2025-11-18,1500.0,1500.0,1425.0,1487.6600341796875,857
2025-11-19,1487.6600341796875,1498.989990234375,1390.0,1419.5799560546875,962
2025-11-20,1450.0,1454.0999755859375,1410.010009765625,1438.0,128
2025-11-21,1458.0,1458.0,1392.010009765625,1400.27001953125,546
2025-11-24,1434.989990234375,1434.989990234375,1366.0,1384.3900146484375,352
2025-11-25,1370.010009765625,1409.8399658203125,1350.0,1361.719970703125,1519
2025-11-26,1341.010009765625,1389.949951171875,1226.0,1281.52001953125,920
2025-11-27,1325.0,1345.0,1283.010009765625,1333.9300537109375,804
2025-11-28,1301.010009765625,1375.5,1271.1099853515625,1350.0,1651
2025-12-01,1325.010009765625,1400.0,1325.010009765625,1399.06005859375,986
2025-12-02,1399.1300048828125,1450.0,1350.199951171875,1427.780029296875,1281
2025-12-03,1421.010009765625,1459.0,1380.0,1427.050048828125,991
2025-12-04,1427.050048828125,1427.050048828125,1300.0,1331.5,2164
2025-12-05,1340.0,1400.0,1320.0,1388.06005859375,450
2025-12-08,1404.0,1405.0,1371.1099853515625,1399.52001953125,1645
2025-12-09,1371.010009765625,1400.0,1371.010009765625,1397.280029296875,204
2025-12-10,1400.0,1400.0,1371.010009765625,1399.27001953125,239
2025-12-11,1375.010009765625,1399.0,1280.0,1318.050048828125,1182
2025-12-12,1320.0,1354.9000244140625,1318.050048828125,1349.8199462890625,321
2025-12-15,1346.989990234375,1362.0,1320.010009765625,1348.1800537109375,104
2025-12-16,1331.5799560546875,1362.0,1330.0,1342.8299560546875,579
2025-12-17,1318.02001953125,1360.0,1290.010009765625,1334.0799560546875,1847
2025-12-18,1305.010009765625,1345.0,1305.010009765625,1317.02001953125,218
2025-12-19,1339.949951171875,1339.949951171875,1280.0,1300.0,312
2025-12-22,1300.0,1319.0,1275.0,1300.0799560546875,188
2025-12-23,1286.010009765625,1317.949951171875,1271.010009765625,1282.300048828125,150
2025-12-24,1315.949951171875,1315.949951171875,1262.8900146484375,1287.550048828125,213
2025-12-26,1270.010009765625,1307.1500244140625,1262.9599609375,1275.6500244140625,544
2025-12-29,1261.449951171875,1403.219970703125,1210.0,1260.1300048828125,3729
2025-12-30,1292.9000244140625,1299.0,1252.81005859375,1276.010009765625,308
2025-12-31,1276.010009765625,1296.949951171875,1200.0,1240.1400146484375,1385
2026-01-01,1240.1400146484375,1240.1400146484375,1240.1400146484375,1240.1400146484375,0
2026-01-02,1227.02001953125,1254.0,1227.02001953125,1237.0,213
2026-01-05,1249.949951171875,1249.949951171875,1191.0,1203.0799560546875,1425
2026-01-06,1203.1600341796875,1224.949951171875,1101.22998046875,1136.6300048828125,3564
2026-01-07,1137.0,1173.0,1045.0,1074.050048828125,5210
2026-01-08,1129.949951171875,1129.949951171875,1052.0,1057.0899658203125,4017
2026-01-09,1088.949951171875,1089.0,1016.010009765625,1045.5799560546875,1979
2026-01-12,1045.5799560546875,1064.8800048828125,1010.010009765625,1021.6099853515625,546
2026-01-13,1039.949951171875,1099.0,1015.0,1057.739990234375,1024
2026-01-14,1060.010009765625,1083.949951171875,1027.530029296875,1030.6199951171875,1184
2026-01-15,1057.949951171875,1057.949951171875,975.0,998.3900146484375,2680
2026-01-16,1010.0,1025.0,990.0,992.219970703125,3229
2026-01-19,1001.0,1020.0,990.0,1001.7000122070312,2676
2026-01-20,1000.5499877929688,1015.0,1000.0,1003.02001953125,516
2026-01-21,1018.8499755859375,1018.8499755859375,990.030029296875,1000.0,825
2026-01-22,1000.02001953125,1000.02001953125,980.0,984.9000244140625,936
2026-01-23,1010.0,1040.0,980.0,989.2100219726562,2137
2026-01-26,1008.9500122070312,1009.0,951.530029296875,967.1500244140625,307
2026-01-27,1009.9500122070312,1009.9500122070312,965.0,987.4500122070312,552
2026-01-28,995.0,995.0,950.0,987.1500244140625,349
2026-01-29,1009.9500122070312,1009.9500122070312,966.5499877929688,971.9500122070312,387
2026-01-30,994.8499755859375,994.8499755859375,970.010009765625,976.0499877929688,115
2026-02-02,989.9500122070312,1073.6600341796875,950.0,977.8400268554688,12717
2026-02-03,950.0,998.97998046875,935.0,967.6699829101562,1448
2026-02-04,960.0,994.9500122070312,952.010009765625,966.1799926757812,193
2026-02-06,950.0,979.9500122070312,935.02001953125,957.489990234375,338
2026-02-09,979.9500122070312,979.9500122070312,932.0,936.010009765625,366
2026-02-10,925.02001953125,978.8499755859375,925.02001953125,959.9199829101562,81
2026-02-11,964.8800048828125,968.989990234375,935.75,946.9199829101562,307
2026-02-12,935.02001953125,984.97998046875,935.02001953125,962.8699951171875,149
2026-02-13,993.9500122070312,993.9500122070312,935.0,942.760009765625,92
2026-02-16,977.9500122070312,977.9500122070312,936.010009765625,943.52001953125,236
2026-02-17,960.0,960.0,935.02001953125,941.5,57
2026-02-18,959.9500122070312,959.9500122070312,935.010009765625,950.0,99
2026-02-19,955.0,955.0,938.0,942.3499755859375,132
2026-02-20,938.5,938.5,885.0999755859375,899.1599731445312,352
2026-02-23,885.010009765625,929.9500122070312,885.010009765625,890.969970703125,135
2026-02-24,929.9500122070312,929.9500122070312,885.0,890.969970703125,26
2026-02-25,924.4500122070312,924.4500122070312,885.0,890.969970703125,27
2026-02-26,929.7999877929688,929.7999877929688,840.010009765625,892.3300170898438,51
2026-02-27,914.8499755859375,914.8499755859375,885.010009765625,892.3300170898438,18
2026-03-02,891.989990234375,969.989990234375,803.0999755859375,840.25,561
2026-03-03,800.0499877929688,844.989990234375,800.0,820.0399780273438,323
2026-03-04,834.9500122070312,835.0,800.0,802.1099853515625,231
2026-03-05,830.0,882.3200073242188,799.0,853.4199829101562,1025
2026-03-06,889.8699951171875,910.0,800.0,873.8200073242188,671
2026-03-09,873.8200073242188,873.8200073242188,815.0,854.77001953125,49
2026-03-10,825.010009765625,878.9500122070312,825.010009765625,877.4299926757812,166
2026-03-11,826.0,869.969970703125,826.0,847.4500122070312,489
2026-03-12,909.1099853515625,909.1099853515625,825.0,847.219970703125,719
2026-03-13,877.0,930.0,825.02001953125,891.8300170898438,1690
2026-03-16,835.010009765625,891.8300170898438,835.010009765625,852.6199951171875,1352
2026-03-17,828.010009765625,885.0,828.010009765625,854.8099975585938,447
2026-03-18,879.97998046875,885.0,854.8499755859375,858.52001953125,283
2026-03-19,850.0,879.9000244140625,810.0,851.1699829101562,349
2026-03-20,851.1699829101562,851.1699829101562,851.1699829101562,851.1699829101562,0
2026-03-23,851.1699829101562,851.1699829101562,851.1699829101562,851.1699829101562,0
2026-03-24,851.0,851.0,832.5599975585938,842.8599853515625,95
2026-03-25,831.02001953125,859.9500122070312,831.0,847.030029296875,216
2026-03-26,847.0599975585938,864.9000244140625,832.5900268554688,839.4299926757812,148
2026-03-27,852.0,852.0,801.0,815.4099731445312,122
2026-03-30,829.6900024414062,839.0,801.5999755859375,815.4099731445312,29
2026-03-31,839.0,840.0,802.02001953125,832.489990234375,127
2026-04-01,853.9199829101562,860.0,831.5599975585938,847.9400024414062,375
2026-04-02,841.989990234375,850.0,826.030029296875,845.2999877929688,544
2026-04-03,802.010009765625,844.1099853515625,802.010009765625,826.010009765625,77
2026-04-06,828.0,842.0,828.0,829.0,524
2026-04-07,800.010009765625,846.0,800.010009765625,845.530029296875,138
2026-04-08,868.9500122070312,925.0,826.010009765625,868.6400146484375,264
2026-04-09,855.1400146484375,867.8400268554688,830.0,859.3099975585938,102
2026-04-10,836.02001953125,860.0,836.0,851.75,203
2026-04-13,826.5800170898438,865.0,826.5800170898438,851.75,27
2026-04-14,854.8900146484375,855.0,831.510009765625,841.510009765625,61
2026-04-15,861.9500122070312,862.0,811.0,849.7000122070312,2994
2026-04-16,823.010009765625,849.9500122070312,823.010009765625,847.8200073242188,112
2026-04-17,850.0,865.8900146484375,830.0,846.9000244140625,1090
2026-04-20,840.0,858.9500122070312,836.010009765625,842.3300170898438,1997
2026-04-21,859.9500122070312,860.0,836.02001953125,857.030029296875,1223
2026-04-22,868.0,868.0,837.02001953125,864.9000244140625,267
2026-04-23,927.0,927.0,839.0499877929688,855.3400268554688,204
2026-04-24,884.9500122070312,884.9500122070312,841.0,868.1099853515625,209
2026-04-27,847.0,879.9000244140625,847.0,860.5700073242188,222
2026-04-28,879.9500122070312,879.9500122070312,830.0,852.6199951171875,209
2026-04-29,852.6199951171875,852.6199951171875,852.6199951171875,852.6199951171875,0
2026-04-30,831.010009765625,855.0,831.010009765625,850.010009765625,1079
2026-05-04,879.9500122070312,880.0,831.02001953125,843.739990234375,158
2026-05-05,869.9500122070312,869.9500122070312,830.010009765625,858.4500122070312,76
2026-05-06,875.2000122070312,875.2000122070312,832.010009765625,851.1199951171875,307
2026-05-07,879.9500122070312,879.9500122070312,852.02001953125,856.0800170898438,154
2026-05-08,840.0,879.0,840.0,861.0700073242188,196
2026-05-11,840.5800170898438,879.9500122070312,840.5800170898438,857.22998046875,64
2026-05-12,845.010009765625,860.9500122070312,845.010009765625,858.77001953125,105
2026-05-13,845.1199951171875,880.0,845.1199951171875,865.6799926757812,136
2026-05-14,879.9500122070312,879.9500122070312,846.0499877929688,860.0900268554688,140
2026-05-15,874.9500122070312,874.9500122070312,847.0499877929688,868.260009765625,96
2026-05-18,877.0,877.0,836.0,840.969970703125,418
2026-05-19,855.0,859.9000244140625,838.0,849.3800048828125,104
2026-05-20,868.9500122070312,869.0,840.02001953125,855.9000244140625,200
2026-05-21,850.010009765625,865.0,841.0800170898438,854.4000244140625,176
2026-05-22,870.0,870.0,808.0,851.8599853515625,248
2026-05-25,866.9500122070312,867.0,825.0,850.3900146484375,73
2026-05-26,850.3900146484375,850.3900146484375,850.3900146484375,850.3900146484375,0
2026-05-27,850.3900146484375,850.3900146484375,850.3900146484375,850.3900146484375,0
2026-05-28,850.3900146484375,850.3900146484375,850.3900146484375,850.3900146484375,0
2026-05-29,840.0499877929688,864.8499755859375,840.0,859.489990234375,122
2026-06-01,845.0499877929688,860.0,845.0499877929688,853.7899780273438,208
2026-06-02,864.9500122070312,865.0,841.5499877929688,859.9400024414062,942
2026-06-03,859.9400024414062,859.9400024414062,859.9400024414062,859.9400024414062,0
2026-06-04,853.010009765625,873.8499755859375,853.0,856.6400146484375,80
2026-06-05,850.02001953125,873.9500122070312,845.510009765625,858.5999755859375,630
2026-06-08,845.0,944.4600219726562,845.0,939.5399780273438,4871
2026-06-09,939.5399780273438,965.0,875.0,920.6199951171875,2153
2026-06-10,902.010009765625,945.0,902.010009765625,916.6799926757812,468
2026-06-11,939.7999877929688,939.7999877929688,905.0700073242188,910.7000122070312,268
2026-06-12,902.02001953125,944.0,902.02001953125,914.8599853515625,539
2026-06-15,905.010009765625,939.9500122070312,865.0,918.1400146484375,392
2026-06-16,934.0,934.0,895.010009765625,910.02001953125,153
2026-06-17,896.02001953125,926.0,896.02001953125,906.77001953125,306
2026-06-18,924.8900146484375,924.8900146484375,902.0,910.1199951171875,502
2026-06-19,950.0,950.0,906.0700073242188,914.8400268554688,250
2026-06-22,945.0,945.0,906.0,915.2000122070312,179
2026-06-23,942.0,944.989990234375,912.0,918.4000244140625,194
2026-06-24,940.0,944.9500122070312,912.02001953125,915.489990234375,145
2026-06-25,915.489990234375,915.489990234375,915.489990234375,915.489990234375,0
2026-06-26,915.489990234375,915.489990234375,915.489990234375,915.489990234375,0
2026-06-29,942.9500122070312,943.0,905.0,929.5399780273438,599
2026-06-30,930.0,954.0,912.0,943.8200073242188,653
2026-07-01,919.5999755859375,947.8900146484375,919.5999755859375,930.1300048828125,782
2026-07-02,916.1500244140625,975.47998046875,916.1500244140625,939.0900268554688,291
2026-07-03,928.02001953125,935.0,927.010009765625,929.0,138
2026-07-06,939.7899780273438,939.7899780273438,911.0,922.8900146484375,939
2026-07-07,929.8499755859375,929.8900146484375,911.010009765625,927.6199951171875,328
2026-07-08,938.469970703125,938.469970703125,900.0,902.02001953125,878
2026-07-09,925.8499755859375,925.8499755859375,890.0,907.6199951171875,619
2026-07-10,927.9500122070312,927.9500122070312,902.0,919.5399780273438,414
2026-07-13,931.0,935.0,906.5800170898438,912.4099731445312,203
2026-07-14,924.8900146484375,924.989990234375,905.02001953125,906.280029296875,842
2026-07-15,895.0,925.0,895.0,911.0,214
2026-07-16,911.0,911.0,911.0,911.0,0
2026-07-17,903.5999755859375,924.8499755859375,891.0,907.9400024414062,236
2026-07-20,919.25,919.25,885.0499877929688,894.8900146484375,282
2026-07-21,904.9500122070312,904.9500122070312,885.02001953125,896.739990234375,143
2026-07-22,908.8900146484375,917.489990234375,886.5499877929688,893.6799926757812,137
2026-07-23,909.8900146484375,909.8900146484375,886.5499877929688,887.6799926757812,110
2026-07-24,887.75,910.9500122070312,887.010009765625,897.1099853515625,29
2026-07-27,916.9500122070312,986.8200073242188,880.0,906.7100219726562,14469
2026-07-28,925.0,926.9500122070312,901.0,904.72998046875,457
2026-07-29,909.5999755859375,909.989990234375,881.0,890.4000244140625,346
2026-07-30,899.969970703125,899.969970703125,882.010009765625,884.75,186
2026-07-31,873.0,905.0,870.0700073242188,889.9099731445312,118
2026-08-03,871.010009765625,894.7999877929688,871.010009765625,890.510009765625,67
2026-08-04,871.010009765625,902.9500122070312,871.010009765625,887.9199829101562,159
2026-08-05,875.010009765625,899.0,870.0,875.8099975585938,236
2026-08-06,888.9500122070312,888.9500122070312,861.010009765625,875.239990234375,334
2026-08-07,865.0499877929688,886.9500122070312,861.010009765625,877.9000244140625,508
2026-08-10,865.0800170898438,890.0,865.0800170898438,880.9600219726562,157
2026-08-11,890.0,950.0,865.510009765625,893.8200073242188,962
2026-08-12,902.5700073242188,913.0,885.0,909.5399780273438,723
2026-08-13,920.0,943.5,908.0,934.9400024414062,1056
2026-08-14,934.9400024414062,934.9400024414062,934.9400024414062,934.9400024414062,0
2026-08-17,934.9400024414062,950.0,920.0,921.0800170898438,802
2026-08-18,921.0800170898438,921.0800170898438,921.0800170898438,921.0800170898438,0
2026-08-19,933.9000244140625,933.9000244140625,918.0,919.3200073242188,36
2026-08-20,939.7999877929688,939.7999877929688,918.010009765625,919.1599731445312,168
2026-08-21,903.5499877929688,924.8499755859375,903.5499877929688,916.5399780273438,10
2026-08-24,903.5499877929688,920.9500122070312,903.5499877929688,910.6599731445312,125
2026-08-25,918.0,919.9000244140625,871.0,890.8300170898438,357
2026-08-26,890.8300170898438,890.8300170898438,890.8300170898438,890.8300170898438,0
2026-08-27,908.9500122070312,908.9500122070312,891.0499877929688,893.489990234375,127
2026-08-28,904.9500122070312,905.0,871.0,890.489990234375,389
2026-08-31,900.0,900.0,875.5499877929688,896.1599731445312,43
2026-09-01,880.010009765625,900.0,875.5800170898438,897.0,157
2026-09-02,904.4500122070312,904.469970703125,870.0,879.8900146484375,952
2026-09-03,866.1799926757812,894.9000244140625,821.0,861.5800170898438,1166
2026-09-04,861.0,870.9500122070312,805.0,828.5999755859375,3851
2026-09-08,898.0,980.22998046875,880.010009765625,980.22998046875,15800
2026-09-09,1022.0,1078.25,1010.0,1078.25,9068
2026-09-10,1124.989990234375,1185.9000244140625,1085.0,1094.760009765625,13506
