Date,Open,High,Low,Close,Volume
2018-01-01,141.21631406925127,142.12584168797716,138.583468748035,141.61363220214844,419040
2018-01-02,140.7376033312951,144.08849038433178,138.82280021126425,142.2790069580078,946080
2018-01-03,142.17369496324636,145.04589432718817,141.69499682230528,143.0975799560547,1470240
2018-01-04,144.08849394488462,144.80654644742685,142.43219893455287,142.88217163085938,470448
2018-01-05,141.69980895119417,144.7969952282153,141.69980895119417,143.7438507080078,558432
2018-01-08,143.60978368680222,148.3967754245328,143.28905983686917,147.08514404296875,2079504
2018-01-09,147.9132921999095,151.24504629123388,146.29050860891036,150.54135131835938,1442016
2018-01-10,152.2216128064537,154.04546444803643,151.0296583679513,153.30825805664062,1414800
2018-01-11,152.70509264265058,153.18380135687906,150.26373289522766,150.81423950195312,1451376
2018-01-12,151.26900036171423,151.26900036171423,144.14595721346961,144.95974731445312,969264
2018-01-15,144.0933106641276,144.13639361000662,139.78021973264282,140.2876434326172,617760
2018-01-16,140.0243641628644,145.44802968220728,139.73235518346206,144.12681579589844,1110960
2018-01-17,143.60979850182196,145.9985140520515,143.13110033049512,145.59161376953125,542880
2018-01-18,146.96549441780607,149.35421016915257,144.08850880462165,146.56817626953125,1217664
2018-01-19,147.3915306583491,147.7984309547636,145.7639505092839,147.0037841796875,831312
2018-01-22,147.43941458547206,153.1359351746381,147.4537825798382,152.1881103515625,2285136
2018-01-23,153.17900462924194,153.1838009724732,149.83290309106232,151.90567016601562,930384
2018-01-24,152.7050793792312,154.39489617050629,150.79507258634675,151.94395446777344,1758816
2018-01-25,151.82427232372348,153.6624811701016,150.79028181981616,151.47482299804688,776016
2018-01-26,150.7902930268783,151.2689912011212,149.40206726974426,150.78550720214844,560736
2018-01-29,150.7902793830014,152.9157007672539,150.3594500133357,151.4365234375,644544
2018-01-30,151.74768105103036,152.2263791990136,150.31158660708064,150.89080810546875,398016
2018-01-31,151.69982066608264,152.2263876061157,151.02964742921225,151.17803955078125,372672
2018-02-01,151.39823291582331,153.66248537643662,151.39823291582331,152.39871215820312,1142064
2018-02-02,152.39871215820312,152.39871215820312,152.39871215820312,152.39871215820312,0
2018-02-05,152.39871215820312,152.39871215820312,152.39871215820312,152.39871215820312,0
2018-02-06,152.39871215820312,152.39871215820312,152.39871215820312,152.39871215820312,0
2018-02-07,152.22159879336886,152.22638461800653,150.3115919579103,150.50306701660156,395280
2018-02-08,150.76636523005575,150.790304873882,148.40159963972613,148.68881225585938,374400
2018-02-09,148.15744751900777,148.73188322331416,146.75006794741665,148.2723388671875,418032
2018-02-12,148.32502314019996,148.3968210436714,146.24267357356456,147.15699768066406,404064
2018-02-13,147.89415813213267,147.93245524666025,147.22397440534357,147.472900390625,127296
2018-02-14,146.85060762618133,146.96070263569632,144.23211978451485,144.43316650390625,624816
2018-02-15,144.56721147470657,146.00330604940154,141.22109944035822,141.9199981689453,909648
2018-02-16,141.0296321438421,145.28527234593636,141.0296321438421,144.56723022460938,422784
2018-02-19,146.76920706277662,147.91807835630735,146.52985274095226,147.09950256347656,825264
2018-02-20,146.9606986905388,146.9606986905388,144.56720779365824,146.180419921875,203328
2018-02-21,147.4489921499834,148.3968170110738,142.43701267849855,143.0018768310547,1313424
2018-02-22,140.25893906022682,142.65243039054064,138.87070251851688,141.94874572753906,1140624
2018-02-23,142.65242310322407,143.56195081411042,138.82282665205656,140.49827575683594,807120
2018-02-26,141.16842830313266,142.0444445236486,136.4340910162824,137.0420379638672,801648
2018-02-27,137.02770020661504,139.30151404764288,136.42932482161925,138.76058959960938,418320
2018-02-28,139.78022826657204,144.0885231175047,138.96644858877184,142.547119140625,1021824
2018-03-01,143.08321841757902,145.51980250921912,142.4274027194035,143.2747039794922,975888
2018-03-02,142.89175120049475,143.84914750761428,142.22635329905674,142.7672882080078,389952
2018-03-05,143.31780084786118,145.04590430585174,142.89175726427126,144.19381713867188,482400
2018-03-06,144.35180878558884,145.76396383508992,143.2268558456733,143.83001708984375,440784
2018-03-07,143.60980505213112,144.08850324529226,142.5327314879444,143.107177734375,328896
2018-03-08,143.6098179833021,144.32787059684827,141.09664961333672,142.91091918945312,623520
2018-03-09,143.13110432586157,143.5571479190772,140.25891521772613,140.63229370117188,356976
2018-03-12,140.63230592924816,142.12585154778492,140.2924281900899,141.60885620117188,200880
2018-03-13,141.6950148400935,144.32786020920693,141.6950148400935,143.22206115722656,606096
2018-03-14,143.14066991070555,143.60979642584945,140.99131925465375,141.24981689453125,763056
2018-03-15,141.599299326719,142.15937767732794,141.21633860204727,141.522705078125,201024
2018-03-16,141.69499536495357,141.69499536495357,139.3014941665703,140.2541046142578,646992
2018-03-19,140.49825064989267,145.04111308541223,140.49825064989267,144.58155822753906,942480
2018-03-20,145.04590316838235,148.82761976415884,145.04590316838235,146.8410186767578,2988432
2018-03-21,146.96068528687343,149.71320745596228,146.48198715115734,148.55953979492188,1379520
2018-03-22,149.35420177432786,150.21586061049072,148.0138447534408,148.717529296875,505872
2018-03-23,148.717529296875,148.717529296875,148.717529296875,148.717529296875,0
2018-03-26,148.15745791727025,150.24458252009288,147.22399062874896,149.5313262939453,326448
2018-03-27,149.1244324285742,152.2264045165836,149.1244324285742,151.27857971191406,1483920
2018-03-28,150.79030198232408,152.17374199689084,149.83290557697845,151.23548889160156,833040
2018-03-29,151.695054874954,155.0986076540285,150.0722603813636,154.47630310058594,2884176
2018-03-30,154.38054825073044,154.8113776974937,152.58543256808161,153.89706420898438,1065600
2018-04-02,155.936323884061,158.44950273028536,155.33795898746192,157.9660186767578,2171232
2018-04-03,157.73145209691597,159.64625555213672,155.93632582982727,159.0957489013672,2647296
2018-04-04,159.2202179274942,159.64146523708274,157.25275980105297,158.24366760253906,1119168
2018-04-05,158.44948336825664,162.231210479504,158.44948336825664,161.58975219726562,1575216
2018-04-06,163.24603918529792,165.15126012104687,159.46431226049472,160.44564819335938,2430864
2018-04-09,160.60363404744584,160.84776370342158,157.73622026998527,158.27236938476562,481536
2018-04-10,159.37815685743817,159.4547510902484,157.03732056003568,157.54953002929688,515088
2018-04-11,158.4494897230775,162.709915174957,157.97079153411644,161.60890197753906,1690416
2018-04-12,162.39875286806804,163.23648258982698,159.40688654907748,161.3025360107422,1319472
2018-04-13,161.29774703846545,161.30253286326254,158.0425867859422,159.05743408203125,292032
2018-04-16,157.26707328660828,158.9233786634898,155.33792334046993,155.75917053222656,403344
2018-04-17,156.5107472298248,157.0085886861838,154.68210995800766,156.66392517089844,370944
2018-04-18,156.6783013453413,157.87504154390678,154.85923562766104,155.22305297851562,346320
2018-04-19,156.05597693495864,157.4872855730944,154.61988247229317,155.4719696044922,319968
2018-04-20,155.81664594565362,156.0799294262374,153.2316693890527,153.9401397705078,237024
2018-04-23,155.0985779977695,157.4298424921846,155.0985779977695,156.91763305664062,772416
2018-04-24,157.44419593109032,162.95402607204204,157.3723980479059,162.499267578125,2564784
2018-04-25,163.42796860815042,163.54764579331945,160.8429918963257,161.4700927734375,488592
2018-04-26,161.32167876186142,162.44663160129846,161.1397753434567,161.3743438720703,320544
2018-04-27,161.68071347320785,164.1938816427951,161.44135911501064,163.30349731445312,1051488
2018-04-30,165.15127299816768,165.15127299816768,161.5658171876916,162.44183349609375,721440
2018-05-01,162.44183349609375,162.44183349609375,162.44183349609375,162.44183349609375,0
2018-05-02,162.27909060158365,162.7099200363504,161.32168367676002,161.84347534179688,223344
2018-05-03,162.5184404915286,162.5184404915286,159.16754242569775,159.4978485107422,259056
2018-05-04,159.40689918202744,162.0397446965144,158.7654408214241,160.08665466308594,510768
2018-05-07,160.36428830317226,162.97320457197418,159.8855900968254,160.914794921875,1207008
2018-05-08,160.84776880928854,161.5610355372738,159.88558659263208,160.4696044921875,603072
2018-05-09,160.8286290314627,161.44136189411182,155.70175872480743,159.9717559814453,620352
2018-05-10,159.89036804474677,161.5610311187517,158.56916484690652,161.02967834472656,592272
2018-05-11,161.3216722194933,161.3216722194933,158.44948320389912,159.15316772460938,267264
2018-05-14,156.77882019391512,158.21012887718655,153.4231366657171,154.28958129882812,507168
2018-05-15,155.19433135260425,155.19433135260425,149.83290315470674,153.24124145507812,583920
2018-05-16,155.09858881357604,155.09858881357604,151.84822491416392,152.2216033935547,181440
2018-05-17,152.70030421264096,152.70030421264096,147.91809764155656,149.04783630371094,313056
2018-05-18,149.64140304331985,149.64140304331985,144.0884897953713,145.3283233642578,1044720
2018-05-21,145.85971327129354,148.85636570089653,145.4288838071096,145.97459411621094,293904
2018-05-22,146.2426536190774,153.18380386969318,146.2426536190774,151.2450714111328,552816
2018-05-23,152.0349199669648,153.13592266640123,150.5509460873375,151.1349639892578,488448
2018-05-24,151.00571459478888,151.02965423782237,147.43940199037053,148.2196807861328,417744
2018-05-25,149.3063529927757,149.3207104692014,144.08851999243723,144.70126342773438,510336
2018-05-28,143.60981111036472,149.35421070722126,140.97696567776254,146.1038360595703,970560
2018-05-29,146.71178401121915,152.70509914282235,146.71178401121915,150.99136352539062,533088
2018-05-30,151.74770034203155,152.82955976656694,150.07225135195017,151.1876220703125,523728
2018-05-31,151.74770523864254,155.33795769822336,150.32118221624884,152.99232482910156,479520
2018-06-01,151.7477136133576,152.70511011476412,151.36475290913543,152.1785430908203,178992
2018-06-04,151.74769743827792,155.76398280156616,151.74769743827792,155.3858184814453,515520
2018-06-05,155.99855871963067,157.97080254809987,154.61990447344593,156.28578186035156,500544
2018-06-06,156.06076336086784,159.8377045393702,156.0559775363197,159.16273498535156,451296
2018-06-07,160.4015463252912,160.4015463252912,157.44028337145303,157.94863891601562,231984
2018-06-08,157.94863891601562,157.94863891601562,157.94863891601562,157.94863891601562,0
2018-06-11,159.61187436748688,162.37572484504707,157.9338358473948,161.31460571289062,1082304
2018-06-12,161.3886232355488,163.73295585196973,158.67413683291326,159.2861328125,431568
2018-06-13,159.41445586305352,165.0902051106052,159.41445586305352,163.80699157714844,1061424
2018-06-14,163.8563433693189,164.34988536366976,161.92164920834313,163.01731872558594,795024
2018-06-15,163.01731872558594,163.01731872558594,163.01731872558594,163.01731872558594,0
2018-06-19,163.41215559919115,163.95505071221672,161.43797676393208,162.92848205566406,306720
2018-06-20,162.8692611739932,162.89393230953212,159.9079983308262,161.20108032226562,264096
2018-06-21,159.41446452180247,160.34726122665967,157.44028557677217,157.88941955566406,443376
2018-06-22,159.34042145793728,159.36510343796581,152.58381618076305,153.50674438476562,422352
2018-06-25,154.97256717313812,154.97256717313812,150.13584257173895,151.42892456054688,501264
2018-06-26,153.9361341112416,155.3427250492248,151.56711944140227,154.11874389648438,620496
2018-06-27,155.1452993693234,157.88445675913965,154.72578164615175,157.0701141357422,433296
2018-06-28,156.94673487913346,159.41445571294716,156.0090039987317,156.91712951660156,385488
2018-06-29,157.93382182625686,158.67412936383843,156.68514794603405,157.0997314453125,588960
2018-07-02,158.02757973179226,159.90797545800837,156.45317110922218,157.33168029785156,297792
2018-07-03,155.31804249442695,156.6999621946763,154.97255985825095,155.57467651367188,163584
2018-07-04,155.46611943146632,155.46611943146632,147.79645392469536,147.9840087890625,948960
2018-07-05,148.06297041895814,150.2839150294648,145.29913064687344,146.3997344970703,536400
2018-07-06,145.14611426690868,152.9983776554986,144.7117938680679,150.38754272460938,571248
2018-07-09,152.04092776811854,152.61343911657974,143.74939793677913,145.6446075439453,725904
2018-07-10,144.85493658101763,149.05006005437158,141.6469080007477,148.24557495117188,1179072
2018-07-11,147.0758608027349,151.12291351881208,146.08877689041447,148.12217712402344,502560
2018-07-12,146.33557179574407,151.66583900467302,146.33557179574407,150.17041015625,504864
2018-07-13,150.03713548217144,150.5356117051972,147.8211253052103,148.27024841308594,367488
2018-07-16,148.06296120782545,148.06296120782545,140.91152000689175,141.46429443359375,1346112
2018-07-17,140.6598267645008,141.64691083286507,136.21793761240556,140.4920196533203,777168
2018-07-18,141.69627369178826,145.81736243160984,141.65678902500488,145.338623046875,898848
2018-07-19,148.06297025575446,152.6035765556957,148.06297025575446,151.4881591796875,1431936
2018-07-20,151.96688649352373,151.96688649352373,148.11231163606084,148.8970489501953,430704
2018-07-23,148.0629296362234,148.55647154212096,143.62104163869216,144.71177673339844,707904
2018-07-24,144.71180483124868,150.99953925946625,144.71180483124868,150.46157836914062,1000656
2018-07-25,150.46157836914062,150.46157836914062,150.46157836914062,150.46157836914062,0
2018-07-26,156.93686476942855,156.93686476942855,151.02421846706272,154.8096923828125,755424
2018-07-27,155.4661028127235,159.90799146451562,154.08418310377203,159.08871459960938,2574144
2018-07-30,160.89510525599775,165.27283892543826,159.9623084661557,164.22158813476562,3424752
2018-07-31,163.97972808979972,163.97972808979972,160.42621713052247,160.95924377441406,1603152
2018-08-01,160.8950830553296,164.79407680010164,159.29106883768645,163.92050170898438,2433168
2018-08-02,163.8563415914055,167.55791193110073,161.88216279096775,162.59286499023438,2055168
2018-08-03,161.88216367353857,166.57082886124243,161.63539809992284,166.10690307617188,1465632
2018-08-06,166.76330897963345,167.31114916372235,165.33697033018845,166.61524963378906,669600
2018-08-07,167.06438439414757,167.06438439414757,164.34989779762483,165.124755859375,889920
2018-08-08,165.3320366753336,165.8305129014112,164.10311048276102,164.56704711914062,437184
2018-08-09,164.7891520044115,166.3487474226902,162.87420545679197,165.60842895507812,1284048
2018-08-10,166.32406384765954,167.75041342322572,165.33697979660437,166.18093872070312,1686528
2018-08-13,174.4872705583431,174.4872705583431,170.98804665911436,173.7913818359375,3523824
2018-08-14,173.7913818359375,173.7913818359375,173.7913818359375,173.7913818359375,0
2018-08-15,174.22073614677325,174.22073614677325,171.25948436411514,171.79251098632812,660960
2018-08-16,171.50626775387983,171.79252884619206,167.43453257385195,168.13043212890625,948240
2018-08-17,168.53511735371058,171.9010841444833,168.53511735371058,170.56358337402344,484992
2018-08-20,172.98687611239046,172.98687611239046,167.80468006160575,169.1865997314453,433296
2018-08-21,169.1865997314453,169.1865997314453,169.1865997314453,169.1865997314453,0
2018-08-22,169.1865997314453,169.1865997314453,169.1865997314453,169.1865997314453,0
2018-08-23,169.1865997314453,169.1865997314453,169.1865997314453,169.1865997314453,0
2018-08-24,169.23104189475293,170.27241330601785,167.9280913626991,169.8825225830078,271008
2018-08-27,170.7659467361111,172.46374382199437,169.0484235859375,171.5556182861328,544032
2018-08-28,171.25949373236068,173.23366169545713,170.51917532397204,170.9189453125,843696
2018-08-29,170.76595725508056,172.2465942136905,169.54197603716102,170.8301239013672,721584
2018-08-30,171.50627007360802,172.2317750020397,169.7048433208475,170.83505249023438,427536
2018-08-31,170.765943894568,170.765943894568,169.2853178962564,169.5715789794922,300384
2018-09-03,168.55487525357555,169.56663036684282,166.31418312780096,168.95957946777344,306720
2018-09-04,169.56662914288833,169.56662914288833,165.33696641011832,168.49070739746094,136080
2018-09-05,167.80468157033687,169.5567550182841,166.81759763221297,168.6140899658203,233136
2018-09-06,168.5400603609855,168.54499458794675,165.7071308845799,166.16612243652344,406224
2018-09-07,166.57083647004552,166.57083647004552,161.51201726860836,162.0450439453125,599040
2018-09-10,164.84341610717388,164.84341610717388,160.03137385734195,162.02035522460938,203472
2018-09-11,163.33319773169816,164.83850581026056,161.88217699935456,163.79713439941406,411408
2018-09-12,162.86926229299348,164.84343030569832,160.17944698900513,161.11224365234375,119376
2018-09-13,161.38370461409627,164.84344399524326,160.41142320842508,163.24929809570312,329904
2018-09-14,163.3628041494836,165.33203793327854,160.9691183873324,162.79522705078125,154944
2018-09-17,162.51390160620963,162.51390160620963,160.4015319801985,161.5465545654297,173664
2018-09-18,161.38864748560735,167.06439756415605,160.67794516883484,165.97860717773438,309744
2018-09-19,165.97855930368715,166.71886677382335,162.86923756464498,163.43186950683594,403632
2018-09-20,163.43186950683594,163.43186950683594,163.43186950683594,163.43186950683594,0
2018-09-21,163.43186950683594,163.43186950683594,163.43186950683594,163.43186950683594,0
2018-09-24,164.10309563033883,164.59170335799476,160.40152555079382,160.71739196777344,643392
2018-09-25,161.58604875224663,162.12400964417085,159.414457431527,160.99378967285156,443952
2018-09-26,161.1418359786397,161.8574723194116,159.1676574140503,159.45391845703125,561312
2018-09-27,159.41446606320534,160.26335922221696,152.55420907401881,156.7592010498047,883008
2018-09-28,154.52838755589235,159.8981391393,154.52838755589235,157.361328125,374544
2018-10-01,157.9338172692757,160.4015270641026,156.52721563732908,157.13427734375,132624
2018-10-02,157.93381159329178,159.6858849424284,154.97254910147004,157.020751953125,361728
2018-10-03,157.44028077067736,157.93383362521033,156.2360365309753,156.606201171875,387216
2018-10-04,157.92888880674838,157.44522609477212,151.34502471774428,152.8009796142578,674784
2018-10-05,153.4049277874417,155.820749677581,145.63804266131496,147.40159606933594,612360
2018-10-08,146.30845154850294,148.39210132287792,140.0333388063637,141.85125732421875,598680
2018-10-09,142.527680003595,146.76140932585622,140.41986694757847,141.4707489013672,1017120
2018-10-10,140.5406722936381,143.43966330917496,136.22237622089594,142.5639190673828,375960
2018-10-11,141.9297370315832,143.7416060620237,139.67093883246454,141.63380432128906,371880
2018-10-12,141.32581235036056,141.33185044048784,134.74269058952885,135.80564880371094,337680
2018-10-15,134.68228083901914,135.16544967155568,129.01717023614913,130.2311248779297,640680
2018-10-16,131.04647744517897,135.28625639556026,126.83086191497101,129.08966064453125,837000
2018-10-17,128.1051846362816,135.5398861037605,128.03875459609782,135.31642150878906,970560
2018-10-18,135.89020101908736,140.70373096840183,132.87041508796113,139.30255126953125,1319400
2018-10-19,139.3085925561976,144.88915911978896,137.70207352582378,144.18252563476562,1112040
2018-10-22,143.74164352107974,148.2713172776135,142.59412985568247,144.3818359375,1248000
2018-10-23,144.94953243341587,144.95557052276436,140.11787766604476,140.95738220214844,492600
2018-10-24,145.5535033122121,147.99952697753906,145.5535033122121,147.99952697753906,314400
2018-10-25,152.80097324254535,155.39799326641946,149.84159041911457,152.9580078125,2065560
2018-10-26,152.20306535384609,160.6041055742358,150.8683267437618,160.04241943359375,2583240
2018-10-29,165.51427726417543,168.038818359375,161.8663748778146,168.038818359375,3219120
2018-10-30,171.37262769833643,171.52362417339268,166.9939510971479,168.36492919921875,2002680
2018-10-31,167.5979398185798,175.14136216252706,166.23903760383456,169.3011016845703,1679760
2018-11-01,170.31571859522438,172.06115789336164,168.08108342048084,171.0767059326172,832320
2018-11-02,170.91967172479377,173.51669183323668,169.7117661968776,171.33641052246094,1232160
2018-11-05,169.40977921840448,169.40977921840448,163.6721894267108,168.12939453125,1456920
2018-11-06,168.47366612043805,170.91969000542505,164.86201427163235,165.99745178222656,1140960
2018-11-07,169.40978463711585,171.52363590351575,166.84296603211402,167.3382110595703,1967040
2018-11-08,167.9723535923512,168.65482359755526,162.23477507696546,162.89308166503906,952920
2018-11-09,161.93282148853805,167.29595091655546,160.68262707936842,165.99745178222656,1138800
2018-11-12,165.51424476057767,167.2355204313226,163.0682214389928,163.98019409179688,374760
2018-11-13,163.2192318240297,165.41160043858073,161.86032977075257,164.73516845703125,365160
2018-11-14,164.73517598148834,166.6919928158325,163.06825384157526,163.92587280273438,620760
2018-11-15,164.27616861757576,164.27616861757576,161.86637338057173,162.6938018798828,514200
2018-11-16,163.06823231622994,168.74541894024125,163.06823231622994,167.9783935546875,1966680
2018-11-19,170.9136489468694,170.9136489468694,168.2079208584919,169.86880493164062,943080
2018-11-20,170.25533922709113,170.9196839975158,167.59792696907138,169.28900146484375,565920
2018-11-21,169.28900146484375,169.28900146484375,169.28900146484375,169.28900146484375,0
2018-11-22,168.32267899557073,168.8118859794332,165.60487470608356,167.74891662597656,441480
2018-11-23,167.29592209769967,169.10779133001688,163.6903089606517,164.47544860839844,374760
2018-11-26,162.46429402653516,164.27616343553456,161.86033018435322,162.13211059570312,226440
2018-11-27,162.43408511034153,165.60485643151384,161.2563700481918,164.40902709960938,593040
2018-11-28,165.75585220285464,168.50385787233512,165.18210091953256,166.7886199951172,1204800
2018-11-29,167.2959248828405,167.2959248828405,164.20970904691717,164.831787109375,327480
2018-11-30,165.182087175444,165.69544645432657,160.65241395361988,162.28309631347656,708120
2018-12-03,161.25637124810254,161.25637124810254,154.17196655273438,154.17196655273438,564120
2018-12-04,147.36536903266878,152.19702428348134,146.77349245326232,149.87179565429688,1200000
2018-12-05,149.93217688337808,150.37910609561996,143.80202308578328,146.0245819091797,472560
2018-12-06,146.7312289246529,146.7312289246529,138.72881262112614,139.0911865234375,1480680
2018-12-07,138.9099783239301,143.43361332032944,137.10414717913739,142.0445098876953,652320
2018-12-10,144.91935431468775,147.29894801691037,143.13768637726236,144.4120330810547,540000
2018-12-11,143.43965931256406,143.73559207247564,140.7339314911123,141.4949188232422,132600
2018-12-12,139.81592537924848,140.72186007704326,138.09464945343845,138.8979034423828,545760
2018-12-13,138.366412279081,140.04541030170756,137.03770085198678,138.7650146484375,685920
2018-12-14,139.51394524884714,143.5544118410526,137.70207583003094,142.88401794433594,368040
2018-12-17,142.23174539328122,143.1316419872577,141.05403030403747,141.74253845214844,91320
2018-12-18,140.54066191723166,143.13767082398323,139.84610466519115,141.4707489013672,418680
2018-12-19,140.42589394058317,141.92974308826962,139.52599747589286,141.32579040527344,174840
2018-12-20,141.77876723612263,143.1376691585136,135.89019223909517,140.5346221923828,416640
2018-12-21,141.17482987162984,145.61390996772604,140.72186251488534,144.79856872558594,673560
2018-12-24,144.79859037948142,148.57331523058554,142.83572416753628,147.77005004882812,603360
2018-12-25,147.77005004882812,147.77005004882812,147.77005004882812,147.77005004882812,0
2018-12-26,146.15745241123244,148.57327432373503,146.15745241123244,146.93655395507812,312360
2018-12-27,147.90890859597855,148.51287232734217,143.14369513641046,143.687255859375,325800
2018-12-28,144.8831013886296,144.8831013886296,136.5062256474991,137.7926483154297,1176360
2018-12-31,135.95057484811505,141.32579021343,134.6822664744048,136.14988708496094,833400
2019-01-01,135.3466241668543,142.5337087437209,135.3466241668543,139.8762969970703,660480
2019-01-02,140.1178792253838,141.62173948813395,137.76244929712774,139.284423828125,448800
2019-01-03,138.6080003086823,140.1178876933255,137.13434146272277,137.71414184570312,81240
2019-01-04,138.00406224903404,139.1817774096354,136.62099672018215,137.33970642089844,143880
2019-01-07,138.90998956585972,142.82966109549355,138.90998956585972,142.41293334960938,369240
2019-01-08,143.68122500461618,145.37229920828295,142.02034124789785,144.15835571289062,599640
2019-01-09,144.3455826096346,146.45942262721127,142.23173153328597,142.63638305664062,606120
2019-01-10,143.4396561694225,144.94954356193514,141.92975771813732,142.23777770996094,257640
2019-01-11,141.1144337246163,142.8357097640813,139.2119707336287,142.18344116210938,384000
2019-01-14,143.13767054995398,145.55349252698693,142.68470323808705,143.965087890625,279600
2019-01-15,144.0436225304693,145.64410353899444,143.37926670675435,143.94699096679688,304560
2019-01-16,144.34560695903406,144.9495597718254,141.9901766127419,142.68472290039062,214800
2019-01-17,142.35254167834864,142.83569947508937,140.5708627442012,142.5639190673828,201840
2019-01-18,139.54413047911646,143.13766738761137,139.54413047911646,142.02638244628906,457080
2019-01-21,141.99016377129425,144.40598586274888,141.92976075433626,142.78134155273438,300960
2019-01-22,142.08076500570405,145.2515365123017,142.08076500570405,143.6631317138672,714000
2019-01-23,143.74162471418313,145.4025085605297,143.74162471418313,144.8951873779297,275160
2019-01-24,147.9693217697911,149.17722719795833,142.5337141667225,143.1195526123047,963120
2019-01-25,143.7355979484489,143.74163603864014,140.1239353122373,140.9996795654297,625320
2019-01-28,141.33185276669593,144.8287585334744,140.41987996700473,144.38787841796875,609600
2019-01-29,144.0436023546371,147.95723542906558,143.7416204663784,147.57070922851562,1082400
2019-01-30,147.96328449300225,148.54307379349657,146.46546229040914,147.4619903564453,513240
2019-01-31,147.359324837142,149.17723218848096,146.15745745826837,148.6759490966797,411240
2019-02-01,147.97536760703179,151.5930681089937,147.97536760703179,149.14100646972656,2350800
2019-02-04,149.4792002768425,150.9890875024727,149.17721840820795,149.6060333251953,463200
2019-02-05,149.6060333251953,149.6060333251953,149.6060333251953,149.6060333251953,0
2019-02-06,149.2376478856753,149.77517062014394,146.41112496205326,146.96072387695312,422160
2019-02-07,147.26270483926484,147.96933833025773,146.03667394660897,146.36280822753906,247320
2019-02-08,146.3386330371576,147.48614646095703,143.43964244333043,144.52676391601562,956640
2019-02-11,145.25154298870373,146.09707472231432,140.11790532899118,140.60107421875,649920
2019-02-12,140.72186139768402,141.92372887669194,139.58037482073152,141.22314453125,369480
2019-02-13,141.62778344050608,142.53371806579977,141.22313190395676,141.43450927734375,215880
2019-02-14,141.32581782309475,142.3525475362725,137.24911153973625,137.8409881591797,852000
2019-02-15,138.29998141162199,138.75294873647255,133.5106039478626,134.38031005859375,1068840
2019-02-18,134.01793946610513,137.62959091453345,131.6685474094317,136.39752197265625,1280280
2019-02-19,136.49414245827236,141.02381544979437,136.49414245827236,137.647705078125,886680
2019-02-20,136.50016646327984,138.90996109313758,136.50016646327984,138.20936584472656,354360
2019-02-21,138.30601378252533,141.20500454169633,137.7020610606221,138.95225524902344,494040
2019-02-22,138.90394693366224,140.11789053224402,138.0644423204718,139.53810119628906,403560
2019-02-25,139.81593126530802,141.32581880560576,138.00406179344128,138.4751434326172,155160
2019-02-26,136.7961235362736,138.30601083827537,134.20515281217536,135.8418731689453,578520
2019-02-27,134.07833493119472,136.18009900120148,129.05341641634163,134.5554656982422,1234440
2019-02-28,134.682291267826,137.0316834480304,132.87042182898182,135.36476135253906,655920
2019-03-01,136.43376489727234,140.41987755031352,136.43376489727234,138.5596923828125,994800
2019-03-04,140.1118540580919,142.2921353592867,139.51393938676034,141.90560913085938,730080
2019-03-05,141.33183724190582,142.57599333758353,138.91601530162743,140.0152130126953,262320
2019-03-06,140.1178946796462,140.66145549227255,137.702072532009,137.99801635742188,354480
2019-03-07,138.90997014608746,139.21194096152925,135.29226997986987,135.8720703125,329040
2019-03-08,136.48810650676714,136.48810650676714,131.66250070222137,133.6313934326172,680640
2019-03-11,134.82119220522065,135.81168224519928,132.56844278497272,132.93081665039062,412800
2019-03-12,133.7401197576603,133.7401197576603,132.26646087753358,132.93081665039062,162360
2019-03-13,133.17241076272524,133.7763635878628,132.26647599563185,132.82211303710938,150240
2019-03-14,132.86436796980976,133.77634067128827,131.36051872580668,132.2362518310547,161520
2019-03-15,131.6745787395141,132.50803417126212,128.96281295334174,129.4278564453125,285000
2019-03-18,128.72122981820328,131.66249820830978,126.29332067919611,130.81695556640625,401880
2019-03-19,130.4847937829865,131.05854503390054,128.6427229372981,129.26480102539062,174600
2019-03-20,129.24666317737154,129.24666317737154,126.89727135660922,127.64014434814453,282120
2019-03-21,127.43480029962521,128.03876408913476,126.2872867935927,126.85501098632812,104880
2019-03-22,128.02669243058193,130.2130230359234,126.87917878490862,128.40115356445312,1541760
2019-03-25,128.6427253288408,129.24667809952604,127.49521174690693,128.00253295898438,312960
2019-03-26,128.34076042820143,128.34076042820143,126.52889081717377,126.9154281616211,301560
2019-03-27,127.42876790909031,130.45459190531537,127.12679705960245,130.40023803710938,636240
2019-03-28,130.756580399781,132.56844982306308,128.07500480630486,129.02926635742188,634800
2019-03-29,129.54865110267306,132.26645497195992,128.53400874831487,130.56329345703125,483240
2019-04-01,131.66251015454858,131.72290211345987,128.14144109219322,128.61856079101562,193560
2019-04-02,129.21648716489,129.54865952870597,125.20017305501513,125.57462310791016,603120
2019-04-03,126.52888951452186,126.83087146617565,124.53583296291053,125.21226501464844,373440
2019-04-04,125.32095980773582,125.77392711901827,121.999192152483,123.18294525146484,246120
2019-04-05,123.20109734536845,124.29425721958944,121.9992186575565,122.92327880859375,250320
2019-04-08,121.69721715522046,122.56691215138324,118.43585262553113,119.43238067626953,565200
2019-04-09,118.38150616706079,124.38483882437069,118.23655882155477,123.0682144165039,492480
2019-04-10,121.99919500449204,124.56601351468858,117.77150368661465,118.91297912597656,514560
2019-04-11,117.7715065170759,123.20711451017172,117.7715065170759,122.79642486572266,588360
2019-04-12,122.6031550081885,128.93261007996824,122.6031550081885,128.60647583007812,839880
2019-04-15,129.1862711583351,130.45457957082925,126.9818266598856,129.5124053955078,701280
2019-04-16,129.69962603638444,129.69962603638444,126.83083698139572,127.67034149169922,368400
2019-04-17,128.03876306808505,128.18974848487224,124.47541654997488,125.49005889892578,315600
2019-04-18,125.01896365018726,126.20875470306991,122.66353390025618,123.9258041381836,122520
2019-04-19,123.8714773993368,127.5556082311179,121.15367324668513,125.21829223632812,491520
2019-04-22,125.62295068305075,126.5288854501371,121.63683770787075,122.524658203125,279000
2019-04-23,122.93533053265637,122.93533053265637,118.84654847696531,119.93367004394531,1024440
2019-04-24,118.98545588390202,123.50909092017538,116.65417821707388,120.79732513427734,632040
2019-04-25,121.24426384658042,123.69028752602902,119.94575376259073,121.25634002685547,498840
2019-04-26,121.63682310281864,122.84473966682273,120.1994148880669,120.83960723876953,467760
2019-04-29,121.5160298754659,122.90512220590949,119.88534761547156,120.45909881591797,426720
2019-04-30,119.58941612425146,121.2080223719024,117.16755590159211,117.30646514892578,464040
2019-05-01,117.30646514892577,117.30646514892577,117.30646514892577,117.30646514892578,0
2019-05-02,117.7715012586333,118.07348315324619,114.75171548882116,114.77587890625,479280
2019-05-03,114.77587890625,114.77587890625,114.77587890625,114.77587890625,0
2019-05-06,113.2418378524095,114.6611318672353,110.1012679022271,110.5361099243164,471000
2019-05-07,111.12193275320936,111.12193275320936,107.05126525520598,108.40412902832031,486840
2019-05-08,108.1686038570797,108.1686038570797,103.88654732084875,105.1367416381836,803280
2019-05-09,106.89424336120021,108.40413065588392,102.8839677550608,106.80364990234375,401160
2019-05-10,108.10820353488553,108.10820353488553,104.78643583182615,105.49910736083984,159840
2019-05-13,108.70007960825404,108.70007960825404,100.35339375967884,101.1626968383789,525000
2019-05-14,100.26280098985785,102.00824021950143,96.10758889411707,96.2827377319336,1377240
2019-05-15,96.63905620610912,100.84863295565404,96.63301811674933,100.29903411865234,617160
2019-05-16,100.62516971955155,101.46467426860558,96.09549676113166,96.60282897949219,458880
2019-05-17,94.82116000950384,99.5924233896403,91.7772216796875,91.7772216796875,946800
2019-05-20,92.41138143143338,96.32502613761103,90.59347386373753,95.39492797851562,1429320
2019-05-21,95.42511352212225,100.16012573242188,93.00928058414276,100.16012573242188,624720
2019-05-22,101.70626171448956,105.16693878173828,101.70626171448956,105.16693878173828,345960
2019-05-23,110.42137908935547,110.42137908935547,110.42137908935547,110.42137908935547,308280
2019-05-24,111.72590215991005,115.94151719137074,110.42135409422748,113.77935028076172,3413040
2019-05-27,114.75171849765367,119.4625786715195,114.44974765389526,117.96476745605469,3395640
2019-05-28,117.77149224007867,117.77149224007867,112.07014262841508,112.16073608398438,2401560
2019-05-29,112.16073608398438,112.16073608398438,112.16073608398438,112.16073608398438,0
2019-05-30,120.79130325330173,123.17088595675983,117.47557323316738,121.4314956665039,3797640
2019-05-31,121.4314956665039,121.4314956665039,121.4314956665039,121.4314956665039,0
2019-06-03,119.72832757361155,120.94228228167664,115.47647257969271,116.52131652832031,1244520
2019-06-04,116.52131652832031,116.52131652832031,116.52131652832031,116.52131652832031,0
2019-06-05,116.52131652832031,116.52131652832031,116.52131652832031,116.52131652832031,0
2019-06-06,116.52131652832031,116.52131652832031,116.52131652832031,116.52131652832031,0
2019-06-07,116.52131652832031,116.52131652832031,116.52131652832031,116.52131652832031,0
2019-06-10,115.02706188549344,115.32466939434387,110.69928741455078,110.69928741455078,988440
2019-06-11,106.64430718034576,112.84456538649239,106.64430718034576,111.31310272216797,1616880
2019-06-12,110.98449377058509,113.70019909608845,108.03936705423963,110.70548248291016,1388040
2019-06-13,110.30245922684891,114.66743720464615,109.43442035023074,112.97476196289062,895800
2019-06-14,111.6665184798852,115.01465407248253,110.12265822723175,111.18910217285156,1678800
2019-06-17,110.99069049583564,113.46458826444439,109.74443782954457,110.92868041992188,1135200
2019-06-18,110.5504628589071,112.22453049736333,105.78247626949535,107.19612884521484,1422000
2019-06-19,106.65051724839708,110.36446928857247,105.85688583934616,108.62840270996094,2008680
2019-06-20,108.50439396379649,112.78256736072275,108.01458016603785,110.58148193359375,2145000
2019-06-21,111.30071416433462,112.71437837892155,110.35827892327671,110.91010284423828,1211640
2019-06-24,111.48051017756576,111.88353028044837,106.75592568575173,107.11553192138672,798720
2019-06-25,107.11553650934921,108.96941316781601,106.0119000998901,106.84273529052734,853800
2019-06-26,108.75240685753684,109.43442690221495,103.12257967880085,104.25102233886719,2233440
2019-06-27,104.78425619113882,105.99330534470197,102.36615788401254,103.28379821777344,1299120
2019-06-28,103.23418404025881,106.91093230056177,101.68412500116456,105.17486572265625,1543200
2019-07-01,106.64433080545793,106.64433080545793,104.81526024653628,105.20587158203125,649560
2019-07-02,106.02428307307814,107.41933942930285,104.7842291943236,106.56990814208984,1931040
2019-07-03,106.64431779626236,109.71344216733182,106.64431779626236,109.05001831054688,1719360
2019-07-04,109.74444152189483,110.05445785289969,104.47423201280334,105.68328094482422,1446360
2019-07-05,104.78425145125331,105.55928670922268,103.73021621577509,104.1518325805664,485280
2019-07-08,104.31921842190117,104.62303601643704,99.35902523187522,100.00385284423828,519240
2019-07-09,99.82404122565062,102.30413775041893,99.27221739314253,100.9400863647461,515520
2019-07-10,101.12609451091538,101.68411708390082,100.4440631373782,100.81607818603516,543240
2019-07-11,101.21911381605017,102.30415409024977,100.75409493382176,101.57872009277344,619200
2019-07-12,101.8081137067098,101.8081137067098,97.83995700418096,98.09416198730469,560400
2019-07-15,96.16588619940295,96.59370121750479,93.18976593017578,93.18976593017578,1336200
2019-07-16,91.76371846574686,95.48386346114933,89.40761925587603,94.94444274902344,2089680
2019-07-17,96.04188276795136,99.20401073061534,92.69375295457111,94.5166244506836,2662920
2019-07-18,94.24381677665556,97.34394049859505,90.833682385472,91.4103012084961,2458680
2019-07-19,92.01172871788003,95.97989149888957,90.5236683845639,95.18006134033203,1540200
2019-07-22,97.6539516222501,97.6539516222501,94.58482742840796,96.68051147460938,899640
2019-07-23,96.79212061660779,97.9639772294586,95.29786152272871,97.0401382446289,909720
2019-07-24,97.33774643588282,97.33774643588282,94.92585275504008,95.5644760131836,600000
2019-07-25,94.8948363427753,94.8948363427753,91.91871596689997,93.31997680664062,962400
2019-07-26,93.00376952674391,93.07817140706538,91.26769727007816,91.52810668945312,423240
2019-07-29,91.14368678928682,92.5387432197351,89.34561594887543,89.81683349609375,367440
2019-07-30,89.31461812177054,91.63971236024513,88.35977979960361,90.77787780761719,279600
2019-07-31,91.14369819639653,93.62380071975761,90.39966800703819,93.1153793334961,468840
2019-08-01,93.70440800677729,94.2438287971331,91.91873428999577,92.3217544555664,355920
2019-08-02,92.32174599169117,92.38374472186408,88.84340265730127,90.33766174316406,547560
2019-08-05,88.81858825683594,89.81063022726356,87.80174566288503,88.81858825683594,221520
2019-08-06,88.75659137398584,89.90364159591833,86.80971671833974,87.54134368896484,738960
2019-08-07,87.54134368896484,87.54134368896484,87.54134368896484,87.54134368896484,0
2019-08-08,82.52534246168516,85.50146306948747,80.67767023337436,84.23041534423828,1128120
2019-08-09,84.01340377018983,85.56966723506235,81.84331769321801,82.46954345703125,576120
2019-08-12,82.46954345703125,82.46954345703125,82.46954345703125,82.46954345703125,0
2019-08-13,82.46954345703125,82.46954345703125,82.46954345703125,82.46954345703125,0
2019-08-14,82.46954345703125,82.46954345703125,82.46954345703125,82.46954345703125,0
2019-08-15,82.46954345703125,82.46954345703125,82.46954345703125,82.46954345703125,0
2019-08-16,81.84330854761699,81.84330854761699,78.90439201127943,79.27020263671875,725040
2019-08-19,78.27816849362563,83.23216852030647,78.27816849362563,82.94695281982422,1378320
2019-08-20,83.38718664688372,85.43326980122751,82.15333688072793,84.01341247558594,1882560
2019-08-21,84.93104508391272,87.73976011238842,81.53330806272125,86.04088592529297,2234880
2019-08-22,87.54754374123377,90.33765673946536,87.42354061125661,90.06484985351562,1887480
2019-08-23,90.52986649994146,90.83367841842193,86.87791338795297,87.4359359741211,1376160
2019-08-26,87.73354504940583,87.42353440820973,83.06475516166759,83.08956146240234,1089480
2019-08-27,81.84331082291183,83.64138166852155,79.8902318146378,82.94695281982422,1388640
2019-08-28,83.08335876464844,85.65646473685796,82.46333746945272,83.08335876464844,1355040
2019-08-29,81.99833094562428,83.20738003185674,80.29325793711698,80.64047241210938,845760
2019-08-30,79.42521577268222,81.52709860332675,76.75910593498466,77.21792602539062,722160
2019-09-02,78.61917862797402,80.59705826420358,77.81314980445048,79.884033203125,458400
2019-09-03,80.59706335794877,81.78131171969254,78.50757793942967,79.2578125,676560
2019-09-04,79.30120956385754,83.21976503901125,78.86719011602123,83.08335876464844,1367400
2019-09-05,84.32341527648029,85.68746670865838,81.87431235341182,82.28353118896484,1237200
2019-09-06,81.53329990558261,83.703385793241,80.6094610227241,82.86015319824219,353880
2019-09-09,82.86015319824219,82.86015319824219,82.86015319824219,82.86015319824219,0
2019-09-10,82.86015319824219,82.86015319824219,82.86015319824219,82.86015319824219,0
2019-09-11,83.11437609005442,85.43947048201325,83.0771723091831,84.62103271484375,1179120
2019-09-12,84.3854129435162,88.2915710145287,84.31720980511287,87.03292083740234,2466840
2019-09-13,87.03292698232005,87.17553200636853,85.56346854906003,86.52450561523438,812880
2019-09-16,88.97361271945873,89.52543095137013,87.11973596967245,89.08521270751953,1698960
2019-09-17,89.40761549772525,89.43862053635414,86.8345151754835,87.30573272705078,1126200
2019-09-18,87.42353866061632,89.59362460754319,85.6316665090554,88.56438446044922,1510200
2019-09-19,88.7937965501843,92.99136352539062,88.7937965501843,92.99136352539062,3714480
2019-09-20,94.85143720412951,95.9798855358188,93.18977258419616,95.1738510131836,4148400
2019-09-23,96.10389652964673,99.51403087498618,93.6919973205634,94.65923309326172,6276360
2019-09-24,94.86383871875725,97.03393031691785,93.93380108425963,96.68051147460938,2205720
2019-09-25,96.59991256923776,101.51051619593352,94.98784910505461,96.51931762695312,8354160
2019-09-26,96.72391710417743,97.03393344333145,94.86384177525095,95.1552505493164,1355160
2019-09-27,95.4838687812568,97.33774548311419,95.19245998985433,97.02774047851562,1210800
2019-09-30,97.90196348715874,98.89401125616925,96.41390318664207,97.64775848388672,1897320
2019-10-01,97.65395625514812,99.82404795626219,96.72391857652765,98.65840148925781,1798680
2019-10-02,98.88780893291873,101.06408796111185,98.5839913345136,100.50606536865234,1760760
2019-10-03,100.43787348818074,103.79220796668011,99.52023325766355,102.67616271972656,3111600
2019-10-04,102.9241626195847,105.08805551252829,101.88252499476862,104.67263793945312,1944120
2019-10-07,104.94546090311283,109.9056546168527,104.47424329501753,109.89325714111328,3422280
2019-10-08,110.05446317906858,113.74360887867176,105.72047848444846,106.33431243896484,6372600
2019-10-09,106.6443202959623,108.65940956963414,104.97025241795765,107.64876556396484,3031080
2019-10-10,108.38039042001272,108.75240547711459,106.0428874856903,107.34494018554688,1818240
2019-10-11,107.88437729880889,110.36447414203447,107.5743609360308,108.66561126708984,2532240
2019-10-14,109.11201301148547,109.93045068809548,107.58676034152846,108.44239044189453,2098080
2019-10-15,109.1244175596043,109.40962758187474,107.5805460323169,108.42378997802734,1463160
2019-10-16,110.28627585421626,112.36193981543128,109.53565596495264,111.672607421875,1449700
2019-10-17,111.8257942986905,112.51512671196679,107.99614380900931,108.86164855957031,814200
2019-10-18,108.76973860770606,109.71949622041465,106.54089070809312,107.34510803222656,1126000
2019-10-21,107.23020638225104,107.30680406167579,101.98358089511062,102.10613250732422,1763700
2019-10-22,101.56233704672945,103.59204715908356,100.33684419844693,102.94100189208984,984000
2019-10-23,104.16649206950017,105.31538720261965,103.41588385493515,103.6533203125,788700
2019-10-24,104.01330534132583,106.88554308996058,104.01330534132583,106.43364715576172,837300
2019-10-25,107.42169443659982,107.9961420004319,104.93242165999412,105.52984619140625,778400
2019-10-28,106.15792160757226,108.68548170861786,104.93242871414634,108.14167785644531,1031500
2019-10-29,108.08040761807096,108.95356755134728,106.46429447899664,107.00811004638672,1045200
2019-10-30,107.3527636668598,112.35428619384766,106.46428196211235,112.35428619384766,2859300
2019-10-31,114.81291182730278,117.96855163574219,114.12357944511784,117.96855163574219,3633200
2019-11-01,118.75746977503952,121.13184618135679,116.03841545822216,118.28258514404297,2586000
2019-11-04,118.71915754092484,122.51050894431492,118.71915754092484,121.23140716552734,1840500
2019-11-05,121.78288528221289,122.4645626002682,119.48509499386924,119.6689224243164,1261000
2019-11-06,121.39225393285233,122.54880406382539,119.53870467384672,120.21271514892578,1752200
2019-11-07,124.8466151938624,125.38276396462358,122.34968709736516,123.98877716064453,2686400
2019-11-08,124.45597081044494,126.53163458069417,123.00836356742752,124.86956787109375,1550000
2019-11-11,126.00317029566179,131.11192321777344,125.41341246905476,131.11192321777344,2163800
2019-11-12,133.072689105303,134.04541183950457,130.59872666602317,131.47955322265625,1822500
2019-11-13,132.11529816758426,133.50162989418212,127.60396997007236,131.56382751464844,2197600
2019-11-14,132.8735636221245,132.8735636221245,129.5953834047541,130.2081298828125,899300
2019-11-15,130.8208675451135,135.1866669154307,129.17411076585526,133.7390594482422,1968300
2019-11-18,137.86742480672672,140.42562866210938,137.82912596240268,140.42562866210938,1955400
2019-11-19,143.99484836462918,147.3649358855311,141.1992083770968,145.76414489746094,4396900
2019-11-20,146.9819694546245,149.27975956608086,143.99484698459722,145.43479919433594,3113600
2019-11-21,144.7684517721681,144.7684517721681,138.1661376953125,138.1661376953125,3428700
2019-11-22,134.79603251567875,140.93112795458313,134.1143552446894,140.24945068359375,2929500
2019-11-25,140.93113766365428,141.6204700751863,138.48016369389345,139.62905883789062,2140900
2019-11-26,139.39927177444596,140.93113190383548,132.65908486769902,134.12966918945312,3514900
2019-11-27,135.5696194723976,136.33554952591396,132.35271558506184,134.7194366455078,1341400
2019-11-28,134.80369493856534,140.624768258506,134.80369493856534,139.8358612060547,2619300
2019-11-29,141.31411743164062,143.0757591733709,139.78991217445582,140.35670471191406,2506400
2019-12-02,141.69705784214275,143.99484796931264,138.6333376725829,143.4663543701172,2716600
2019-12-03,145.51907552310155,147.25007347990663,142.99915874812487,144.73782348632812,3907000
2019-12-04,145.15141741549155,151.96820271096152,145.14376232142973,151.37843322753906,6270300
2019-12-05,153.18602761470575,157.78160844314692,153.18602761470575,155.8974151611328,4396700
2019-12-06,155.86677865546645,155.86677865546645,150.88823289988645,151.52395629882812,1932300
2019-12-09,150.8116319270014,151.4243783440765,144.77611068980124,146.13946533203125,2038500
2019-12-10,145.9096896186879,149.19552473073983,144.83739211262966,148.29173278808594,1719100
2019-12-11,148.98871441503078,151.42436632849794,145.9173274797552,147.15814208984375,1825500
2019-12-12,147.05857354085734,148.01598612901395,144.53100197069077,146.093505859375,1331100
2019-12-13,146.4841332462528,151.34779410994904,146.4841332462528,150.2984619140625,1985600
2019-12-16,150.9035644711885,154.28897440005835,150.81164490405993,152.2439422607422,4199100
2019-12-17,153.18602440667965,154.25832190265996,145.2969418123024,148.78958129882812,4009400
2019-12-18,147.05856460034317,148.8125392128594,145.52670455242296,146.752197265625,2603900
2019-12-19,147.05859227843035,148.36067122679557,139.85885337299894,142.76937866210938,3394300
2019-12-20,144.76078980110984,145.9096849582615,141.1226218034629,142.4476776123047,4526800
2019-12-23,141.12261746086654,143.91825758237567,139.48352755458785,140.18052673339844,2373400
2019-12-24,139.89712692744538,143.61189255643822,139.20779451804077,142.27151489257812,3208200
2019-12-25,142.27151489257812,142.27151489257812,142.27151489257812,142.27151489257812,0
2019-12-26,143.19063586686343,146.2926552394794,142.96852127089488,145.64927673339844,2746500
2019-12-27,146.2926517543198,148.51384440975454,145.38119304883583,145.77947998046875,3066700
2019-12-30,147.52579709458203,149.93081714217288,147.0968781083364,147.67132568359375,2419200
2019-12-31,147.98533733990206,148.51381921160464,145.79477711833968,146.78282165527344,1294900
2020-01-01,147.5181414978912,150.42866651953705,146.63731487320086,149.7393341064453,1274300
2020-01-02,150.88822801582594,157.22247314453125,149.7393328786496,157.22247314453125,7401700
2020-01-03,160.46236830667655,161.61126354514917,157.09228028202355,158.67774963378906,5846000
2020-01-06,154.94766707461582,157.00035420573326,152.80306038095858,153.4234619140625,5488000
2020-01-07,156.44123501293544,161.09043668901057,156.25740756735172,160.5925750732422,6234800
2020-01-08,157.0156668271772,164.94304785161066,156.326334428168,159.02239990234375,8739800
2020-01-09,164.2154113387485,166.77362679508738,162.95163132880865,166.09194946289062,5956100
2020-01-10,166.13024765797556,166.13024765797556,163.1431246975353,164.4605255126953,3653700
2020-01-13,164.29199998731605,167.2025365902587,160.86063654670053,165.8544921875,4659500
2020-01-14,167.66209669075744,167.66209669075744,164.67497393151726,165.3872833251953,1963700
2020-01-15,165.4409207635019,166.45960931695947,162.07083260800115,163.7405548095703,2018200
2020-01-16,163.9933055495487,164.47584528590036,162.37719245900308,162.75250244140625,1567500
2020-01-17,163.1354409461524,167.3557111949947,162.56864851779235,165.4945068359375,3040100
2020-01-20,165.44088020020808,166.92678627195252,163.1813890349066,164.16943359375,2350500
2020-01-21,167.57782856580138,168.42801137898957,163.90902881093717,165.51748657226562,3973700
2020-01-22,165.4409081308855,165.80855132099202,161.2282924145898,163.57203674316406,1992100
2020-01-23,164.6749695320336,165.19579638396982,161.99421421407027,162.54568481445312,1345100
2020-01-24,162.37718902236645,164.06223298610868,160.830006873426,163.4571533203125,1989500
2020-01-27,164.29201919889923,164.67498427861693,161.8027461807341,163.08184814453125,601100
2020-01-28,161.68782399945565,163.1277644194519,161.6112263263311,162.3848114013672,739400
2020-01-29,162.53036206568694,163.51841842237542,160.85297330581193,161.16700744628906,1679800
2020-01-30,161.5959278035786,161.60359458429727,159.69642444470034,160.66915893554688,1085100
2020-01-31,161.61126781516833,162.49208284640315,158.5935010390995,159.16029357910156,1584900
2020-02-03,156.24973976396774,157.0080147672608,152.42008927955678,155.0625457763672,3027900
2020-02-04,156.17314648474732,158.16456946768145,153.95195381599984,157.4599151611328,1750600
2020-02-05,157.4599151611328,157.4599151611328,157.4599151611328,157.4599151611328,0
2020-02-06,159.19856011409402,159.3057898499343,153.2702575227858,153.7604522705078,1241000
2020-02-07,154.7178662773758,154.7178662773758,145.91732601293188,146.8900604248047,1804200
2020-02-10,145.60332970024797,145.60332970024797,139.39929066080686,140.02735900878906,2464000
2020-02-11,141.69708120920848,146.29266222139904,140.08862318007505,144.62294006347656,1964600
2020-02-12,145.7182043814916,149.73933748531726,145.56502069592193,148.46023559570312,1487700
2020-02-13,150.12231582601734,150.12231582601734,144.76080454651674,146.23904418945312,907800
2020-02-14,145.77948409989574,148.89681367421932,143.719130165345,144.34719848632812,1667200
2020-02-17,145.52671553532866,147.67132210170345,144.07910814827963,146.8441162109375,1052100
2020-02-18,148.08492195535695,148.3530021638226,138.26570420198723,139.62905883789062,4612500
2020-02-19,140.540523154963,141.39070606308303,139.88182277851718,140.63243103027344,1190400
2020-02-20,141.68943451345487,141.69708960821552,138.4801850464355,139.13888549804688,922000
2020-02-21,139.05462299087546,140.73966700671983,138.67931300481084,139.37631225585938,684900
2020-02-24,138.82482347611563,138.82482347611563,132.89652060001814,133.45565795898438,1541000
2020-02-25,133.04205545659195,135.5696271130826,132.8888717746883,133.92288208007812,1644400
2020-02-26,134.34413096505668,134.34413096505668,128.6839081578624,129.68728637695312,4005900
2020-02-27,125.61253589846241,128.4464749197141,124.08067570457872,127.86437225341797,2919300
2020-02-28,127.86437225341797,127.86437225341797,127.86437225341797,127.86437225341797,0
2020-03-02,127.14438313558946,132.49823817500348,127.14438313558946,131.9927215576172,1883700
2020-03-03,134.0377758019975,135.10241823945242,129.15880450269808,130.20046997070312,1867200
2020-03-04,130.12386729250932,131.94678471342425,128.33159362113048,129.1051788330078,997700
2020-03-05,130.9740524958989,135.44708165925996,130.43790374124367,132.9195098876953,3855500
2020-03-06,130.20810336561146,130.8974357085636,125.61252324682519,126.19462585449219,1768000
2020-03-09,117.36346435546875,117.36346435546875,117.36346435546875,117.36346435546875,516200
2020-03-10,118.7191621449493,125.57423400878906,118.7191621449493,125.57423400878906,3136500
2020-03-11,127.32822521426093,129.21240673295213,122.31903576891261,123.41432189941406,2634200
2020-03-12,119.10212596075303,120.63398610172734,114.97376334831387,116.19158935546875,1371100
2020-03-13,112.59173137138181,122.54882326136796,109.52801078984761,121.39227294921875,2554600
2020-03-16,117.96090581523204,119.33192741712305,112.29302701391346,112.46153259277344,1257300
2020-03-17,113.35764253203885,116.42136260047234,107.35275400282872,110.26329040527344,1774800
2020-03-18,107.23020490914335,110.98325740609744,101.9989013671875,101.9989013671875,1934300
2020-03-19,94.35492467686001,105.62174916126828,94.35492467686001,100.99553680419922,4048400
2020-03-20,105.50687750617715,107.20724336357307,100.75811294315093,104.03629302978516,1840400
2020-03-23,104.03629302978516,104.03629302978516,104.03629302978516,104.03629302978516,0
2020-03-24,96.2391128540039,96.2391128540039,96.2391128540039,96.2391128540039,326201
2020-03-25,99.56325654404148,99.56325654404148,89.02405687604762,89.13128662109375,1676736
2020-03-26,89.23086160280067,92.67754724411057,86.55010610400409,87.30072021484375,1029274
2020-03-27,85.79183791887601,88.31174881892748,85.3246200589027,87.676025390625,754502
2020-03-30,86.47350611904632,88.65640565102454,83.48637767569483,88.2198257446289,683816
2020-03-31,89.23085816308794,94.43918526883873,88.77130126401183,93.06050872802734,1425063
2020-04-01,92.44775909281964,95.27404298163634,90.37208925986577,92.15670776367188,1667013
2020-04-02,93.44346768319572,99.06539154052734,92.68519855705162,99.06539154052734,1614143
2020-04-03,103.40056489494918,106.49491739834129,102.63463478461622,106.00472259521484,2294440
2020-04-06,107.23020988036967,107.23020988036967,100.10705788659774,101.01851654052734,2029266
2020-04-07,102.25166122346975,103.9367049885958,100.34449120001216,102.64994812011719,1769437
2020-04-08,101.79210603224173,103.00994377847805,100.33684351114492,102.07550811767578,1146721
2020-04-09,104.93243072233358,109.52801162988104,103.93671918826497,108.7008056640625,2854725
2020-04-10,106.46428415958107,108.76207446518353,104.97072279837263,108.19528198242188,1956309
2020-04-13,108.76207318178116,109.14503822819589,100.91128973027935,102.15975952148438,2160516
2020-04-14,101.87636226795838,103.86778527855813,101.10277704491878,102.55038452148438,948142
2020-04-15,102.63463385694428,104.92476907351998,101.12575061825324,102.4584732055664,1242334
2020-04-16,101.94530904507116,104.39628322142184,101.69255068962717,103.22441101074219,659356
2020-04-17,110.96028900146484,110.96028900146484,109.52034837171158,110.96028900146484,1812540
2020-04-20,119.2782842737263,119.2782842737263,112.59171816144278,115.0886459350586,3417357
2020-04-21,110.37052725740152,112.47683494027434,106.46427924338946,106.62512969970703,2008662
2020-04-22,103.32397200680701,108.7467588422266,102.55804186090877,107.51361083984375,1557782
2020-04-23,111.74920036901872,113.36531339745532,109.52800768523362,112.8138427734375,2448443
2020-04-24,113.89380120454794,113.89380120454794,109.91096710339127,110.24797821044922,957570
2020-04-27,109.47438529725983,109.47438529725983,106.12727444774538,107.66680145263672,1015141
2020-04-28,106.38768339895715,111.44282660000934,106.08131604193329,111.00624084472656,1168887
2020-04-29,112.28535858040291,113.54913858455518,107.34510003086993,110.72285461425781,2376571
2020-04-30,113.35764805556168,118.71915843656798,113.35764805556168,118.27491760253906,3639497
2020-05-01,118.27491760253906,118.27491760253906,118.27491760253906,118.27491760253906,0
2020-05-04,116.72772990811649,123.29175576320587,115.65543255925414,120.2663345336914,3044908
2020-05-05,124.54023034066235,125.53593005221899,121.93606116806993,124.06534576416016,2082273
2020-05-06,126.95291742097004,126.95291742097004,123.32240444390457,124.16493225097656,1453825
2020-05-07,122.62542721099112,123.88155224606061,121.32333654763211,121.69864654541016,889613
2020-05-08,122.54881911878326,123.31474923827564,121.40757903335978,122.63307189941406,579988
2020-05-11,124.08067921265416,124.08067921265416,120.63399367896932,121.32332611083984,477701
2020-05-12,121.78287585179761,122.92411581401457,120.78716446651976,122.20413970947266,409506
2020-05-13,122.93178150697204,125.52828408813735,122.2347823084613,124.1725845336914,969934
2020-05-14,124.69341889767139,124.84660257566856,123.00837506537154,124.04237365722656,517157
2020-05-15,125.22957747046202,125.61254253917903,123.73601603989897,124.76235961914062,837029
2020-05-18,127.14439558186923,127.9103256757359,122.7479526356948,123.49090576171875,1394776
2020-05-19,124.46364309181635,126.0721010004847,123.6977129804821,124.08833312988281,1717534
2020-05-20,125.60488743551821,127.52736787294974,123.78962506266613,124.57087707519531,2041337
2020-05-21,124.84660530026918,125.5359377098829,123.02368793697345,123.49090576171875,450347
2020-05-22,123.49090576171875,123.49090576171875,123.49090576171875,123.49090576171875,0
2020-05-25,123.49090576171875,123.49090576171875,123.49090576171875,123.49090576171875,0
2020-05-26,123.49090576171875,123.49090576171875,123.49090576171875,123.49090576171875,0
2020-05-27,123.49090576171875,123.49090576171875,123.49090576171875,123.49090576171875,0
2020-05-28,122.92411520027946,123.31473530971974,121.78287524376049,122.51817321777344,667435
2020-05-29,122.54884214447459,124.0041049700729,120.71061418717481,121.29271697998047,564312
2020-06-01,121.7828817838348,122.16584682089088,119.33956297747051,119.99060821533203,686646
2020-06-02,120.0595396549784,120.78717089121183,119.14042589935902,119.3242416381836,723286
2020-06-03,121.01693856434535,122.47220087221548,119.86804357797499,120.51908874511719,1281463
2020-06-04,120.62632590006321,121.26970432710665,119.48508593598756,119.59231567382812,560278
2020-06-05,119.65359622002686,119.86805570420492,118.47405736988215,119.02552795410156,496112
2020-06-08,122.47219690150429,122.54113948069607,120.5573719863015,121.56840515136719,1337080
2020-06-09,120.64931627075369,121.01695945745841,120.17443164712863,120.75654602050781,472537
2020-06-10,121.20843990986587,121.78288749237709,120.48080864278488,121.59906005859375,755352
2020-06-11,122.35734694463868,122.35734694463868,119.63829245287995,120.00593566894531,834169
2020-06-12,118.02983443297401,119.86806201910346,117.97621371552198,119.30126953125,624699
2020-06-15,118.71917864739024,118.71917864739024,112.70662202167168,113.30404663085938,1143333
2020-06-16,114.49889239633019,116.26818901936969,112.01727471826892,115.60182189941406,927884
2020-06-17,115.73970932979137,117.52432804182172,113.93211364746094,114.50656127929688,771366
2020-06-18,114.31506457002212,115.73969498792911,111.95599851847905,112.34661865234375,736583
2020-06-19,112.63769050843105,113.70233299216119,109.91098093497357,110.52372741699219,559668
2020-06-22,110.7841366597494,111.28965336472451,107.34510607169123,110.232666015625,1117870
2020-06-23,111.05986044733261,113.66401801743838,110.67689541130733,113.00531768798828,1262432
2020-06-24,113.35766042773983,115.42566946297477,112.59173028971456,113.1508560180664,1375883
2020-06-25,112.49981681868732,112.58406959716706,111.21304817346639,111.73388671875,779352
2020-06-26,113.73296075137583,114.04698319907178,112.9746857716981,113.74061584472656,1248445
2020-06-29,115.6554451842773,120.99397892014072,115.28013522762411,119.92933654785156,3424132
2020-06-30,120.25867688036676,122.35732949345568,119.52339055310607,121.1395034790039,2890666
2020-07-01,119.10213506393573,126.37847128970674,118.91065253167861,124.24153137207031,2252597
2020-07-02,125.99548055270579,126.34014670310717,122.54114058201365,123.16919708251953,1212524
2020-07-03,122.77861095233378,123.3913574375646,121.39993428235626,122.05097961425781,424749
2020-07-06,123.16156226225472,125.18361725622037,122.1658507960761,124.6781005859375,983826
2020-07-07,125.03809701109765,126.30187708396952,125.03809701109765,125.32148742675781,736812
2020-07-08,124.93086526021597,126.76143782230825,124.93086526021597,126.29421997070312,899781
2020-07-09,127.53501064080393,128.34690632517234,126.00315051410664,127.65756225585938,1700472
2020-07-10,127.14439591354645,127.14439591354645,125.65083456404335,126.14102935791016,430914
2020-07-13,126.18698130987175,134.03776466905953,126.18698130987175,133.04205322265625,4318065
2020-07-14,133.26419338885663,133.96118095557327,129.44219766463326,130.03196716308594,1771451
2020-07-15,130.78253547252731,131.4335805875194,128.67622816623478,129.35025024414062,801624
2020-07-16,129.63364987680143,132.12292232642983,129.63364987680143,130.41490173339844,975774
2020-07-17,131.51018441794534,132.0846319430853,130.2234275714709,130.67532348632812,971406
2020-07-20,132.12294905371806,135.11007192267468,131.02000778297517,131.65573120117188,2829186
2020-07-21,132.5442041676159,134.9951781136649,129.30432316529433,134.0377655029297,4469520
2020-07-22,135.56196200146317,139.77457722191326,135.1866520744437,136.99424743652344,5699176
2020-07-23,139.32267785656606,139.78224058266298,134.51263785532493,135.33984375,1884574
2020-07-24,134.12202933606278,134.80370670361143,132.88888132429878,133.55523681640625,920502
2020-07-27,133.5552086090442,135.3398268881055,132.4982331701741,134.2445526123047,991349
2020-07-28,134.41306643136332,135.91428275941558,133.73138916576343,134.12200927734375,1014174
2020-07-29,136.3355545922438,138.90142504173934,134.99517694878074,136.2589569091797,2875853
2020-07-30,137.10147815667827,139.3916132003061,135.18665304275817,138.5644073486328,2483784
2020-07-31,138.5644073486328,138.5644073486328,138.5644073486328,138.5644073486328,0
2020-08-03,140.16521056890574,143.6118960746985,139.39928045650734,142.33279418945312,4817113
2020-08-04,142.47831670859634,143.76507363274678,134.42838409057603,138.07421875,3922264
2020-08-05,138.63334871643627,140.7320014071477,137.1857412884861,139.7669219970703,1368237
2020-08-06,141.23750572506756,142.8459636094776,139.7822432103467,140.30307006835938,1961343
2020-08-07,139.40693031990452,140.9234803003141,137.18573775215154,138.74822998046875,1273706
2020-08-10,140.16519801029906,141.88854060878634,139.39926796652693,140.8238983154297,1580625
2020-08-11,142.50129847004683,145.52672004943076,141.3907021544712,143.9795379638672,4152665
2020-08-12,145.60330761354405,145.92499683304237,140.93878471290535,141.6664276123047,2096321
2020-08-13,142.27152531384283,142.27152531384283,140.08861971222274,141.68942260742188,1036716
2020-08-14,141.68942260742188,141.68942260742188,141.68942260742188,141.68942260742188,0
2020-08-17,142.0876743925249,150.8882145662289,142.0876743925249,149.5861358642578,7637592
2020-08-18,150.4976102130132,150.8882303583378,146.6756147899578,147.19644165039062,1990746
2020-08-19,148.89682295032748,149.16490318933432,145.91735500494377,146.3692626953125,1599963
2020-08-20,146.4841336273623,149.34871644789936,145.52672098927496,146.50711059570312,2554059
2020-08-21,146.3003009413981,147.59472465156986,140.92348017368298,142.8612823486328,3743485
2020-08-24,141.69706619821955,145.71819915789874,141.69706619821955,144.87567138671875,1556612
2020-08-25,145.91734110562538,147.9087640672684,144.76844594017734,146.1241455078125,2420442
2020-08-26,148.05428846285653,148.18449517545784,146.30030201516112,146.59901428222656,1853454
2020-08-27,146.5990170504362,147.9776935733738,146.0628683157288,146.6219940185547,1959635
2020-08-28,147.4032396015355,147.4032396015355,144.79908203897637,145.13609313964844,557614
2020-08-31,147.42623069638225,147.44155257165346,145.5343823076324,146.97433471679688,1237668
2020-09-01,143.99486759285784,146.36925572271306,143.24425932142935,146.0552215576172,2404791
2020-09-02,147.05858693447973,151.84565031125317,146.67562186433787,150.1912384033203,5667660
2020-09-03,150.69675585883311,154.3272689494195,150.69675585883311,151.18695068359375,5210422
2020-09-04,150.8882257140581,152.0371208337083,148.5980905681758,149.486572265625,2302008
2020-09-07,149.3563759966704,151.6541663966192,148.2151358906493,149.67041015625,1754841
2020-09-08,149.3563704748472,153.26261868520956,147.9853607292516,150.64312744140625,3445610
2020-09-09,150.88823684682362,150.88823684682362,147.63303376764088,148.81256103515625,2070007
2020-09-10,150.11464863072396,157.70500724802022,149.35637360351095,154.8174591064453,9336085
2020-09-11,155.48380770041268,157.32203523481238,153.9596026195167,155.8437957763672,2196793
2020-09-14,157.01568126374232,160.07940187376656,152.4966980388232,158.53988647460938,4876112
2020-09-15,159.69641429566673,160.69212569105832,157.20714165077024,157.84286499023438,2897224
2020-09-16,158.73135974158143,159.2215545430674,155.13914566619476,155.75189208984375,1089896
2020-09-17,157.78162102843544,160.06408974954672,157.1305756842764,157.78927612304688,1583695
2020-09-18,158.93050870484382,159.30581869181603,156.86249960370813,158.71604919433594,606303
2020-09-21,158.62412933536206,159.30580666096012,156.0582588101207,156.47952270507812,677744
2020-09-22,156.62504830903765,157.01566844755192,152.4277430011438,154.54171752929688,1148023
2020-09-23,155.10084677238964,155.8667768799076,153.30090634485603,155.1774444580078,1086802
2020-09-24,155.10849653084838,158.91516996924858,152.9945337141921,157.49053955078125,1962390
2020-09-25,157.78159879646557,160.0027913862097,155.59869336155108,156.83950805664062,1633609
2020-09-28,157.0079859397969,157.5900884991707,153.95192120696626,155.0471954345703,938289
2020-09-29,154.34255898008075,158.4709214503164,150.12228864444538,157.26841735839844,4103864
2020-09-30,157.89648461459925,159.12197744305828,152.45838794533088,153.33920288085938,3352538
2020-10-01,154.71788159848592,155.01659387269933,149.73933590348514,153.83706665039062,1190063
2020-10-02,153.95195168217404,154.71788179004554,147.44920085896516,148.9580841064453,985616
2020-10-05,147.44920423324558,151.27119976636808,145.9173439824469,147.87046813964844,2125978
2020-10-06,149.35637591104222,150.8882361767965,145.15141527416685,148.1385498046875,1596853
2020-10-07,149.35636382114134,152.42008410465192,147.90110136133995,151.7996826171875,751585
2020-10-08,152.4200744018283,160.0793746230257,151.74605224247023,159.23684692382812,4496820
2020-10-09,159.50494867840706,160.7687287109565,157.20715830128714,159.70408630371094,3059913
2020-10-12,159.1602767481805,161.91761808948397,157.03099201009374,157.74330139160156,3999261
2020-10-13,157.4369472222187,160.0411050995693,156.63271821424763,158.52456665039062,2259721
2020-10-14,157.97308281654367,160.00279290271413,156.39526868357103,158.3177490234375,1835137
2020-10-15,158.84625381958688,159.9951490480483,157.01568122305838,157.1995086669922,731252
2020-10-16,156.63271821424763,159.08369239654823,155.56807575597486,158.52456665039062,611498
2020-10-19,158.4709292614712,160.0793871082384,157.16885045974638,158.63943481445312,897648
2020-10-20,158.5628397248241,164.20774036448074,158.5628397248241,162.13206481933594,3370778
2020-10-21,163.14309506193186,163.87072624707562,160.0870300597305,160.96018981933594,1530100
2020-10-22,161.22829285307196,162.37718805154992,158.16457232379744,158.82327270507812,568239
2020-10-23,158.16455922258876,160.8453144636496,158.16455922258876,159.19090270996094,638289
2020-10-26,158.24115009029998,163.9090276810401,158.24115009029998,163.181396484375,1711461
2020-10-27,163.52608531831854,166.97277095734634,157.6667244068379,157.8505401611328,5503300
2020-10-28,157.781611375366,160.76873429449898,155.86678599459697,157.1995086669922,1152901
2020-10-29,155.10850713427948,155.11617391540128,145.5343804651237,150.43634033203125,2901833
2020-10-30,150.43634033203125,150.43634033203125,150.43634033203125,150.43634033203125,0
2020-11-02,148.5904659613057,150.1146713401449,144.76081477673597,147.57177734375,1611330
2020-11-03,149.36401926947272,155.4838047577099,148.720640813326,154.48043823242188,1598604
2020-11-04,156.24973371818893,156.9926868183908,150.88822324746675,151.76138305664062,1039620
2020-11-05,155.4837954637481,157.40627562392547,155.29231295701933,157.01565551757812,1252552
2020-11-06,157.7049865966825,157.7049865966825,153.57662425234955,154.29660034179688,570393
2020-11-09,154.92469439343517,157.0156804262167,154.5647062887042,154.86341857910156,462902
2020-11-10,160.07940673828125,160.15600443072617,156.32635355181992,156.63272094726562,870498
2020-11-11,157.6207538399741,157.73565036997311,154.90936636462254,156.11953735351562,317377
2020-11-12,155.56806921887335,155.56806921887335,150.89589074959267,151.54693603515625,696648
2020-11-13,150.92652375343494,152.02179815184155,148.20746964727914,148.8738250732422,781038
2020-11-16,148.7436370886204,150.84994506195534,147.9011209115866,149.5095672607422,210088
2020-11-17,150.80397795622835,151.65416084054837,149.892519261028,150.1988983154297,188153
2020-11-18,150.12231092178428,150.12231092178428,147.44155536960955,147.95472717285156,378779
2020-11-19,149.24149798834148,149.73934792293718,147.97005110387116,148.32237243652344,234578
2020-11-20,149.34872074070663,149.34872074070663,146.44583899377386,146.7981719970703,317936
2020-11-23,146.2926465611873,146.42285327346775,141.07666454065378,142.70809936523438,652727
2020-11-24,143.9871951063028,144.76078025371837,142.84595511808715,143.96421813964844,465272
2020-11-25,145.9862728737793,148.59043038084562,145.1437451400528,147.5640869140625,862541
2020-11-26,149.3563696616748,150.50526481291845,147.97769314274925,148.6287384033203,716440
2020-11-27,148.5980993704511,148.5980993704511,146.67561896373704,147.1045379638672,342126
2020-11-30,147.82449915762734,153.94428444412304,147.82449915762734,153.38514709472656,1905139
2020-12-01,153.10942090065296,154.71787877065978,151.6924572410429,154.25831604003906,606621
2020-12-02,153.5689776506283,155.86676783991453,152.61156507175906,155.26168823242188,626007
2020-12-03,155.25403953531756,160.0794018322888,155.25403953531756,157.1995086669922,1190990
2020-12-04,157.43692404365262,159.137289688856,155.62932865898443,156.06590270996094,355926
2020-12-07,156.97738583249364,156.97738583249364,153.72218261355152,154.77151489257812,298652
2020-12-08,155.49148077797145,155.49148077797145,152.42010498046875,152.61158752441406,837067
2020-12-09,153.0021994044425,155.10085217958567,152.57328039922584,152.9256134033203,1152184
2020-12-10,153.5689841667847,153.5689841667847,152.4200890233923,152.57327270507812,969307
2020-12-11,154.67956661282867,155.1008304651051,152.61921297028414,153.41578674316406,1556849
2020-12-14,154.33491823141966,159.00709660956977,154.33491823141966,158.1875457763672,1396176
2020-12-15,159.3134618087882,160.84532201848808,156.33399416840857,157.05397033691406,1203061
2020-12-16,157.7739290003877,158.93047912301205,156.40290772000833,156.93905639648438,473469
2020-12-17,157.77397006812976,159.17562377179465,156.6327298340854,158.8462677001953,608562
2020-12-18,159.39007225297777,165.80090400385225,157.6514075033855,163.3499298095703,4654552
2020-12-21,164.02391744343439,167.547200389345,162.76779261428774,163.7635040283203,2716261
2020-12-22,163.18140978224898,170.02882673108147,163.14311093990034,164.98133850097656,4819763
2020-12-23,165.8238622600322,169.615213817228,165.2111158588207,165.7779083251953,3728014
2020-12-24,166.9727769647136,168.50463730383942,163.90905628646198,164.72860717773438,2781288
2020-12-25,164.72860717773438,164.72860717773438,164.72860717773438,164.72860717773438,0
2020-12-28,166.2068309150255,167.66209342328614,164.48348819816465,166.9880828857422,2096775
2020-12-29,169.2705616538861,170.41945686873146,162.91333912764168,163.7864990234375,3319034
2020-12-30,164.25372456543715,167.16426158335975,163.94735716867353,166.0536651611328,1288179
2020-12-31,166.62808196393073,166.96509305031313,164.29199301256614,164.9047393798828,391129
2021-01-01,165.43325771161386,177.26687622070312,165.43325771161386,177.26687622070312,3552844
2021-01-04,190.55573400884677,190.55573400884677,183.1032378160769,189.89703369140625,8433479
2021-01-05,187.6145635837876,188.87835517975685,181.7169045307597,186.88693237304688,3858455
2021-01-06,189.95065741651294,192.82289517986746,186.1976047472625,191.0076446533203,4140501
2021-01-07,191.78888101360155,192.24844372126745,183.823213119937,184.5355224609375,2053268
2021-01-08,185.35507004226923,185.4316677212849,181.5330749278199,182.21475219726562,1176857
2021-01-11,185.36274339852204,185.92953589245352,180.384197638271,181.28033447265625,1175450
2021-01-12,181.90838557520826,183.44024566426265,180.75949050841749,182.2530517578125,653753
2021-01-13,183.81554927604572,184.05298571174248,181.5254143142379,182.16879272460938,725588
2021-01-14,181.9160484235943,183.82321852315158,180.56801569513743,182.9883575439453,821222
2021-01-15,183.74662351090103,183.93810603297874,181.1424658855105,182.05392456054688,838938
2021-01-18,182.29137339275852,182.29137339275852,178.3851250023328,179.15872192382812,690252
2021-01-19,178.2396129226707,183.05730849338593,177.69579736596458,181.08120727539062,1243674
2021-01-20,180.38419705610966,182.6743323058139,177.92556793341043,181.75521850585938,1057533
2021-01-21,181.5637277032704,183.73131123095834,180.77482065627015,181.8777618408203,592685
2021-01-22,182.29135809552534,185.31677955841715,180.45313058791564,180.88204956054688,1241639
2021-01-25,180.7595221925479,183.44027781828484,180.6829244998029,182.32968139648438,789116
2021-01-26,182.2913730220271,187.2699189238892,182.2913730220271,186.39675903320312,2470402
2021-01-27,188.5030613767868,190.09619742103837,186.50398330589812,187.11672973632812,2987294
2021-01-28,186.81035884738526,186.88695653722618,183.0573057885125,183.73898315429688,1260114
2021-01-29,183.82323742905078,187.8060719025802,182.44456081089956,186.11337280273438,1845925
2021-02-01,188.4187784673158,188.49537614155847,182.45218895820307,183.99935913085938,1107290
2021-02-02,184.589174312048,197.79380320213534,183.2104976436532,194.33946228027344,8596568
2021-02-03,196.07810605138735,198.18441383123624,190.4102279732058,193.9105224609375,3344002
2021-02-04,195.6951346607311,197.22699481463115,191.09955419903096,193.63478088378906,3836066
2021-02-05,193.63478088378906,193.63478088378906,193.63478088378906,193.63478088378906,0
2021-02-08,195.312175968244,196.8440361719165,190.86212394652193,194.1020050048828,3929329
2021-02-09,196.0781139078776,199.90009778902984,195.31218377542496,197.1963653564453,3822854
2021-02-10,198.37589895165556,200.6736892870029,197.22700378398187,198.62100219726562,2525152
2021-02-11,198.4524860344262,199.90774849419208,190.7165876438844,192.1565399169922,2088939
2021-02-12,191.52083517457203,194.92922198381046,189.56771096657403,190.68597412109375,994354
2021-02-15,192.2484513655786,195.15898802647467,191.32933760086553,192.98374938964844,1215684
2021-02-16,192.16419651396043,197.18870763532982,192.16419651396043,193.44329833984375,2518279
2021-02-17,197.60996862522578,200.29072401355248,195.3964310720655,197.15040588378906,3058074
2021-02-18,194.55390403507488,194.55390403507488,187.79840650743114,188.99325561523438,2508964
2021-02-19,189.9353455636161,191.48252765951142,186.2665454760129,187.80606079101562,604327
2021-02-22,187.66054464324768,189.18474987186255,185.35509906473982,185.67678833007812,864719
2021-02-23,186.88695089488868,187.01715761395386,183.05730026179668,183.5015411376953,545453
2021-02-24,183.43261071194337,183.50919671250617,178.46171996978288,179.71018981933594,808383
2021-02-25,181.6020383363453,183.0573009071844,181.3339581162172,182.3909454345703,362331
2021-02-26,182.36795304195712,183.74661780839776,178.9212677515249,181.24203491210938,1472174
2021-03-01,181.52543828260556,182.29136840194147,175.39799732791846,179.2123260498047,598982
2021-03-02,179.99357028561084,187.07842358408703,179.99357028561084,184.12193298339844,1949369
2021-03-03,186.1056947812172,187.26991182035965,183.8308814204506,185.12530517578125,444040
2021-03-04,179.227644597303,184.2368223424131,179.00553000917216,180.8743896484375,777305
2021-03-05,181.52542483009958,185.3550751429709,180.00888657860884,182.9270782470703,524016
2021-03-08,186.8486431356463,187.3158609580769,178.23192962233563,179.41146850585938,959937
2021-03-09,180.3535534293615,180.75949542903825,172.2193798749477,173.33763122558594,590807
2021-03-10,174.21079336262028,175.0686429945886,169.2705467122963,169.91392517089844,566874
2021-03-11,168.6960875067376,171.9283131376401,164.67495488739425,166.56680297851562,1378091
2021-03-12,168.55021643511162,175.40981826677313,166.5668125196183,173.47344970703125,812843
2021-03-15,176.4289871122862,185.39742975138805,174.90811325718144,184.770263671875,944838
2021-03-16,185.01326640132592,185.01326640132592,180.46632780071843,182.05775451660156,482204
2021-03-17,183.83735472455072,186.02458280737338,182.11265698737833,183.42185974121094,599715
2021-03-18,183.41400873011185,183.90789195410164,176.38977081559955,177.91064453125,434065
2021-03-19,177.95768584224857,183.60215630471743,176.38977671588515,183.0533905029297,609876
2021-03-22,183.83732013684045,191.85717088124176,180.30952508090962,189.9678497314453,2092507
2021-03-23,189.9678497314453,189.9678497314453,189.9678497314453,189.9678497314453,0
2021-03-24,187.76494106664046,193.73868258886154,185.95400805590526,190.42254638671875,899233
2021-03-25,191.36328690915536,192.8371131476343,187.6159855779129,189.34068298339844,572057
2021-03-26,188.9251786737139,188.9251786737139,185.01324183861732,185.56985473632812,427778
2021-03-29,185.7893776795614,186.18919016046274,177.17371358427192,179.58045959472656,782778
2021-03-30,178.70243115474295,182.2615913885773,177.25212246427293,178.61619567871094,448301
2021-03-31,179.21199442295463,185.40522987491272,179.21199442295463,180.8034210205078,1945617
2021-04-01,180.80343926846362,182.66140769913116,176.38977138328116,177.77737426757812,285398
2021-04-02,180.3016911440806,180.70150361358134,176.39758930789125,177.4559326171875,240616
2021-04-05,178.93762315624969,178.93762315624969,173.64593002895643,173.9359893798828,351202
2021-04-06,174.03789229073206,179.05519611243338,173.82622123447715,177.9654998779297,657662
2021-04-07,179.3295821225207,179.3295821225207,172.46998062056633,173.598876953125,554292
2021-04-08,174.03005412103465,177.94197920352877,173.60671201565566,176.9620361328125,338498
2021-04-09,178.74162529261125,178.89841379955146,176.46816203648726,177.46377563476562,436947
2021-04-12,176.4916756391064,177.46377153700723,173.2461045753814,173.457763671875,376282
2021-04-13,174.02223367763835,174.02223367763835,172.11722979711394,172.8619842529297,397890
2021-04-14,173.23827217889286,174.8218637108005,172.60327091075584,174.29661560058594,314043
2021-04-15,176.00561035097053,177.0796360884019,173.2539345208533,173.73214721679688,482849
2021-04-16,173.68512579861047,175.44902346353433,172.665982533104,173.1833953857422,148195
2021-04-19,170.90992851904508,172.94037991120888,169.74184388592008,170.6433868408203,382648
2021-04-20,172.8541419520309,173.24611922457302,169.76535913044717,170.3611602783203,450036
2021-04-21,170.90208849461436,172.4699975633723,168.5580601304304,169.22442626953125,359967
2021-04-22,168.2052783805519,173.30098271460426,168.00145451358057,168.6207733154297,862221
2021-04-23,168.15825351889305,168.15825351889305,165.0224352714545,167.14695739746094,445386
2021-04-26,165.02243515151025,179.6823830551907,163.07038398750754,175.2216796875,1816013
2021-04-27,173.6537509810843,174.0457282175239,167.80545731223506,168.84027099609375,732651
2021-04-28,169.7261436542152,174.42987049913572,167.8838458550763,168.74620056152344,815961
2021-04-29,168.471814651897,175.1354277985354,168.471814651897,169.69479370117188,1194360
2021-04-30,170.1338066290911,170.90207867924343,165.53198564228782,166.38650512695312,464658
2021-05-03,166.90392590506735,168.47183507077844,165.41441698252086,167.09991455078125,546282
2021-05-04,166.9822986373366,169.21657361524967,166.9822986373366,168.04847717285156,275784
2021-05-05,172.46997430606933,175.60579202072512,170.51008823440944,173.39503479003906,1190131
2021-05-06,175.60580909093161,176.38976359580184,172.8619683238858,173.7948760986328,846694
2021-05-07,173.7948760986328,173.7948760986328,173.7948760986328,173.7948760986328,0
2021-05-10,173.7948760986328,173.7948760986328,173.7948760986328,173.7948760986328,0
2021-05-11,173.7948760986328,173.7948760986328,173.7948760986328,173.7948760986328,0
2021-05-12,173.7948760986328,173.7948760986328,173.7948760986328,173.7948760986328,0
2021-05-13,173.7948760986328,173.7948760986328,173.7948760986328,173.7948760986328,0
2021-05-14,173.7948760986328,173.7948760986328,173.7948760986328,173.7948760986328,0
2021-05-17,175.21383166180513,176.23297490954798,172.32103762779974,173.0893096923828,1028596
2021-05-18,173.95167924071868,182.66925024033173,172.46217034104004,181.093505859375,3726803
2021-05-19,182.50460068087554,182.50460068087554,177.17370796042366,177.53433227539062,1068975
2021-05-20,177.57352467721742,178.7259387179682,176.3897577206825,176.67198181152344,408768
2021-05-21,176.46816995638275,180.54473113076622,176.38193447936592,179.79212951660156,765532
2021-05-24,179.79212700172997,180.93670586592532,177.29131016541965,177.89495849609375,286900
2021-05-25,178.3104480009822,179.12576737692427,175.95858450931254,176.5543975830078,1031078
2021-05-26,177.56570792441357,180.309548885718,176.46817632477072,179.25120544433594,2375909
2021-05-27,180.78775507665776,182.6692411683048,176.78174694023377,178.122314453125,1922386
2021-05-28,177.95768121203085,182.6535732296996,177.9027986521814,181.63442993164062,3146827
2021-05-31,183.44534355915593,188.9330247767375,183.05336632932867,188.2353057861328,3896698
2021-06-01,189.7169830087751,190.10112500803467,185.64042212995136,186.65171813964844,1614510
2021-06-02,187.36512520353241,189.62291798786273,185.01326170725375,188.69784545898438,2581553
2021-06-03,192.0688544939509,193.55836327453562,189.9286620361476,190.63421630859375,4500280
2021-06-04,191.66121463774914,192.46085166823008,189.75621072765375,190.53231811523438,2438321
2021-06-07,194.42072369803958,195.00085435740039,187.76494542311502,188.65081787109375,2819175
2021-06-08,187.44353628723078,188.54106786413905,183.53159880561302,184.8251190185547,1648975
2021-06-09,185.60122126539773,186.18918711945918,181.2894716689471,181.9009552001953,1261588
2021-06-10,182.49677149738918,185.87562560181766,181.72849940015482,184.37042236328125,1099462
2021-06-11,185.01326437742216,187.26320999343116,182.07343496464534,182.49676513671875,1080036
2021-06-14,186.3851865702337,186.41653948757303,182.12831928127267,183.6570281982422,1640245
2021-06-15,184.2293147189701,188.69785315162915,183.44536018825107,185.42092895507812,2379998
2021-06-16,186.58117288425927,187.75710464613485,183.44535485259107,184.13523864746094,1811010
2021-06-17,183.44536316061684,184.8956838508253,182.03424259001883,182.39486694335938,636617
2021-06-18,182.39486379009722,183.7589370162622,181.09349639958853,183.04554748535156,1779605
2021-06-21,182.65356370148172,183.05337619105435,178.7416264306655,179.61181640625,660225
2021-06-22,179.9175579836642,181.4462668682103,178.15366035637336,178.7965087890625,1035031
2021-06-23,178.8200426501321,179.90189182514976,176.38977869216114,177.06398010253906,1232807
2021-06-24,177.16587709366488,179.51774053170115,176.86013532520798,178.2320556640625,530214
2021-06-25,179.51774812097116,179.6039835958327,175.2295159806872,175.9193878173828,1098470
2021-06-28,175.91939412335856,176.23298311691244,172.46999892964445,173.00308227539062,4588746
2021-06-29,173.33235657404094,176.54656306626387,173.2382738933213,173.8968048095703,818098
2021-06-30,174.97864893882107,177.07965330238824,173.10499808808981,175.8018035888672,1048507
2021-07-01,175.8018219363451,178.1928858980416,175.7939866966077,176.71121215820312,706794
2021-07-02,177.47947394765492,177.95768671202094,175.37063424843754,175.715576171875,476989
2021-07-05,175.2138378123946,177.09532390335363,174.4298832807955,174.94729614257812,3538422
2021-07-06,175.05703471112668,179.1335955433054,174.93943436386826,177.28346252441406,1345807
2021-07-07,177.9576688861638,177.9576688861638,175.60580542070787,177.04827880859375,675890
2021-07-08,177.94982920073235,180.8974936973848,177.56568720458355,180.36441040039062,1647015
2021-07-09,180.46631646898584,181.63441293481827,177.17371008984387,178.71026611328125,807934
2021-07-12,178.73380238021335,179.52559217029398,177.17372851740802,177.31483459472656,285749
2021-07-13,177.48731018729134,177.71466371183715,175.80181264359183,176.3035430908203,257872
2021-07-14,176.42897951179302,178.03608878312465,176.39761462995963,177.7460174560547,402559
2021-07-15,177.22075195139794,181.09348908650668,177.22075195139794,179.8391571044922,1206603
2021-07-16,179.52558464320046,180.92885796721967,178.7416301251079,178.82786560058594,527768
2021-07-19,179.44718394160384,179.52558417808865,176.9777320008887,178.10662841796875,383606
2021-07-20,178.10662841796875,178.10662841796875,178.10662841796875,178.10662841796875,0
2021-07-21,178.10662841796875,178.10662841796875,178.10662841796875,178.10662841796875,0
2021-07-22,178.10662841796875,178.10662841796875,178.10662841796875,178.10662841796875,0
2021-07-23,178.10662841796875,178.10662841796875,178.10662841796875,178.10662841796875,0
2021-07-26,177.17370745828856,178.14581529232626,175.9977757716185,176.8679656982422,551459
2021-07-27,177.17371596518785,177.17371596518785,165.50063400685426,172.6189422607422,710689
2021-07-28,174.8218471897464,175.1354241935492,170.98047506328058,172.1485595703125,525890
2021-07-29,172.45432238042963,174.80618608253678,169.33418655171604,172.54055786132812,597756
2021-07-30,172.85413262283163,176.38976312394763,169.7339850890133,173.12850952148438,611132
2021-08-02,172.46215695921404,174.62586710039724,171.29406043293736,173.52833557128906,621948
2021-08-03,173.44992877258278,176.27216968664223,173.44992877258278,175.7782745361328,755664
2021-08-04,176.31138112743056,177.17373595456635,174.4298949110222,174.93162536621094,454804
2021-08-05,175.20598877043167,175.40981262619897,173.57536203770562,173.84190368652344,117881
2021-08-06,174.03790018537765,174.97080796068315,172.86196842736837,172.9952392578125,111174
2021-08-09,173.25393994425403,173.9594941908228,171.2940537457896,171.74874877929688,402948
2021-08-10,171.6938665782383,172.62677432458412,170.1259576162308,170.85504150390625,226856
2021-08-11,170.95694164865904,173.25392229744585,170.31409329918603,171.3724365234375,741270
2021-08-12,171.72523361515184,172.4621527505109,168.16607352782108,168.7618865966797,607670
2021-08-13,169.24792260474433,169.24792260474433,167.76624920010968,168.01712036132812,489646
2021-08-16,168.15824273560284,170.54930638838522,167.178299596118,168.65997314453125,397206
2021-08-17,168.75403880885852,173.2539418771256,168.75403880885852,172.2191162109375,508625
2021-08-18,172.2191162109375,172.2191162109375,172.2191162109375,172.2191162109375,0
2021-08-19,172.2191162109375,172.2191162109375,172.2191162109375,172.2191162109375,0
2021-08-20,173.24613248453986,177.87929510933284,172.62680164769037,177.05615234375,1150578
2021-08-23,178.8984256884291,182.5751744371715,177.05613967560697,181.3286895751953,3228383
2021-08-24,178.3888410699068,179.3687841520726,174.1554797776329,174.8140106201172,3432799
2021-08-25,174.63370856110748,175.8410052483376,172.62678685797874,173.026611328125,620371
2021-08-26,173.2617797714489,173.8419104079495,170.5571391383755,170.79232788085938,500853
2021-08-27,170.90207303611223,171.5370742375703,168.5580448839512,170.07891845703125,731273
2021-08-30,169.7261418493818,172.46214724147364,169.3341646164733,170.80015563964844,746275
2021-08-31,170.58852030232538,172.07802920992407,169.33418819746515,169.8202362060547,294496
2021-09-01,170.51793816892663,171.43516349405394,170.39251454079877,170.9647979736328,342156
2021-09-02,170.33763912375608,171.0431934150586,168.5580589933061,169.490966796875,526249
2021-09-03,169.56935542774158,170.11812116810273,168.08768194766853,168.65213012695312,334152
2021-09-06,168.52668898962622,170.03188009741385,168.08767641179594,169.07545471191406,382961
2021-09-07,168.62860895383736,169.3341631822183,166.00235673071634,166.9822998046875,579993
2021-09-08,166.9979938978671,167.75843073331433,166.59033420123023,166.91175842285156,494199
2021-09-09,167.76626283912108,168.55021733836932,167.02934369587632,167.6173095703125,121798
2021-09-10,166.9823107906934,169.09898557729105,166.9823107906934,167.8995361328125,211983
2021-09-13,168.55021931731784,171.60763711540454,168.15824206309154,169.59288024902344,492097
2021-09-14,169.72615667003228,170.11813393716864,165.53199512679478,167.6643524169922,520390
2021-09-15,167.852504626016,168.47182344035036,165.2105816920808,166.31594848632812,283946
2021-09-16,167.33508337186,167.82897852809032,165.5006327375706,166.44137573242188,234340
2021-09-17,166.90390721873186,166.90390721873186,161.88660323506596,162.9606170654297,617453
2021-09-20,163.0625382164324,163.0625382164324,160.31869742913665,161.45542907714844,208407
2021-09-21,161.45542907714844,161.45542907714844,161.45542907714844,161.45542907714844,0
2021-09-22,160.49901018243992,160.7028460193542,154.43904491659967,158.4999237060547,804947
2021-09-23,159.15059556666884,160.31869205477884,155.22298790633843,156.90065002441406,332474
2021-09-24,156.7830712539262,158.74295758508694,154.2822543814136,155.70904541015625,577735
2021-09-27,154.8466990576161,157.535657300569,149.7353122735237,153.22390747070312,722958
2021-09-28,153.22390747070312,153.22390747070312,153.22390747070312,153.22390747070312,0
2021-09-29,155.88935209564065,156.00694048197983,151.7030261090261,153.27093505859375,787079
2021-09-30,152.86330448424448,159.1427762249564,152.0950204000316,157.56703186035156,1158987
2021-10-01,159.13491953516927,159.13491953516927,155.22298248829108,155.61495971679688,974301
2021-10-04,155.14459038433426,158.045231596972,153.65508162286866,157.08880615234375,502445
2021-10-05,156.7987443431547,158.1236294390358,156.00695455857,156.751708984375,143874
2021-10-06,156.79089867113055,157.56701792594328,155.22298968441925,155.75607299804688,117627
2021-10-07,154.83100883790704,156.9868836445108,154.83100883790704,155.63064575195312,114698
2021-10-08,155.22297642341664,156.00693084979756,153.96864455632914,154.46253967285156,138660
2021-10-11,153.65508899630825,154.4390435320037,151.2248251507736,151.4913787841797,351818
2021-10-12,150.527117493001,153.65510063372153,147.46969935710706,152.33021545410156,889337
2021-10-13,154.55346318142668,155.29729833406734,147.11506121012806,150.9995574951172,504402
2021-10-14,150.4210186759399,157.03293158477243,147.95808464854224,154.93365478515625,412007
2021-10-15,156.19818619382426,158.68591395061378,153.56994418618106,157.04946899414062,427290
2021-10-18,154.80141980431372,159.95044366060995,154.56173088932272,155.26425170898438,787815
2021-10-19,155.26425170898438,155.26425170898438,155.26425170898438,155.26425170898438,0
2021-10-20,154.96670028440786,159.0164916740181,154.96670028440786,156.6692657470703,506769
2021-10-21,157.42137576656967,158.85119834101235,156.413058082057,157.35525512695312,499391
2021-10-22,157.32219317615994,157.437901136846,151.74339217858295,152.71864318847656,698277
2021-10-25,151.25575406241424,153.72696082212155,150.51191897389273,152.71864318847656,162970
2021-10-26,152.8922281371816,152.8922281371816,150.42102110751773,150.9665069580078,151015
2021-10-27,153.06576808428633,157.1982132950458,152.07398375594846,154.00796508789062,809602
2021-10-28,154.97496821023728,161.1240491958857,154.38816800542867,157.8015594482422,1168328
2021-10-29,158.27266284193368,158.27266284193368,156.206440089428,157.2891387939453,278370
2021-11-01,157.85939938446668,163.39687317570895,157.85939938446668,161.6033935546875,866589
2021-11-02,161.99185918328706,164.42173908883197,161.21495743267366,162.38031005859375,630051
2021-11-03,162.4050862022358,163.64481968469562,157.86765711639327,158.85118103027344,753617
2021-11-04,159.9256135248396,161.16534696301667,158.27263560727022,159.06607055664062,335843
2021-11-05,161.16536221762962,161.8265559694848,159.0991396250959,159.92562866210938,539160
2021-11-08,160.61987710672554,160.61987710672554,157.85940673810327,158.2891845703125,278698
2021-11-09,158.33051850533343,158.97517897637778,155.17332417838378,155.66094970703125,543304
2021-11-10,155.83451542945832,157.58666820831056,155.3799439223347,156.0411376953125,361509
2021-11-11,155.37994893057177,157.42963834276887,153.02444997942243,153.67738342285156,236088
2021-11-12,152.90874043951766,153.72696917030294,150.84251773561573,151.8425750732422,253856
2021-11-15,151.2474956010679,151.66074012456806,149.677171456256,150.56150817871094,162269
2021-11-16,151.90870281265623,154.26418923845594,148.76804163370016,153.75177001953125,469007
2021-11-17,153.64430440258135,153.64430440258135,150.18132598802896,150.62762451171875,274896
2021-11-18,149.84246852433222,151.2474973986876,148.76803022821733,149.92510986328125,493243
2021-11-19,150.75159441006204,151.23923252352802,149.18127029356586,149.6193084716797,378742
2021-11-22,149.5862600521847,149.5862600521847,147.1977071645672,147.80104064941406,835628
2021-11-23,148.09857545119976,149.58625826910873,142.9826061944245,143.41238403320312,915247
2021-11-24,143.73470181541202,145.79265130839542,137.1971709443238,138.26333618164062,2737292
2021-11-25,139.59400180071788,140.08990029758777,132.32090792144365,135.61859130859375,1891318
2021-11-26,136.8583225477769,138.84190388936833,132.32090560897169,136.37069702148438,2615394
2021-11-29,136.12273591751133,146.59435004491584,134.10610073764545,145.84225463867188,1940503
2021-11-30,147.7762423009809,152.07398277006442,144.63558143891996,148.3547821044922,7106828
2021-12-01,149.59451846454039,150.62762977990323,148.35478488610497,149.00770568847656,572567
2021-12-02,148.6027322452588,150.00776109414414,139.67664807113147,142.7263946533203,1887180
2021-12-03,139.7675577316586,149.18126710136215,139.7675577316586,144.80087280273438,1374891
2021-12-06,147.11506767486912,150.42102425183248,145.04884481426703,146.2224578857422,1878974
2021-12-07,146.495189237076,151.22270777734798,145.8835827786413,147.22250366210938,1525571
2021-12-08,148.76803366306746,149.17301785030145,145.71002660446,146.3877410888672,529704
2021-12-09,147.10679222191413,149.92511032992525,145.94143962147263,147.25555419921875,992350
2021-12-10,147.9415494114455,147.9415494114455,145.4703424538621,146.4951934814453,185668
2021-12-13,145.98276443258524,148.7184411608354,142.24703040835348,144.30499267578125,535435
2021-12-14,144.38763268028197,145.93317575979796,142.99913714729044,145.3959503173828,170250
2021-12-15,147.1150465430452,155.4625907453134,145.39594785661131,153.5533905029297,2308008
2021-12-16,153.55339857227446,153.55339857227446,146.37121915647936,148.80108642578125,1566457
2021-12-17,149.4292388167139,151.6607569692207,146.28857756704122,149.47056579589844,442337
2021-12-20,148.76802679008523,151.34666855218902,148.1894869859237,150.90863037109375,397366
2021-12-21,151.57807615659294,152.0739745965048,147.54481844944647,148.08203125,489513
2021-12-22,148.08204863459056,148.97465836449012,146.9580229685566,147.24729919433594,327167
2021-12-23,148.00764637642902,149.5118497451678,147.04065579412102,147.37124633789062,359953
2021-12-24,147.19770155929152,148.72669870088177,146.37121252776538,146.77618408203125,133968
2021-12-27,147.28036054134398,148.3465385820355,145.1562900336727,146.9745635986328,343240
2021-12-28,146.38775390891252,148.76804669156917,146.28857924670967,147.13986206054688,297119
2021-12-29,147.09852552023688,152.90048249525316,146.08194746505944,151.09046936035156,1532318
2021-12-30,149.80113256767424,152.23927261687624,148.36303715498485,149.31350708007812,842211
2021-12-31,149.59451863088168,152.4706970049078,148.7680295776724,150.33009338378906,1330642
2022-01-03,150.34663825283073,152.03267050204178,149.01599027043073,150.94171142578125,390101
2022-01-04,151.23096172571258,152.28060634263574,149.6027773002884,151.627685546875,378408
2022-01-05,151.24750636330805,156.52877124498778,150.99955710932034,155.36341857910156,1344040
2022-01-06,154.553454446542,154.553454446542,151.34667285345043,151.79298400878906,345220
2022-01-07,151.2640455688819,153.30547474865298,151.2640455688819,152.0244140625,428870
2022-01-10,151.83431465501715,155.37994726439985,151.74340035163695,154.68569946289062,877123
2022-01-11,155.17331985267353,155.3303547906928,152.4872304277937,153.83441162109375,483496
2022-01-12,153.37985121598922,156.11552816422298,153.37985121598922,154.93365478515625,629202
2022-01-13,155.95020864055533,156.45436742599352,152.91699557811336,153.45420837402344,419530
2022-01-14,155.25596889307369,155.4129912149055,152.85914314608567,154.0162353515625,569858
2022-01-17,154.54521049800607,154.54521049800607,151.5781048688262,153.74351501464844,241125
2022-01-18,153.72696053557638,154.8013988034995,152.99138579875287,153.86746215820312,342172
2022-01-19,154.14020779933446,154.4625380243319,147.32167313796978,148.5531463623047,607202
2022-01-20,148.3547734872697,150.81770714271312,146.29681136515043,150.00775146484375,529319
2022-01-21,150.0077577441808,152.0739803026406,149.26392266762394,150.62762451171875,258434
2022-01-24,149.75982394798626,154.96670785412962,149.5284080064886,152.98313903808594,1163989
2022-01-25,154.14022022656667,156.6610145541251,153.3963850662092,154.15675354003906,1788495
2022-01-26,154.38814433848924,156.19815722661426,152.9004616488508,153.85919189453125,318582
2022-01-27,155.1815946900743,156.41306803525353,153.91706732859467,154.1484832763672,713428
2022-01-28,154.55347155752818,155.58658299842074,152.90049325210006,153.33853149414062,474151
2022-01-31,153.5203493023846,155.71054035830636,152.98313643545217,155.2559814453125,511081
2022-02-01,155.35514128933224,156.82629072837395,154.39641100443137,155.7105255126953,646684
2022-02-02,155.297296561263,159.42974205369921,155.13200126381014,158.72723388671875,1478594
2022-02-03,160.3306107526863,160.3306107526863,157.12382929503718,157.34698486328125,750513
2022-02-04,157.85942327356562,162.40511347254267,157.0742611250779,161.35546875,2169200
2022-02-07,160.9587537344272,164.47133244236718,159.92564234973895,160.64468383789062,1185706
2022-02-08,160.65293760586337,161.4959473149684,159.71900099009753,160.22315979003906,280231
2022-02-09,160.22317515840362,161.99186130287384,159.92563858217392,161.54556274414062,508581
2022-02-10,162.81835003234693,164.45479489239264,162.19848321750297,162.6943817138672,1157911
2022-02-11,162.40511244629695,163.6448461290931,154.6361197452636,155.15679931640625,2890182
2022-02-14,155.1733194227036,155.79318621134288,150.8590455648763,151.47891235351562,1156904
2022-02-15,151.66900277903466,153.22280624659055,150.66895807925664,151.9913330078125,480872
2022-02-16,152.735190714946,153.0823146293099,150.42927902572583,151.0574188232422,271046
2022-02-17,150.13172368870147,150.94995234900466,148.39610433366335,149.1977996826172,533667
2022-02-18,149.18128172166703,152.69386037716336,148.7845704870122,151.46238708496094,786613
2022-02-21,151.24749699285877,153.05751004024097,151.18963670564972,151.3632049560547,819534
2022-02-22,150.68548100217734,150.72679536332882,148.35477596154016,149.6275634765625,678191
2022-02-23,150.79293163268983,150.79293163268983,148.10684209581103,148.76803588867188,566239
2022-02-24,147.94154378329077,147.94154378329077,142.15612028338555,143.5776824951172,902620
2022-02-25,145.46206601524807,146.4538503067441,143.57767207803917,145.86705017089844,558039
2022-02-28,145.4538115804637,150.41274585083443,142.98260479568904,149.8176727294922,459030
2022-03-01,153.72696046261305,153.72696046261305,148.72669928016003,149.79287719726562,1631059
2022-03-02,147.982850893971,147.982850893971,144.55291414129798,147.0571746826172,2377738
2022-03-03,146.4951869948274,147.1315871069909,142.77598619665127,144.8422088623047,1064947
2022-03-04,143.80909778639105,144.63558685412895,142.85864040298145,143.03219604492188,474260
2022-03-07,142.48670525467082,142.48670525467082,134.96566256779406,136.2963104248047,1368270
2022-03-08,135.95744978852946,136.9079071589756,132.2299886839113,132.5853729248047,891659
2022-03-09,132.65148595732208,133.05647011181094,130.95718096646402,131.8249969482422,418571
2022-03-10,133.89123358026757,135.95745632070378,131.94897915976838,135.18882751464844,548284
2022-03-11,134.70117503736108,135.5441973569426,132.89943505270998,133.635009765625,324998
2022-03-14,133.64327905120024,134.51109509015538,132.11428185039577,132.3539581298828,657370
2022-03-15,133.06474115808476,135.3375861157539,132.35396004869204,134.93260192871094,175756
2022-03-16,135.51941056944392,137.00709338204013,134.96566441915962,136.32110595703125,335660
2022-03-17,136.3706903847494,137.19717941738423,134.71771231947972,135.00698852539062,241112
2022-03-18,133.0647454268324,133.43666300050134,128.27937907501666,129.09759521484375,1969868
2022-03-21,128.94883285598138,130.5852777421136,128.94883285598138,130.2464141845703,581295
2022-03-22,130.95719338023122,131.32911094732788,129.27942154165646,129.5604248046875,260108
2022-03-23,129.5604248046875,129.5604248046875,129.5604248046875,129.5604248046875,0
2022-03-24,129.76703807771784,130.50261281006794,127.8991774097064,130.18028259277344,454355
2022-03-25,130.1802633873584,131.07287292153896,128.77523476569675,129.469482421875,897935
2022-03-28,129.51084866615773,132.1556114521637,128.6099785097285,131.69277954101562,294068
2022-03-29,132.8994519425697,138.02368192285007,132.4035534300942,137.1641387939453,996430
2022-03-30,136.5773311377892,138.01542678935616,132.74242201150082,134.80038452148438,1488784
2022-03-31,134.63507839729354,139.67666729073866,134.22183381951027,137.75094604492188,1205187
2022-04-01,137.61043403257304,139.83369171131537,133.89123311277376,137.56910705566406,647062
2022-04-04,133.72593584577945,134.29621532954067,127.89918530171218,129.22157287597656,1454985
2022-04-05,129.9240825933918,130.95719395722477,127.96530748315571,129.44471740722656,585586
2022-04-06,130.00673878086653,131.57706303638614,129.65134190776547,129.93235778808594,339181
2022-04-07,129.8000950265414,131.3952126823773,129.8000950265414,130.54393005371094,452860
2022-04-08,129.34553214860992,134.22181234167266,129.34553214860992,133.54409790039062,915671
2022-04-11,137.610443080089,141.7428888182298,137.21373182037007,141.19740295410156,2806493
2022-04-12,141.32961480239996,141.4949100752463,138.02365890058942,139.44522094726562,1097011
2022-04-13,139.18074346618766,142.5693534328483,138.3790481220444,139.63531494140625,1527351
2022-04-14,140.37090056601355,141.49492620521326,138.89149068024255,139.99072265625,716111
2022-04-15,142.1478428134708,142.56934764908942,139.75929018918995,141.37094116210938,1473955
2022-04-18,139.26340199981274,144.22233619565176,138.60220825145652,141.5527801513672,2854897
2022-04-19,141.74287734045103,141.74287734045103,139.69318795145153,140.01551818847656,858217
2022-04-20,140.91639708346574,142.56937534837442,137.37902460545902,137.99063110351562,492050
2022-04-21,137.23851240274573,138.85016356473477,136.37069635822166,136.7756805419922,271186
2022-04-22,138.0236730303374,138.8501620903993,137.03188868050754,138.15591430664062,359383
2022-04-25,140.91638734472082,143.06526398508237,140.91638734472082,141.28004455566406,1884703
2022-04-26,141.25523748274378,141.25523748274378,138.60220225383497,138.8336181640625,481517
2022-04-27,138.85016517540691,139.67665425383194,138.0236760969819,138.61048889160156,432743
2022-04-28,138.8501464336325,142.8999373267918,136.3789398826611,140.1642608642578,3048107
2022-04-29,140.1642608642578,140.1642608642578,140.1642608642578,140.1642608642578,0
2022-05-02,140.1642608642578,140.1642608642578,140.1642608642578,140.1642608642578,0
2022-05-03,140.1642608642578,140.1642608642578,140.1642608642578,140.1642608642578,0
2022-05-04,140.1642608642578,140.1642608642578,140.1642608642578,140.1642608642578,0
2022-05-05,140.1642608642578,140.1642608642578,140.1642608642578,140.1642608642578,0
2022-05-06,140.50314876680758,142.89996214245804,139.71798663417886,140.2056121826172,1185234
2022-05-09,140.33785456436354,140.33785456436354,131.82501413850395,133.1721954345703,856653
2022-05-10,132.30436068958346,135.5359357076502,132.30436068958346,134.72596740722656,906643
2022-05-11,134.71770599819257,135.13095049511955,128.3124162958245,131.91590881347656,800512
2022-05-12,132.2382592636297,135.54421574522044,130.62660800109884,134.6598663330078,1120197
2022-05-13,135.13095347403004,136.7839314981772,133.89948030600067,135.70123291015625,640245
2022-05-16,133.0729942177913,133.47797838264535,129.84143169410842,131.13075256347656,812053
2022-05-17,132.53578787027467,134.30447397696864,131.42829554232722,132.12254333496094,479913
2022-05-18,132.65149922263512,133.9738868138919,130.58527649331057,133.32095336914062,529244
2022-05-19,133.76724665490914,133.89121495760372,132.24649734493678,132.7506561279297,561403
2022-05-20,132.56883325910735,134.71770974741986,132.52751889724183,133.48623657226562,905974
2022-05-23,133.304408315159,133.304408315159,129.7587759728635,130.81668090820312,673690
2022-05-24,130.99851863148908,132.48620149150443,129.75878501668004,129.9075469970703,526685
2022-05-25,130.5770032154321,130.58526356549146,128.6016949862004,130.01498413085938,864139
2022-05-26,129.7587883658814,133.0647447573688,129.26288986266914,132.71762084960938,1356186
2022-05-27,136.3706814774014,139.3460468450331,131.82499209482134,133.52755737304688,3247766
2022-05-30,133.47798503846613,136.5359920805704,133.08127381531452,135.33758544921875,943625
2022-05-31,135.3375876351915,136.37069899118535,134.3127366300055,136.10621643066406,680641
2022-06-01,135.95744319410025,135.99877016716346,133.5193031180309,133.7755126953125,308253
2022-06-02,133.76726038860085,133.89122870402304,130.9985169727633,133.7589874267578,564857
2022-06-03,134.96566488485357,136.04010317605935,127.2793141692701,128.62649536132812,1792577
2022-06-06,128.51904914186719,131.81674503930944,128.1058046108644,131.3208465576172,873214
2022-06-07,131.81674268401326,132.3126285456228,130.7175107378402,131.1224822998047,416370
2022-06-08,131.03155182102583,132.238231229936,130.41995807276848,132.01507568359375,302738
2022-06-09,132.65150179905518,136.99056961491215,132.0316349682185,133.60195922851562,2667128
2022-06-10,133.88296875634015,136.04010572973493,133.31268928123706,135.1640167236328,450962
2022-06-13,134.31272815316052,134.92433457734884,131.20513393050004,132.82505798339844,684047
2022-06-14,133.05646906485785,135.11441861009212,131.5026657044229,134.23834228515625,443827
2022-06-15,134.717721539263,136.78394426225782,134.30447699466404,135.4202423095703,836831
2022-06-16,136.453339575511,139.9328512193179,135.2962474034273,139.55267333984375,2319037
2022-06-17,139.67665300240856,144.6851747549952,138.02367486036823,142.91648864746094,2479141
2022-06-20,143.63551717144492,144.5942474342025,140.08988492493697,141.59410095214844,1681195
2022-06-21,141.60236875490546,143.93306129017222,139.2551429076944,142.92474365234375,1602362
2022-06-22,143.81735516382835,144.33804730132988,141.18912603614316,142.00735473632812,668508
2022-06-23,142.9743500545857,146.20591276303236,142.73466115982976,144.57772827148438,2754510
2022-06-24,144.55292440431256,144.8835275787043,134.30446561137904,138.88320922851562,2500073
2022-06-27,140.08164975577418,144.22235583306116,138.8832304062914,143.66860961914062,1311656
2022-06-28,145.04055698244957,145.04055698244957,140.08988340639632,141.3626708984375,3919220
2022-06-29,142.19744809731583,143.38759438496382,141.32963204497065,141.65196228027344,1293124
2022-06-30,142.15610601093653,142.8172997239293,140.92463287812777,142.02386474609375,1129622
2022-07-01,142.15612621094846,144.4289712521119,142.02388492731455,142.5032501220703,726129
2022-07-04,142.25529061999035,142.4453921807278,140.30477596618536,140.80067443847656,276460
2022-07-05,140.91638637868894,141.04035469465043,139.77582742695355,139.99072265625,221226
2022-07-06,140.13122241350564,140.87505752178666,139.8088921850876,139.96592712402344,201924
2022-07-07,140.50313453674283,143.4454334539521,138.98239775433248,142.4453887939453,835618
2022-07-08,142.4453887939453,142.4453887939453,142.4453887939453,142.4453887939453,0
2022-07-11,142.4453887939453,142.4453887939453,142.4453887939453,142.4453887939453,0
2022-07-12,142.4453887939453,142.4453887939453,142.4453887939453,142.4453887939453,0
2022-07-13,142.08174801923275,147.1150637465649,141.74288445244878,145.13975524902344,1392492
2022-07-14,149.1812812153957,149.63585273857356,146.70181393757747,147.131591796875,1196142
2022-07-15,147.1150532090295,152.47897176775828,145.99102757893857,150.6441650390625,3326247
2022-07-18,147.94155436802674,150.00777719439586,146.37123006447558,146.9745635986328,1054604
2022-07-19,147.1150463355056,148.16469092758078,138.8501560919379,141.9825439453125,1812713
2022-07-20,142.15612341826707,144.63559068719036,141.98255516050446,143.74298095703125,1457919
2022-07-21,144.22234367963569,144.22234367963569,139.8832760331137,140.32957458496094,534006
2022-07-22,142.11479343937086,142.14786006454267,138.10632900602386,140.44528198242188,965805
2022-07-25,138.8088251144837,139.8419363651292,137.7757138638382,139.6683807373047,228660
2022-07-26,139.58573679858736,143.39585186853446,138.47824448520095,142.23049926757812,635020
2022-07-27,142.02387936991536,143.3545272827589,139.67665342776348,141.4783935546875,818203
2022-07-28,142.3627369888574,144.63558184644435,141.3296256899542,143.5032958984375,567550
2022-07-29,143.39585177560838,145.25545215886555,141.99082289716964,142.519775390625,946509
2022-08-01,143.80910619437066,145.04057951733978,142.24704226946693,142.81732177734375,1003401
2022-08-02,141.5362424414489,143.3131887619187,139.84193745494204,142.1891632080078,593796
2022-08-03,142.77597618063615,147.11504347411423,142.77597618063615,145.98275756835938,1614294
2022-08-04,147.9332854752664,151.4541244280698,147.44564733186922,149.37136840820312,2908389
2022-08-05,150.42100394203732,155.2146428536433,149.67716885714233,154.6443634033203,3032564
2022-08-08,154.6443634033203,154.6443634033203,154.6443634033203,154.6443634033203,0
2022-08-09,154.6443634033203,154.6443634033203,154.6443634033203,154.6443634033203,0
2022-08-10,156.8676185633361,158.68589188561444,154.56998009597336,155.39646911621094,2282757
2022-08-11,154.96669611373645,157.44616325155624,153.72696254482656,156.44610595703125,1601482
2022-08-12,158.67762955179126,159.83470912117033,157.36350244151325,159.36361694335938,2272446
2022-08-15,160.2562301552057,162.40510684239314,158.68590592233832,159.33056640625,2152423
2022-08-16,159.76034368956962,160.66947412223618,155.79319353357877,156.89242553710938,1037612
2022-08-17,157.28088177797716,157.94207559504358,153.31373148680183,156.88417053222656,472234
2022-08-18,156.20643372060852,158.35531034008994,155.80144953758912,156.29734802246094,480091
2022-08-19,157.7684936007906,158.27265242366474,154.55345171397028,154.9253692626953,891010
2022-08-22,154.5534616735094,154.5534616735094,152.48723892386354,153.04098510742188,1054409
2022-08-23,153.7269654791039,155.7105341827325,153.520343213675,154.34683227539062,1163319
2022-08-24,155.346893026882,155.75186460490255,153.52034661113063,153.652587890625,836223
2022-08-25,153.72698272880208,154.34684959464403,151.3384295768734,151.8177947998047,744783
2022-08-26,151.66074315028322,152.88394343310512,141.3296298566672,142.77598571777344,5366892
2022-08-29,142.18090190732346,142.18090190732346,138.94106653505943,141.56103515625,1432034
2022-08-30,143.79256374145396,144.21408123503548,139.6766517362269,139.932861328125,1174610
2022-08-31,140.089884312377,142.07345285107263,139.76755410955843,140.75933837890625,855002
2022-09-01,141.16433220316165,142.07346259104787,140.58579239064818,140.68496704101562,823744
2022-09-02,141.2800343027242,141.2800343027242,138.82536091821962,139.28819274902344,393425
2022-09-05,139.31299627021343,139.31299627021343,136.45335113698002,136.74261474609375,623071
2022-09-06,137.19717702983445,140.91637761196853,136.37068801158244,140.69322204589844,1232963
2022-09-07,141.94949089377016,143.06525612869027,141.6189003262792,142.32968139648438,1228346
2022-09-08,143.28840316314964,143.28840316314964,140.99903756513928,141.23045349121094,806576
2022-09-09,141.70154513059498,141.90816739313922,140.1394813302094,140.39569091796875,429325
2022-09-12,140.42048684891316,140.91638533151885,139.6766517362269,139.932861328125,174474
2022-09-13,140.00724906993443,140.70976985230587,139.67665847306722,139.7758331298828,161581
2022-09-14,139.4700403823282,140.2138755532113,139.2634181002803,139.99899291992188,251202
2022-09-15,140.4948933007321,142.13133826506674,138.85843572517402,139.3625946044922,1033069
2022-09-16,138.850164298191,139.6766533713945,137.4451353959895,138.92454528808594,872173
2022-09-19,139.50308951298564,139.50308951298564,136.7426189481937,136.9657745361328,319280
2022-09-20,137.98233035830805,138.02365732885426,135.1722729182568,136.1723175048828,501792
2022-09-21,135.62686636195411,136.35416819436261,133.89123420736945,134.12265014648438,251378
2022-09-22,133.48622770557594,133.89121183697415,130.83320519997878,133.53582763671875,570383
2022-09-23,133.89123018307976,135.7095036262845,131.41176295746718,132.37875366210938,601000
2022-09-26,132.15560001500526,137.34595047436025,132.130806351284,135.61859130859375,634107
2022-09-27,136.04011309539413,139.18076163699553,135.1227096751706,137.1641387939453,919863
2022-09-28,137.45338899999118,139.0154527672254,136.74260792747486,137.1889190673828,585245
2022-09-29,137.1806623573377,137.1806623573377,135.5442174099937,135.92440795898438,314594
2022-09-30,135.55245137546345,136.1227307823308,133.17217171844533,134.24659729003906,479381
2022-10-03,134.626809434609,137.19719104845979,134.3871331437636,136.85006713867188,484645
2022-10-04,136.3706754737533,137.40378665158477,135.2962373265645,135.46153259277344,301754
2022-10-05,136.36244258991434,137.114538094332,135.4615598768658,136.24673461914062,386370
2022-10-06,136.5359842575646,139.30472753275762,135.95744446294532,137.61868286132812,888944
2022-10-07,136.9492282411107,139.55267622368294,136.9492282411107,138.6848602294922,1078556
2022-10-10,138.67657481597087,139.6766319904013,137.44511435658572,137.81703186035156,509419
2022-10-11,138.02367418723443,138.85016325422387,136.7839405867503,136.97402954101562,556040
2022-10-12,137.34595738222407,139.04853558112376,136.94924613150903,137.4451446533203,455644
2022-10-13,139.92460147264418,141.56930664370228,138.68486787296553,139.1559600830078,1580868
2022-10-14,139.84193086252637,139.85020382338763,138.0236576551813,139.01544189453125,864694
2022-10-17,140.5093049157042,140.55324421723228,137.96098632778362,138.07522583007812,603894
2022-10-18,138.07522145084957,139.22635870905688,136.59894409836056,136.82742309570312,281561
2022-10-19,137.6885703038246,138.3915588462903,136.46713290704207,137.2843475341797,683981
2022-10-20,137.78525308852076,138.13674071089517,136.20353197104927,136.47593688964844,380608
2022-10-21,136.8625608087765,136.8625608087765,134.00668072769446,134.89419555664062,631678
2022-10-24,137.08224199117777,137.74129123151997,134.44604502980897,134.63058471679688,495847
2022-10-25,135.14903582343123,136.0189722538315,134.323025283074,135.0611572265625,307161
2022-10-26,134.4460477226815,134.4460477226815,131.3704845394829,131.87136840820312,653742
2022-10-27,131.8098497831635,132.68858211505125,130.05238511938796,130.5181121826172,563263
2022-10-28,127.4601240500741,130.9311139875284,123.98913411261982,124.35820007324219,1204177
2022-10-31,124.79756157886324,124.79756157886324,122.76769216685726,123.25098419189453,267747
2022-11-01,124.34062826759543,128.29492386621155,124.34062826759543,127.25802612304688,1442471
2022-11-02,127.34588205813816,130.88717211973818,126.53744995907319,130.4741668701172,1026531
2022-11-03,130.83447298334147,131.15081719935404,129.21760850522978,129.9821014404297,266720
2022-11-04,127.75888595450958,128.47065695764763,126.54623111456148,128.30369567871094,555395
2022-11-07,129.35819279997517,131.7922717113419,129.35819279997517,129.85028076171875,432114
2022-11-08,130.75537004596194,130.93111382579488,129.6745330620179,130.43902587890625,212655
2022-11-09,130.43902587890625,130.43902587890625,130.43902587890625,130.43902587890625,0
2022-11-10,130.88717214963782,134.09455305895088,130.84323285338053,132.3458709716797,894123
2022-11-11,133.2158363050823,137.52161967269146,131.24747091533374,136.05413818359375,2230210
2022-11-14,134.44604986528643,135.632343903925,132.77646375972776,133.33885192871094,547359
2022-11-15,133.40036010742188,135.50052995369674,132.42496663188214,133.40036010742188,690939
2022-11-16,133.56730411693817,134.0506095437762,132.50403217789454,132.9521942138672,319136
2022-11-17,132.54797454115698,133.4618636254957,129.30545026686104,130.15782165527344,499718
2022-11-18,129.7184684020127,130.40387857917406,128.30370874743258,129.542724609375,515152
2022-11-21,129.43728369512047,130.05239368628256,128.80459530181312,129.49000549316406,202245
2022-11-22,129.95572678991027,130.03480948344787,128.34764497935464,128.59368896484375,403710
2022-11-23,129.52514287405694,130.35994933228676,128.65520642995236,129.44606018066406,662489
2022-11-24,129.3494040906008,132.24922363605992,128.743076601013,130.84324645996094,720849
2022-11-25,131.62531245665295,133.30369445870204,130.57963222598363,131.1332244873047,953514
2022-11-28,128.30369567871094,130.62354836705262,126.98559725559885,128.30369567871094,427821
2022-11-29,128.38280108635638,131.7219732737253,128.29492248841865,131.1508026123047,796431
2022-11-30,132.42495584063278,132.68857821412712,130.49174744899256,131.941650390625,734929
2022-12-01,132.90825997184044,135.10509071517663,132.90825997184044,133.51458740234375,1352036
2022-12-02,132.6973783892872,133.83095072382008,130.93113104582463,131.72198486328125,295297
2022-12-05,131.80984994847648,131.80984994847648,128.69034748468428,128.83094787597656,188836
2022-12-06,129.1736545983867,129.96450834481612,126.3617137786035,128.46188354492188,407360
2022-12-07,129.12972790324827,129.61303342141346,128.39159588008297,129.3494110107422,423488
2022-12-08,129.95572391115113,129.95572391115113,128.32128123895555,128.84852600097656,237768
2022-12-09,129.5251379401463,129.5251379401463,127.3722464488694,127.5216293334961,289462
2022-12-12,128.1191865598487,128.9100403562336,125.04362316085287,125.7378158569336,448169
2022-12-13,125.36873866903831,126.53745426535721,124.77998962278281,125.3335952758789,258976
2022-12-14,124.87665960082646,125.87841398204422,124.6130372040024,124.79757690429688,292141
2022-12-15,124.82393942780803,125.54449301955405,121.23870964615605,123.08405303955078,640873
2022-12-16,122.80283477877835,123.1982616187493,120.4390428262451,121.94168090820312,488467
2022-12-19,121.71320850949783,123.1982682718985,119.94696137776906,121.6253433227539,222786
2022-12-20,121.26506466432033,121.26506466432033,112.50410203582818,112.74136352539062,1425138
2022-12-21,112.65348714991501,113.79584191256897,107.46897153038252,109.3143081665039,732819
2022-12-22,110.01729042566562,116.87140561722646,110.01729042566562,114.17369079589844,1274696
2022-12-23,114.2352022482809,118.53220278113058,113.18072613997501,116.52869415283203,576209
2022-12-26,116.34415213975412,122.93464444544391,116.34415213975412,121.14203643798828,1068909
2022-12-27,121.95925932326742,122.27560351174134,119.70970660896045,120.7817611694336,441283
2022-12-28,120.39511406596304,129.83270430215595,118.67280617410579,123.54097747802734,1309927
2022-12-29,122.58315248922469,125.65871545490417,120.37753930371511,123.25098419189453,1371741
2022-12-30,122.67103692591508,129.16486821799853,122.14379217188862,126.52867126464844,2836596
2023-01-02,125.65872019210265,129.55149788510306,125.48297641197371,127.38982391357422,954111
2023-01-03,128.11918326372677,128.11918326372677,125.4829861324089,125.82569122314453,363213
2023-01-04,129.17366966955345,130.87841276155575,125.75540098810303,126.11568450927734,1345255
2023-01-05,126.88015352710161,126.88893602289171,124.51636154568568,124.94694519042969,259107
2023-01-06,125.2193514072953,129.39332978753848,124.77998526200655,127.44254302978516,1416917
2023-01-09,127.85555902507085,129.83270684504618,126.71320426962896,128.39158630371094,1008489
2023-01-10,130.5005314393095,132.60070113849017,127.15256346025157,128.0312957763672,1139364
2023-01-11,128.7342957447702,130.81688722824921,128.29492954768907,129.63938903808594,1600198
2023-01-12,129.17364490273366,131.80984173748334,128.64640017242755,128.98910522460938,1110453
2023-01-13,127.85556288832856,128.2949290838211,124.43729442373231,125.11392211914062,458436
2023-01-16,125.8344699878186,125.9047701849091,120.38633209302428,121.18598175048828,653005
2023-01-17,121.66048609798446,122.14379155199069,112.09988094253326,112.17897033691406,1720644
2023-01-18,112.17018785008486,114.6745737521078,111.33538807994661,114.04188537597656,1188014
2023-01-19,115.10515294239079,117.75013243346491,112.47773844390679,115.8257064819336,2445531
2023-01-20,115.55330519273654,115.9926713721766,110.01728865011341,110.69391632080078,1248524
2023-01-23,110.72027192911376,110.72027192911376,108.6113130277201,109.95577239990234,685568
2023-01-24,110.71149108030264,112.30200125272079,109.41097090753863,111.64295196533203,1690803
2023-01-25,112.30199530916138,114.2352037681753,112.1701841178205,113.26859283447266,1411774
2023-01-26,113.8837183766436,116.77474191995834,113.79583977793719,115.24574279785156,3207567
2023-01-27,115.81691747988017,116.300222916786,113.48826888693057,114.45487976074219,1098177
2023-01-30,115.55329781583313,117.30197992539001,114.1473207680256,114.40216064453125,1833589
2023-01-31,115.1051604764418,115.77299226514364,114.34065418021007,115.31604766845703,627027
2023-02-01,115.5972427470441,116.43203579369799,114.68335359890754,114.92939758300781,390236
2023-02-02,114.0594569173871,114.7624454495165,113.79583454178969,114.37580108642578,468500
2023-02-03,114.45488928293298,115.02605995054681,112.91710766108936,114.39337158203125,362259
2023-02-06,116.87139631701268,122.93464384529084,115.55329786230953,122.15257263183594,3467141
2023-02-07,122.67104387954755,124.86787479853379,118.62886962525617,120.13150787353516,2841008
2023-02-08,119.9469661541033,121.79230945829231,119.24397759020313,120.33361053466797,1945608
2023-02-09,121.70442335020049,124.7799863951514,121.3089964975278,123.54976654052734,3500714
2023-02-10,121.26506545661863,123.46189635257186,116.86262116814935,117.45137023925781,3638652
2023-02-13,117.45136725885891,119.41093661397427,115.99266836294731,117.84679412841797,1236892
2023-02-14,118.58492696318143,119.05065403213128,116.08054783157422,117.14380645751953,782527
2023-02-15,116.168411692756,118.62886490581411,115.20181417189156,117.170166015625,847702
2023-02-16,118.27737758486975,118.32130347488088,115.64996307774246,115.99266815185547,664707
2023-02-17,115.55330592813044,115.55330592813044,111.20358340567005,112.51288604736328,1775392
2023-02-20,112.2141211069812,112.2141211069812,108.10165334209506,109.3055191040039,932104
2023-02-21,110.01729062864153,111.33538919066612,109.5779244413,110.81694030761719,457290
2023-02-22,111.33538397222202,111.51113446143854,110.01728547197852,110.58846282958984,393211
2023-02-23,110.45665483914786,110.45665483914786,108.08408015164379,108.50587463378906,519666
2023-02-24,108.52344413502976,108.78706651906035,106.32661328209394,106.52872467041016,692048
2023-02-27,106.32661316878911,106.73082924079507,102.03840176193849,103.83101654052734,1263478
2023-02-28,103.77828367231957,103.77828367231957,98.41801796336807,99.02434539794922,1923517
2023-03-01,99.20888051704844,100.04367354145877,96.49359415527341,99.13858032226562,1512850
2023-03-02,98.50589232569902,100.73787323647375,97.63594920082319,98.27742004394531,957723
2023-03-03,97.09993122279518,105.60606121256174,95.79940430724986,105.33365631103516,2755146
2023-03-06,105.66756335959217,107.94347689086176,103.4267932220556,103.99797058105469,1648417
2023-03-07,104.56914802559275,104.56914802559275,102.47776747859135,103.15438842773438,644232
2023-03-08,103.69041908969795,104.52521215492818,101.06301119502369,101.8978042602539,1192306
2023-03-09,102.23171941504891,104.92064499210025,102.23171941504891,103.42679595947266,1131241
2023-03-10,103.7782883016522,106.75719040619754,103.7782883016522,105.16668701171875,1177450
2023-03-13,106.75719361319106,108.80464164159518,106.67811091800952,107.4601821899414,2376024
2023-03-14,107.21413465762328,108.08407779686225,106.15965182733159,106.86264038085938,602560
2023-03-15,106.75718978459739,108.08407749113489,104.5691481418297,107.2053451538086,878858
2023-03-16,108.0401314579645,108.1719426411862,106.7659723299437,107.01201629638672,552263
2023-03-17,107.20534231061086,107.2932142011739,105.44787768256806,105.91360473632812,319071
2023-03-20,105.9136092308614,105.9136092308614,103.83101784893928,104.1297836303711,262166
2023-03-21,104.56914977694953,106.76598065461654,103.29499054958099,105.4830322265625,731759
2023-03-22,105.75543647408372,106.76598001257274,103.65526670399923,103.98040008544922,408330
2023-03-23,103.98040008544922,103.98040008544922,103.98040008544922,103.98040008544922,0
2023-03-24,103.9979709820221,103.9979709820221,101.14209088021137,101.45843505859375,240383
2023-03-27,101.45844334986542,102.548069662119,100.526989139729,100.77303314208984,282878
2023-03-28,101.40571340160045,101.88901216620103,100.7203032489044,101.44964599609375,270751
2023-03-29,101.89779653012803,101.93294662657168,100.83453125344052,101.38813018798828,426864
2023-03-30,101.49358708312027,102.17020804716158,100.83453781634677,101.07179260253906,423740
2023-03-31,101.07179333671152,104.96457796889823,100.19306097463051,103.59375762939453,772324
2023-04-03,103.59375370768488,103.59375370768488,100.82574553107797,101.15087890625,531937
2023-04-04,101.66932717329031,101.66932717329031,99.200091488966,100.15791320800781,428728
2023-04-05,100.28093637470562,101.40571268961169,100.28093637470562,100.46546936035156,147205
2023-04-06,101.05421433123676,104.34946045073362,100.35122581073261,103.5849609375,829238
2023-04-07,104.02433668108876,104.10342608143281,101.93295603120055,102.36353302001953,182020
2023-04-10,102.81168327931468,102.81168327931468,101.0542186078734,101.29147338867188,155735
2023-04-11,101.3178446371654,101.77478251834134,100.63242775910761,101.0454330444336,72909
2023-04-12,101.0630094516325,101.58145832012343,100.74666526929384,100.92240905761719,411352
2023-04-13,101.93295177076753,102.67987292135211,100.79059704338236,101.10694122314453,497133
2023-04-14,101.10694122314453,101.10694122314453,101.10694122314453,101.10694122314453,0
2023-04-17,101.66933090585724,101.89780319558834,100.61485476035284,100.74666595458984,241787
2023-04-18,101.3354146443191,101.3354146443191,100.19305990414067,100.57970428466797,127819
2023-04-19,100.9663532142335,101.05422511262265,100.36881491931275,100.65879821777344,105951
2023-04-20,100.6148480422163,101.49358033952822,100.52697615332417,101.39691925048828,243156
2023-04-21,101.39691925048828,101.39691925048828,101.39691925048828,101.39691925048828,0
2023-04-24,101.39691925048828,101.39691925048828,101.39691925048828,101.39691925048828,0
2023-04-25,101.39691925048828,101.39691925048828,101.39691925048828,101.39691925048828,0
2023-04-26,101.59024076293699,102.59199503897335,100.97513084052706,101.2475357055664,515233
2023-04-27,101.49358501855713,103.42679348008946,101.09815814821505,101.46722412109375,799734
2023-04-28,101.93295433355372,102.37232051602594,100.86089977565017,101.0630111694336,478990
2023-05-01,101.0630111694336,101.0630111694336,101.0630111694336,101.0630111694336,0
2023-05-02,101.4935825442433,101.53752184174152,100.43910644624106,100.66757202148438,465172
2023-05-03,100.96634901054063,102.21414734662481,100.4830435332284,101.07179260253906,688712
2023-05-04,101.06300535614926,101.63418270134741,99.73611768423275,100.16669464111328,445152
2023-05-05,100.17548518055709,101.27390058823865,99.99974139700629,100.14033508300781,380686
2023-05-08,100.18427027727657,100.70271911045182,98.90132193815973,99.05949401855469,417587
2023-05-09,99.29675791786875,99.29675791786875,96.66935000588938,97.16143798828125,616093
2023-05-10,96.44966510371606,97.75897443470036,95.78182663714462,96.70449829101562,436532
2023-05-11,96.66055483948453,97.75897023538776,96.66055483948453,96.79236602783203,189663
2023-05-12,97.5305001852943,97.84684436288133,96.88024013323017,97.41626739501953,324202
2023-05-15,97.41626665808657,98.41802097813552,96.66055631781167,98.11046600341797,422011
2023-05-16,98.41801838895373,99.51643377275902,98.41801838895373,98.6728515625,525880
2023-05-17,99.28796100737958,99.28796100737958,97.80290797463236,97.99622344970703,462078
2023-05-18,98.76951949336757,98.76951949336757,96.39693807750636,96.66934967041016,514145
2023-05-19,97.41626420964188,97.45141430646838,96.22118773432288,96.98568725585938,115315
2023-05-22,97.41627466606877,97.53929666606867,96.22119806247315,96.41452026367188,299246
2023-05-23,97.22294409909678,97.22294409909678,94.73613000528981,94.91188049316406,507842
2023-05-24,95.64122655977195,95.64122655977195,92.96988609301383,93.1456298828125,572137
2023-05-25,93.58499204585834,93.620142143149,92.22295426867703,92.89958190917969,674571
2023-05-26,92.4426399023199,93.04896736499103,87.8908060924685,89.12103271484375,1577724
2023-05-29,89.32314433703957,90.68517545120791,87.95231731803818,88.26866149902344,1157790
2023-05-30,88.79591179823645,89.51647209885215,88.40926739647323,88.98922729492188,621989
2023-05-31,88.75196559232444,89.62190872442096,86.8187571422887,87.13510131835938,976256
2023-06-01,87.44265522708449,88.53228142903632,87.00328906614634,87.14388275146484,334034
2023-06-02,87.85565847378038,87.85565847378038,86.95055857150557,87.02085876464844,369329
2023-06-05,87.60961042001178,93.54984283447266,87.60961042001178,93.54984283447266,2207749
2023-06-06,95.1315623124606,100.56212828809255,95.12277311213462,98.99798583984375,6852097
2023-06-07,99.12100915427428,101.27390067346359,97.27566590445988,100.6500015258789,3843557
2023-06-08,100.65000677676667,101.44964974976725,96.83630479294533,97.66231536865234,2074762
2023-06-09,98.41802903207636,100.43911623852068,97.53929663000424,99.62189483642578,2022279
2023-06-12,99.99973926606714,99.99973926606714,97.75896920046812,98.1543960571289,605642
2023-06-13,97.1262918833226,100.25457710723103,97.1262918833226,98.75194549560547,1124990
2023-06-14,99.29675825899314,100.16670143205192,97.36354971793006,97.65352630615234,943823
2023-06-15,97.97866452110522,99.29676314694969,97.36355451072299,97.71504211425781,404820
2023-06-16,97.96108653166017,97.96108653166017,94.92066666360508,95.5006332397461,757660
2023-06-19,95.34245546883197,96.22118777730046,92.26689238919222,92.59202575683594,626203
2023-06-20,92.71505113203823,94.46372661262266,91.21241963414558,93.52348327636719,1331743
2023-06-21,93.80467944194027,94.20010632231225,90.50943309152082,90.94001007080078,589780
2023-06-22,92.14386649954439,92.14386649954439,88.92770316875801,89.2967758178711,373750
2023-06-23,89.29678723627869,90.0261300194886,87.65355526541153,89.04195404052734,841044
2023-06-26,91.38816246281583,95.72031312465367,91.38816246281583,95.39517974853516,3181164
2023-06-27,95.4039713563406,98.28621240330072,94.68341109460057,97.54808044433594,4719530
2023-06-28,97.54808044433594,97.54808044433594,97.54808044433594,97.54808044433594,0
2023-06-29,97.54808044433594,97.54808044433594,97.54808044433594,97.54808044433594,0
2023-06-30,97.54808044433594,97.54808044433594,97.54808044433594,97.54808044433594,0
2023-07-03,104.86791229248047,104.86791229248047,104.86791229248047,104.86791229248047,1519143
2023-07-04,107.20534379611229,107.20534379611229,103.25104832822291,104.52520751953125,6679910
2023-07-05,104.1297805279617,108.47072035944886,104.1297805279617,105.88724517822266,6666234
2023-07-06,108.08408471170135,109.7360992027273,107.20535231567125,108.39163970947266,5666209
2023-07-07,108.34770375964462,109.27036872440901,107.19655979761104,107.4601821899414,1772243
2023-07-10,107.99620791541966,110.4566544902075,107.25806925004623,109.1737060546875,5777349
2023-07-11,109.62186181138858,110.7202772604005,108.74312945217906,109.34066772460938,2961875
2023-07-12,110.28090420669406,110.52694817926482,108.08407344560455,109.1561279296875,2410754
2023-07-13,110.09637900007236,110.80815007157388,108.31255336880082,108.63768005371094,2938904
2023-07-14,108.95401957080703,108.96280877126982,106.59023416518654,106.88899993896484,1154745
2023-07-17,107.20534217112667,107.73258021801443,105.4478775453705,105.92239379882812,1542745
2023-07-18,106.32661698572895,106.32661698572895,102.63594370591922,103.06652069091797,1430652
2023-07-19,103.07531110359541,105.00851966256677,102.1526394206978,103.88374328613281,2255982
2023-07-20,104.99972446547085,106.23874027150995,104.04190944167804,105.70271301269531,2276223
2023-07-21,106.23874154217025,106.68689691399086,104.56914875068983,105.16668701171875,1516207
2023-07-24,105.35122264784265,106.30025521054816,104.65702327535598,105.43909454345703,1061366
2023-07-25,105.68513664676894,107.2932184541779,105.27213807433223,106.66053009033203,2307977
2023-07-26,106.94172751631837,110.10516943442279,106.94172751631837,109.45490264892578,4033582
2023-07-27,109.45490264892578,109.45490264892578,109.45490264892578,109.45490264892578,0
2023-07-28,109.45490264892578,109.45490264892578,109.45490264892578,109.45490264892578,0
2023-07-31,119.49881160127036,122.47771359427296,118.73430537426533,120.79933166503906,5836326
2023-08-01,121.48475157412118,122.09986155864085,116.43204038749408,118.5409927368164,4265786
2023-08-02,118.54098652667294,120.21058600677857,117.04714424012992,119.0242919921875,3063830
2023-08-03,119.06823924939826,119.5076054458905,115.56209217436894,116.17721557617188,2600290
2023-08-04,114.6745706924395,118.18950006232271,114.33186561521156,117.46893310546875,2799533
2023-08-07,118.62886422480682,119.50759655239798,112.93468249636564,114.31428527832031,2219136
2023-08-08,113.44434593659074,113.79583349522737,105.7378598675452,106.11571502685547,2909062
2023-08-09,104.56915148770462,112.36350998269363,104.56036228687533,110.50938415527344,3893284
2023-08-10,111.1596424924366,113.35647337173377,106.41448645231557,108.18074035644531,3156691
2023-08-11,106.59023624992692,112.9083239629176,106.59023624992692,109.70973205566406,5177006
2023-08-14,109.70973205566406,109.70973205566406,109.70973205566406,109.70973205566406,0
2023-08-15,109.84154273005652,110.72027507189696,109.18249347367617,109.55155944824219,772074
2023-08-16,110.10516151594572,110.28090529689206,107.0471701164329,107.27564239501953,1256102
2023-08-17,106.76598100665615,108.52344571458464,106.41448672423128,108.16316223144531,1067859
2023-08-18,108.52344439908589,110.67633595852305,107.64471205577345,107.86439514160156,1378377
2023-08-21,106.32661718137312,108.0752927272638,105.14032981812261,105.43031311035156,923242
2023-08-22,105.44788373095264,107.55684274641088,105.44788373095264,106.46721649169922,1529047
2023-08-23,106.50235665356719,108.78706609507257,102.46897844131068,108.0401382446289,6788187
2023-08-24,108.53223271455069,108.87493778931191,107.65350037840481,108.5673828125,4421153
2023-08-25,108.34770130024434,108.892511065873,107.11747467095431,107.68865203857422,1340492
2023-08-28,106.98566395278417,107.64471321738037,105.54454343053612,105.9839096069336,672275
2023-08-29,105.4918147931718,106.32660779250922,103.51466712760862,104.44612121582031,1186554
2023-08-30,103.74314060465072,105.40394423397224,100.79059932936894,101.9153823852539,1691122
2023-08-31,101.9329483343032,102.57442587280475,94.90308982848919,96.62540435791016,3272895
2023-09-01,96.66055783644053,98.85738869635964,95.97514768081709,97.5568618774414,1297165
2023-09-04,98.41802366851084,100.93998793852691,98.41802366851084,100.24578857421875,1116384
2023-09-05,100.61486334709663,101.06301876407092,98.42682147113389,98.69922637939453,541157
2023-09-06,99.60431196407167,100.26336123604946,97.99623013143884,100.0524673461914,526564
2023-09-07,100.6148495405589,104.12977878215047,100.6148495405589,102.71501922607422,2718676
2023-09-08,103.16318178814976,103.91010296332603,102.59200440565169,103.06652069091797,508116
2023-09-11,102.86440601338855,104.39340511852491,102.5920011321704,103.80464935302734,1400626
2023-09-12,103.59375663038496,104.12978390242085,102.72381347748893,102.95228576660156,672941
2023-09-13,103.59376431298938,105.43910105157656,103.03137610130942,104.2967529296875,1069984
2023-09-14,104.56036215274258,105.88724990003404,104.4812794579682,104.60430145263672,644523
2023-09-15,106.32661881304485,107.5392670934351,105.07003123163193,105.3863754272461,1183480
2023-09-18,106.30025389224747,106.49357608271913,105.01730546043963,105.14032745361328,568309
2023-09-19,105.36001037178464,106.32661461838534,105.26334927670499,105.4742431640625,1182515
2023-09-20,105.86967062026228,105.89603151663246,104.39340008577393,104.59550476074219,315138
2023-09-21,104.83277025903212,106.32661254702276,104.44612588624578,105.86967468261719,431649
2023-09-22,106.54629554705723,107.18777310102169,105.4566693295652,106.7132568359375,935514
2023-09-25,105.93118461415217,106.74840594575592,105.1930459738993,105.87845611572266,951744
2023-09-26,105.5357495731311,106.94171993472624,105.5357495731311,105.91360473632812,1608439
2023-09-27,105.88724824687213,108.34770151022052,105.64120426137646,108.18952941894531,2133979
2023-09-28,108.18952941894531,108.18952941894531,108.18952941894531,108.18952941894531,0
2023-09-29,108.18952941894531,108.18952941894531,108.18952941894531,108.18952941894531,0
2023-10-02,106.76597852157539,109.84154168886357,106.76597852157539,109.23521423339844,2449414
2023-10-03,109.79759889611576,110.19303245612808,108.96280588752659,109.1473388671875,810280
2023-10-04,108.96280469994355,109.65700401826115,108.5234385519599,108.83978271484375,492189
2023-10-05,109.01553221117656,109.62185967254369,108.87493852262803,109.22643280029297,619319
2023-10-06,109.40217806854889,109.49004996310615,107.55684146606313,108.16316223144531,760232
2023-10-09,107.20535208907437,109.08583887626834,106.32661969490162,107.38109588623047,1208486
2023-10-10,107.64471211240743,109.95577576302456,107.64471211240743,109.72731018066406,2511291
2023-10-11,109.79759611418004,111.90655493489152,109.40216926838207,111.08055114746094,3225786
2023-10-12,111.39689021955158,112.15260053048438,110.61481901240876,111.03661346435547,1990347
2023-10-13,111.32660491706736,113.70796210575035,110.72906664365227,113.05770874023438,4439674
2023-10-16,114.23520929745104,116.42325774870795,113.26859831696194,115.01728057861328,4608168
2023-10-17,116.51803058389424,117.4501748285654,113.16231272541734,113.67498779296875,2029300
2023-10-18,114.04784603028722,114.28088208965099,112.45388023764261,113.38602447509766,1482079
2023-10-19,113.6936348478006,121.88717651367188,113.44195191877469,121.88717651367188,6302984
2023-10-20,123.96586601065702,124.81410644841726,120.48895779913583,122.09224700927734,9568475
2023-10-23,123.27607335617293,126.7716141885786,123.04303730067922,124.9073257446289,8913065
2023-10-24,125.71828126400325,126.7716087410576,122.76338591412528,126.26825714111328,5911623
2023-10-25,126.48265776769185,134.2287743447613,126.30554808135524,132.83987426757812,12488263
2023-10-26,133.17544163351795,135.53376539834173,130.50019224400143,130.7705078125,4615358
2023-10-27,131.33910872720432,131.43232883417375,128.08593465548495,128.4401397705078,2964957
2023-10-30,128.44949063948897,132.36449395401345,127.06992102308185,131.283203125,4245368
2023-10-31,132.83055707853237,134.13555335345563,131.41369382047807,131.78656005859375,4348599
2023-11-01,132.8492040894561,136.18628225137635,132.25263233122072,133.79066467285156,5098989
2023-11-02,134.0423438366173,135.6176698694976,131.991629364312,133.091552734375,2622115
2023-11-03,133.28730419864388,134.6948368193804,132.3737926423486,133.36187744140625,2636536
2023-11-06,133.7627000676225,134.22877219329365,132.6907398679358,133.35255432128906,1875067
2023-11-07,133.29663243419319,136.2794912943357,129.48416573133304,130.1646270751953,3266614
2023-11-08,130.79848688784142,132.36448238745052,130.03412178203766,130.7518768310547,1868137
2023-11-09,130.7518768310547,130.7518768310547,130.7518768310547,130.7518768310547,0
2023-11-10,132.35516574512314,133.9491244302681,131.5255579405397,132.14076232910156,3682660
2023-11-13,136.55912429561215,137.86412047665726,135.16090800589598,135.70155334472656,5824162
2023-11-14,136.4659138209257,137.02520606565275,131.6280970646249,136.288818359375,4036993
2023-11-15,136.2888221424086,146.5144318614062,135.263457739745,146.27207946777344,11565263
2023-11-16,149.60915394183698,155.574871524927,147.38132972621824,153.78515625,10210729
2023-11-17,153.71057897886521,160.7948808688194,152.49880284958215,155.58419799804688,7757363
2023-11-20,155.66809541158176,157.4205312168027,152.87166255987668,154.48426818847656,3969912
2023-11-21,154.96898080080106,160.32881021195658,154.96898080080106,156.02230834960938,4729669
2023-11-22,157.06631441763247,167.72071693042474,155.7147080284502,165.27850341796875,11363194
2023-11-23,166.38775376993613,167.79528651053766,161.72703237582027,163.64724731445312,4496810
2023-11-24,163.64723408170903,165.9216682138665,161.96005534920957,164.99884033203125,3755051
2023-11-27,166.66740050272185,167.7673239284937,162.7523973621444,163.330322265625,3209494
2023-11-28,164.79376362200642,164.87766740813566,162.1371612382357,163.06930541992188,2587235
2023-11-29,164.08535585503242,170.95525462137718,163.3116743987274,164.73785400390625,6903940
2023-11-30,165.64204017672103,166.84451429543753,161.73635326248814,162.4634246826172,1956418
2023-12-01,164.04805986513432,167.31988082661545,162.84558590412237,166.63941955566406,2825609
2023-12-04,167.7859528306892,174.68381409103876,167.69273272309337,171.30014038085938,6160140
2023-12-05,171.4679257142927,177.0141809556479,169.23078528491325,175.8303680419922,6595463
2023-12-06,177.09809137394618,179.8758772594709,175.24311919397167,177.40570068359375,5259149
2023-12-07,181.76813090623963,190.70739095616815,181.76813090623963,190.53961181640625,10399092
2023-12-08,192.9352003195831,203.20743326826232,192.01238667514278,202.48036193847656,9672655
2023-12-11,191.19210980483223,195.61047871920877,188.61939676674803,192.70217895507812,7568538
2023-12-12,192.02171407402352,198.91957578344218,192.02171407402352,196.34686279296875,5560440
2023-12-13,198.91956799801284,201.7812575394875,184.0052606924931,191.37852478027344,6339915
2023-12-14,191.08957614782432,193.64365657870934,186.4568179687105,190.64215087890625,3573816
2023-12-15,193.41992311240216,197.23238950856992,191.08956259297562,192.15220642089844,5530685
2023-12-18,194.3707220101971,195.75029151067486,185.82296098770476,186.88560485839844,2689216
2023-12-19,187.46352816973177,187.46352816973177,172.8661459970879,174.0313262939453,5151889
2023-12-20,172.71699275179807,175.70918189541825,162.3329069211849,168.88587951660156,5400626
2023-12-21,170.12563909883968,176.17526030047839,167.36650013013292,174.34825134277344,3780236
2023-12-22,176.17525870810934,176.17525870810934,168.99775101282776,169.74346923828125,2166621
2023-12-25,169.74346923828125,169.74346923828125,169.74346923828125,169.74346923828125,0
2023-12-26,167.7766446502867,167.7766446502867,157.0103759765625,157.0103759765625,5473734
2023-12-27,153.8037880981266,161.16772135407433,152.62929156397996,160.1516876220703,3056055
2023-12-28,161.25163948843579,163.58200012153617,158.46452305082641,161.26095581054688,3885819
2023-12-29,162.19310574933638,168.71811575074645,160.80420564290046,164.71922302246094,4231939
2024-01-01,167.7859663325065,177.07012939453125,166.36910307870428,177.07012939453125,5757678
2024-01-02,179.90385249301195,182.68163856449897,174.3109866124002,175.14059448242188,7550848
2024-01-03,174.77705717330193,177.1074179356126,171.0484799536048,171.92469787597656,4338525
2024-01-04,173.37882734594467,173.56525334787477,168.7367530479418,172.04586791992188,2596225
2024-01-05,172.44668300961405,173.4720473547038,163.12524068477003,170.63832092285156,2478560
2024-01-08,171.41200356092688,171.41200356092688,165.98693148547306,166.73263549804688,1498188
2024-01-09,167.78596220803666,168.71810644252577,162.65916891834667,164.74717712402344,2521805
2024-01-10,163.5819849905994,167.78595006343463,163.5819849905994,164.1971893310547,2060132
2024-01-11,165.9216709828534,168.7181036398678,163.59131043534143,167.73934936523438,2997726
2024-01-12,168.72741455203615,173.37881917616167,167.32919826835743,169.10028076171875,4677929
2024-01-15,171.51454576177954,174.95416039546242,169.6968672790914,171.123046875,4818672
2024-01-16,169.4638263671966,170.47986017932246,165.05478807658082,167.4876708984375,2418910
2024-01-17,167.22666874724513,173.8448984527663,165.45560040410734,166.31317138671875,11099585
2024-01-18,166.5741678939965,168.25203032082158,161.26094872854367,166.84449768066406,4010734
2024-01-19,168.2613552171953,170.5823995445341,166.02421468301748,167.1334686279297,3038019
2024-01-22,166.87246628586814,173.36018224899482,165.92167517590576,172.62379455566406,5734670
2024-01-23,172.91276963509355,173.51865774769206,166.38775946018436,169.109619140625,10159241
2024-01-24,168.71811729322093,172.16704833796172,167.7952893213061,168.8672637939453,4035794
2024-01-25,168.62488100438185,168.62488100438185,163.61927117474298,164.8403778076172,2530462
2024-01-26,164.05738662574788,165.91235878813072,161.36349033474943,162.5473175048828,1907453
2024-01-29,162.19309537293904,162.70577754207218,155.20201367582962,156.2366943359375,1377436
2024-01-30,156.23669282453767,157.29933666328284,145.8805700018001,150.998046875,3832148
2024-01-31,151.49207485591384,154.26986050665633,151.00735590379654,152.53607177734375,3351993
2024-02-01,152.592012984239,154.139375874188,150.72772445853445,153.3284149169922,1707074
2024-02-02,152.13527876656144,154.40969893042487,151.52937643232707,153.319091796875,1298686
2024-02-06,156.6002300152515,157.43915412954777,154.130053504963,156.2366943359375,1813852
2024-02-07,157.06629387914984,159.1170082245851,155.66807761316335,157.9518280029297,2150325
2024-02-08,157.9518280029297,157.9518280029297,157.9518280029297,157.9518280029297,0
2024-02-09,154.73593643937886,156.55361477576554,146.49578516549823,153.2351837158203,2494374
2024-02-12,151.8928953792077,151.8928953792077,141.74184555441448,143.5781707763672,2975342
2024-02-13,136.60574501006212,141.66728154658682,132.81191102068343,137.81753540039062,8028276
2024-02-14,143.36378767390326,145.32128205366087,139.92417313535267,144.5382843017578,3004761
2024-02-15,143.55020849005612,144.01628059554332,136.19559123440385,137.96665954589844,3429739
2024-02-16,137.03451537335067,138.75898785349364,130.08072752263124,131.60011291503906,3333047
2024-02-19,130.0341329672902,136.4659231021213,127.70377216142478,135.6269989013672,2408832
2024-02-20,135.53375677740115,145.38652749234308,134.6109431510587,140.57666015625,4842958
2024-02-21,144.43574791644895,148.19228808588537,143.56886059583704,147.17625427246094,2639924
2024-02-22,147.26948382497835,151.5666696387271,145.41451153814072,150.4014892578125,3332872
2024-02-23,150.55060041370209,153.3377166142234,149.33882436628448,152.3776092529297,2791464
2024-02-26,152.87166399407803,155.9570593269961,151.46413123260288,151.9861297607422,2058485
2024-02-27,151.9395161332945,152.38694140070757,145.41450623799963,148.0151824951172,2009709
2024-02-28,147.27879395501063,151.93951528270085,146.3466496894726,149.8981170654297,1330837
2024-02-29,151.0073596577071,154.17664423277145,149.70236347347864,153.2351837158203,2557256
2024-03-01,153.71058757368374,159.30345330793628,152.43355444918186,156.94512939453125,4913473
2024-03-04,160.32880438116163,160.60845048929554,157.99844385236568,160.00254821777344,2933925
2024-03-05,158.93991427218506,158.93991427218506,155.20202087190768,156.56295776367188,1751828
2024-03-06,156.60023303845225,163.3862419989138,155.76130890796034,159.1170196533203,4477457
2024-03-07,159.3780150121804,161.11180383313504,156.64683927036802,160.28219604492188,2051551
2024-03-08,161.82023218881653,163.49808030145746,160.37540589325025,162.510009765625,2554872
2024-03-11,163.12524195234047,166.3877467913873,160.44066199043928,160.9999542236328,3805445
2024-03-12,160.43135394376338,161.26096179097777,153.80380748850482,155.8731689453125,1392960
2024-03-13,154.87576317718194,157.03834468855348,146.37461207376035,149.14308166503906,1478616
2024-03-14,151.00735920924214,157.89590422398732,149.60914292026766,156.82394409179688,1347599
2024-03-15,157.54169494622468,158.93059500244448,153.79448529316804,154.27919006347656,1152148
2024-03-18,154.7266209642408,156.78665168228403,152.87164888479091,154.92236328125,1348232
2024-03-19,154.26987802010996,158.4179172128301,154.26987802010996,157.29934692382812,4096343
2024-03-20,158.55775003081436,158.74417604485583,156.13416917809562,157.40188598632812,1601869
2024-03-21,157.34595294135138,159.02381544345886,156.04094245153775,156.75869750976562,2497754
2024-03-22,157.25272715421787,158.37129737414332,156.600229044544,157.345947265625,1546317
2024-03-26,159.2941229140573,159.48987945575675,158.1848690323414,158.31536865234375,432428
2024-03-27,158.46451766023918,161.26095032483164,156.69344932868745,159.05177307128906,1315627
2024-03-28,159.3034430701151,163.21846021120322,159.0704070128309,161.3541717529297,1197101
2024-03-29,162.19310549267786,163.5913219193389,159.95596489937745,160.83216857910156,1226728
2024-04-01,161.16774117694098,162.6964572353085,158.56706488024852,159.60174560546875,496875
2024-04-02,159.86274042548888,159.86274042548888,157.26206420105794,157.51373291015625,486851
2024-04-03,157.53237040671468,158.74416071606007,157.35526073228988,157.7001495361328,318163
2024-04-04,158.930592685443,160.79488116269158,158.61366705792489,158.995849609375,608445
2024-04-08,158.9305982398785,162.659175324685,158.9305982398785,161.9787139892578,1104270
2024-04-09,162.24901651396303,170.39596190912852,162.23970019242205,168.13084411621094,4389779
2024-04-15,167.31987903376415,175.05667851342986,167.31987903376415,172.88478088378906,4141503
2024-04-16,173.37883050225477,175.243119002279,170.11632562721235,170.42393493652344,1821081
2024-04-17,168.7647243289709,170.81543889531383,166.38775357606286,166.91908264160156,1804216
2024-04-18,166.8538285667178,169.10961605058915,165.45561212621456,168.39186096191406,980073
2024-04-19,169.1841795571545,171.84079633046676,167.33853794453537,170.7781524658203,1650575
2024-04-22,171.5145413709694,172.91275774084144,169.41721681616136,170.4425811767578,1949089
2024-04-23,171.04847518791544,171.04847518791544,167.01228875324085,167.9910430908203,1002141
2024-04-24,168.53168016241406,170.6756147428823,167.78596193137395,168.4757537841797,1025798
2024-04-25,169.1841778193701,169.97650610457526,167.41310947094843,168.1588134765625,780040
2024-04-26,168.7087810435819,170.1163136415099,166.85380899633026,167.41310119628906,1394534
2024-04-29,167.78595627165475,168.2427120508153,164.05737946561797,164.85902404785156,544816
2024-04-30,164.85903686960998,170.02310988930952,164.05739222502925,165.53018188476562,1495029
2024-05-02,165.8284448025165,167.5715641001664,161.7270160783585,162.75238037109375,1352457
2024-05-03,163.58199186482298,167.5995311177621,162.65916398027315,166.54620361328125,1323132
2024-05-06,168.72742764311877,170.58239984380887,166.39706698951483,166.97500610351562,1907971
2024-05-07,167.69274860700145,167.69274860700145,164.99885223365547,165.84710693359375,639574
2024-05-08,165.92166845904245,168.7087847518935,164.98952425421638,165.77252197265625,755068
2024-05-09,165.9216828054025,166.76060697292652,165.45561066269067,165.94964599609375,543502
2024-05-10,167.1800817141141,171.51454691137596,167.04025153857452,169.08164978027344,3143773
2024-05-13,170.5823977969357,173.14579448514104,170.11632567180746,170.7222137451172,3010465
2024-05-14,171.56114934350398,173.1924017552016,170.5357849953657,171.2535400390625,1498563
2024-05-15,172.33483490726815,173.052575744822,167.7859663784122,168.2240753173828,1155786
2024-05-16,168.25203511051149,169.6502514687706,165.68863845370313,166.43435668945312,995856
2024-05-17,166.85382571493136,167.97239600353726,166.1547175066286,166.91908264160156,583637
2024-05-20,166.85381051768027,167.73934465619635,163.87095194528274,165.05477905273438,1068484
2024-05-21,165.54882491582572,167.7766491101291,165.4556048012286,165.76321411132812,1005247
2024-05-22,167.0868539298545,167.77664578337524,163.12524093570175,163.33963012695312,814259
2024-05-23,163.8616310454202,165.87506603407292,162.1930991003245,165.0081787109375,850663
2024-05-24,165.0174873834401,166.6207765530386,164.9895241951767,165.4742431640625,551845
2024-05-27,166.34112963847963,166.38773969315608,162.06259117426964,162.85491943359375,959136
2024-05-28,162.85491943359375,162.85491943359375,162.85491943359375,162.85491943359375,0
2024-05-29,162.8455899811333,162.8455899811333,158.80940386141407,160.17965698242188,1142046
2024-05-30,161.24229643377012,161.24229643377012,157.662866192634,158.86532592773438,986891
2024-05-31,159.3780139718298,159.79747602409532,157.51372554096795,157.8213348388672,1050589
2024-06-03,159.16362931368747,159.16362931368747,156.11551365994723,156.3392333984375,898904
2024-06-04,156.6002326483133,157.9052288976923,155.57486829280668,156.3392333984375,695348
2024-06-05,156.57226711449036,158.76281173963966,154.87575779230798,156.07823181152344,551234
2024-06-06,156.67480851019252,157.81202564223415,152.8716582327178,153.80380249023438,843882
2024-06-07,153.91565400238338,154.04615362844248,148.67700786907764,151.50140380859375,1094964
2024-06-10,152.52675918566686,154.03682823014424,150.72771349307854,152.93690490722656,494236
2024-06-11,156.60022303845994,157.06629513083632,150.0658974237642,150.79296875,1237819
2024-06-12,150.07521752436202,153.3284059314913,150.07521752436202,152.72250366210938,640319
2024-06-13,152.72251227745093,160.99995786492693,152.00477143747014,159.9932403564453,3410316
2024-06-14,163.1159356092459,165.5488327927072,159.2102487301075,160.02120971679688,3917467
2024-06-20,160.32879610690603,161.54058636402019,157.5323636166693,158.6229705810547,1218602
2024-06-21,159.10770148573434,160.88810038526498,154.92236875705922,155.901123046875,1663127
2024-06-24,156.5909213937633,157.2527358618681,153.8038048997048,155.7706298828125,949262
2024-06-25,156.22738064088855,158.18487501495704,155.9104407888459,156.3392333984375,1275158
2024-06-26,156.57227707136326,158.0916768111064,154.27919586637512,157.1035919189453,1771467
2024-06-27,157.31799546899424,158.37130884253153,155.20202395267498,156.17144775390625,631886
2024-06-28,155.80790530529734,157.0476588614786,154.26987298603225,154.93170166015625,619788
2024-07-01,155.7147002655062,157.20612253586054,152.40558532358773,153.3470458984375,861269
2024-07-02,154.03683598293912,157.9052288976923,153.80379992245057,156.3392333984375,1869011
2024-07-03,156.69344329167467,161.7270162046531,156.69344329167467,160.2542266845703,2333905
2024-07-04,161.2516336036,164.5234546926474,159.96527002958848,162.30494689941406,2074150
2024-07-05,162.19310329600256,163.12524756781866,160.28220469410098,161.04656982421875,630950
2024-07-08,162.19309432121065,164.52345487180276,161.72702221109225,162.7803497314453,1185299
2024-07-09,163.13455677184663,167.29192630103523,162.0066702172637,166.29452514648438,2360032
2024-07-10,166.36909918136962,166.94703827932761,162.8922051652562,163.18116760253906,1118028
2024-07-11,162.33292174618884,163.49810210389447,160.32881722029242,160.6737060546875,652839
2024-07-12,160.7855765020591,161.12114902123767,152.87166622174357,156.59092712402344,1845431
2024-07-15,158.46451095287182,160.56183536254218,158.46451095287182,159.34072875976562,1096693
2024-07-16,159.34072875976562,159.34072875976562,159.34072875976562,159.34072875976562,0
2024-07-17,159.34072875976562,159.34072875976562,159.34072875976562,159.34072875976562,0
2024-07-18,159.86273336488551,161.90413147776582,159.86273336488551,160.30084228515625,946733
2024-07-19,159.6296978728819,160.7948781493263,155.20201282239321,156.7120819091797,754270
2024-07-22,155.6680874136991,156.6002316497093,149.60914987963298,150.30825805664062,1238594
2024-07-23,152.75980032078303,152.87165307642667,150.16844051016378,151.4361572265625,643449
2024-07-24,152.39626641305247,153.23519053691575,151.380218385041,152.0140838623047,415109
2024-07-25,154.72662191452173,157.9984429580099,152.9648699336601,153.8131103515625,1871917
2024-07-26,151.9581513480805,153.28179440424154,150.55060450420714,151.05397033691406,553381
2024-07-29,151.93019750296426,152.87165808170465,150.2709818640952,151.79969787597656,1065518
2024-07-30,152.3589689410804,152.87165110348388,150.075218461347,150.38282775878906,419403
2024-07-31,151.00735325766016,151.47342533561587,148.30414089487326,148.7049560546875,442354
2024-08-01,148.67700505437733,149.84218534477213,146.3466444735877,147.05506896972656,455827
2024-08-02,149.031219225643,152.3962603560855,146.53306537384546,150.42010498046875,792708
2024-08-05,149.16171124775795,152.8716409917147,147.74484815357795,148.08973693847656,613094
2024-08-06,149.1430714522315,149.98199553979364,144.9484225676375,145.47975158691406,830689
2024-08-07,148.20161887750675,148.20161887750675,144.0162860901296,144.37982177734375,737268
2024-08-08,144.48236330164323,151.24040932704267,143.73664503347229,148.15501403808594,1788041
2024-08-09,149.79557588215656,151.47343835165333,147.79147146409161,150.30825805664062,993319
2024-08-12,149.42272616263733,151.38022055416462,147.46521754771757,147.93128967285156,524436
2024-08-13,147.30675331770382,148.2016180476623,146.63560832608306,147.49317932128906,315369
2024-08-15,147.2881172148258,149.1337731883682,147.278800892153,147.744873046875,274557
2024-08-16,148.66768775542994,149.59983198161973,146.8127156248911,146.93389892578125,422177
2024-08-19,146.54240957354352,148.18297839774922,145.88058087167937,146.11361694335938,242451
2024-08-20,146.7754371463228,148.94732069203351,145.41450030822247,146.1229248046875,482621
2024-08-21,147.26948345622682,147.26948345622682,145.3492542456373,145.44247436523438,619322
2024-08-22,148.20161461134546,149.5905003957353,146.6822149817406,148.9752960205078,855443
2024-08-23,149.152391296814,150.63451141415646,148.21093075645513,148.49989318847656,839546
2024-08-26,149.7583000909906,149.7583000909906,147.27879294799865,148.36940002441406,294281
2024-08-27,148.21093764055084,154.2698753428375,148.21093764055084,150.2150421142578,4452213
2024-08-28,150.5226464490786,151.47343754731,149.24561340401138,149.85150146484375,603165
2024-08-29,150.06591062203424,151.00737121101486,149.61847113315883,150.6717987060547,475681
2024-08-30,151.00737690129503,151.24041297675998,149.56255038873363,149.78627014160156,458875
2024-09-02,150.06591275837906,150.99805703838376,149.51593682339765,150.15911865234375,240190
2024-09-03,150.53197913528135,152.489473514313,149.79557721717063,151.6785125732422,559209
2024-09-04,151.83696689180996,152.91825756832816,151.47343122580372,152.61996459960938,480568
2024-09-05,152.8623383119975,153.1046906928252,151.0073661627865,151.2404022216797,432468
2024-09-06,151.89290142920893,152.4055836071224,151.3802192512955,151.5386962890625,203585
2024-09-09,152.40557070304894,152.40557070304894,149.8981006279718,150.23367309570312,221170
2024-09-10,150.6904440686667,151.70647789564387,149.24561762498203,151.16583251953125,286217
2024-09-11,151.16583413221682,151.16583413221682,149.143082778836,149.73965454101562,545380
2024-09-12,150.77433185295502,152.91826646432156,149.7955775495711,151.81832885742188,608087
2024-09-13,155.20201144118445,157.81201808187075,153.33772301546452,154.1114044189453,1187187
2024-09-16,154.08345499113804,156.83327781997457,154.08345499113804,154.9037322998047,706624
2024-09-17,154.9037322998047,154.9037322998047,154.9037322998047,154.9037322998047,0
2024-09-18,155.66809594224338,157.42984807588752,155.20202379870372,156.80531311035156,980070
2024-09-19,157.2806991329381,159.303450497669,156.66549472280187,157.47645568847656,1449273
2024-09-20,157.53238731568175,158.3899583682262,154.73595440475248,156.27398681640625,1961771
2024-09-23,156.2739804128349,157.89591655513408,154.73594806420442,155.17405700683594,610433
2024-09-24,155.65877290779855,155.65877290779855,152.8716564891902,153.2258758544922,629118
2024-09-25,152.88097045970474,155.1460883409593,152.87165413780048,154.19529724121094,1009009
2024-09-26,155.10880241831987,155.668094675373,152.04205399707996,152.49880981445312,822239
2024-09-27,152.8530108053833,152.8716576730153,149.61846910577188,150.25233459472656,1350506
2024-09-30,150.27099150838205,151.42684135777117,149.5159426644312,150.34555053710938,442526
2024-10-01,150.53197793922985,152.40558273500037,150.53197793922985,152.0140838623047,1345003
2024-10-02,150.07522863228786,154.73595001838376,150.07522863228786,153.8876953125,1188133
2024-10-03,154.72663307211891,157.98913802923042,153.80380512097165,156.84259033203125,1709169
2024-10-04,157.53238301220392,165.92168151581242,157.4391628950289,164.5793914794922,4266996
2024-10-07,164.05739043095764,175.24312159670475,163.64724467913743,174.09658813476562,6851203
2024-10-08,175.2338067035879,180.36991651865907,175.22447615790236,177.470947265625,3913140
2024-10-09,177.470947265625,177.470947265625,177.470947265625,177.470947265625,0
2024-10-10,177.10740530772307,184.3781332124028,174.32028891430136,183.1756591796875,4131553
2024-10-11,184.6671033815002,197.60527050447848,184.37814093122267,192.6276092529297,10335161
2024-10-14,194.63172548713672,199.29244681478178,191.92849858306693,193.00047302246094,4824506
2024-10-15,192.9514884451828,193.9309376251076,185.6056195957469,189.6409454345703,2604133
2024-10-16,189.03369729667475,205.63535839664146,188.59294814176056,199.83702087402344,7297940
2024-10-17,200.79687491649835,203.23570880240234,196.86928900859215,197.72140502929688,2360218
2024-10-18,194.91039781052905,197.8389564041385,191.13951227681451,192.96128845214844,1771879
2024-10-21,193.9309415032876,199.7096858023223,192.36381680598564,195.56661987304688,2951260
2024-10-22,195.56662280199996,197.26106575787375,191.9720459793825,192.43238830566406,1750500
2024-10-23,191.48232396067277,194.39128936172784,189.13165179294765,191.3060302734375,1349294
2024-10-24,192.36381362294733,202.74598094405988,190.11109245751345,201.02215576171875,5843435
2024-10-25,210.5619838745827,221.12044500699008,204.70488186985483,220.35647583007812,23434446
2024-10-28,223.31441505236458,234.9502761980861,221.40449212319527,229.16172790527344,13463820
2024-10-29,231.13042169997766,233.54966245799395,224.29387036012238,225.80221557617188,5390420
2024-10-30,226.25276910796822,228.21166754180345,216.12526779189028,218.8775177001953,4858652
2024-10-31,221.35552828235456,224.9794874820061,214.2936926847112,217.23204040527344,8180925
2024-11-01,217.43773133703417,237.56541621335555,216.06650837875821,232.14906311035156,13095823
2024-11-04,238.59382768359788,244.60764508772655,234.0883554499916,236.71327209472656,11769120
2024-11-05,239.965058285104,240.4058074439328,231.00310392315208,234.25486755371094,11850635
2024-11-06,235.55754160125227,236.9777400064799,230.17057079540243,232.31556701660156,2892004
2024-11-07,233.10891454967754,234.0883637704745,229.68084227688814,230.699462890625,2112063
2024-11-08,232.12946682150073,243.39313293309252,231.3361153387873,241.74766540527344,8102129
2024-11-11,243.02093300967286,246.82120072392073,239.96505625936737,244.29421997070312,7702415
2024-11-12,244.21586751605864,245.35203221014945,238.2510252898956,241.26773071289062,5022222
2024-11-13,240.94450082067308,247.31092055780468,238.9856024400172,241.00326538085938,6994267
2024-11-14,241.92395642213148,245.74380238755523,241.14039406006253,242.41368103027344,2122582
2024-11-15,243.14826108818525,257.0074611298312,243.14826108818525,249.9358367919922,11165906
2024-11-18,251.8947487651921,251.8947487651921,248.30997589952003,249.97503662109375,1770889
2024-11-19,251.2385180288001,257.88895642142523,249.75954020617525,256.77239990234375,5409635
2024-11-20,257.5951466877864,259.5540451416859,248.7996968144361,251.58131408691406,5504897
2024-11-21,252.45304770929482,261.5129533981832,249.75956223421989,260.6118469238281,8900389
2024-11-22,261.4052212385856,269.83826482266625,260.5334970701605,263.6775207519531,8490259
2024-11-25,263.56978429354217,269.8382531620545,259.6519875144198,268.22216796875,4319599
2024-11-26,269.25057149576634,269.25057149576634,254.65678480611464,256.3316345214844,6240800
2024-11-27,269.3485393153353,281.83651704722814,264.94101776290256,279.9951477050781,8977194
2024-11-28,281.1019195537688,286.9786147360776,276.20467356851157,285.12744140625,6096870
2024-11-29,286.8708878206483,288.9375112656908,278.76101982659384,286.71417236328125,6545500
2024-12-02,287.08635358510816,290.3087499674511,283.4526052588858,286.54766845703125,4947243
2024-12-03,287.44877813815276,299.58413886543764,280.12248694968696,295.86224365234375,9718563
2024-12-04,301.67035703556087,303.5313045586707,293.83476334632553,301.6605529785156,6061286
2024-12-05,303.6292575559401,307.4001430230249,297.7917485864397,303.4627380371094,6456467
2024-12-06,304.6087137414163,305.6958880507773,295.5488082683999,296.56744384765625,4202813
2024-12-09,296.5674493063492,301.67037157305657,291.88568304703347,299.0650329589844,3517291
2024-12-10,300.1913744874332,300.6909031422774,282.1401329806377,292.5321044921875,4986236
2024-12-11,293.8347519767359,304.6086928825496,292.54187189433827,303.5900573730469,6446693
2024-12-12,305.68610657129096,333.9529966235057,304.62828467840933,333.0029296875,10549130
2024-12-13,335.9510791725421,366.30420063838704,325.6668624631786,356.2844543457031,11182736
2024-12-16,372.19071513638124,389.477988427132,366.32382369166555,378.7334289550781,8969500
2024-12-17,380.99593313429193,383.9440847787768,359.02689484475746,368.0769958496094,8441394
2024-12-18,372.1906902923881,403.49387787503116,372.1906902923881,386.9411926269531,13894652
2024-12-19,384.8745727985287,395.5799453169192,370.23179538977666,372.86651611328125,7768798
2024-12-20,376.10848932103784,396.67692233078213,370.4374701361773,388.8902893066406,6954013
2024-12-23,396.67692467001945,427.78424072265625,392.8668529473935,427.78424072265625,7656611
2024-12-24,431.05561216225897,455.44389201463645,419.51770142683824,423.64117431640625,9641958
2024-12-26,421.1533542313635,425.6196402163972,404.51252179788065,410.4675598144531,5442404
2024-12-27,414.54208774212566,426.06042039639675,407.49984529882295,418.92022705078125,4147020
2024-12-30,426.0604000546903,437.5689281021446,423.12205246810623,435.4826965332031,3799376
2024-12-31,439.3417445501877,441.7217990071892,428.01931383404906,431.63348388671875,3247258
2025-01-01,431.63348388671875,431.63348388671875,431.63348388671875,431.63348388671875,0
2025-01-02,437.3142783616713,438.7932562680444,419.43932986414495,423.1612548828125,3200243
2025-01-03,426.16814281354294,432.62273958363846,415.2864761468139,426.6578674316406,4069658
2025-01-06,426.06040553042766,430.93807334739535,402.122664492841,404.75738525390625,4556039
2025-01-07,407.01992390820595,408.7731464176618,382.9646529576495,398.03839111328125,7977242
2025-01-08,399.61527760421103,408.46950683024875,380.0262934079262,384.13018798828125,4702608
2025-01-09,384.1889450027556,393.758152834116,376.1084891805179,379.9773254394531,4678631
2025-01-10,377.087946388633,384.9235400798254,369.2425486403929,380.8882141113281,3407157
2025-01-13,383.84614845581183,388.8413455224714,380.07526293046993,385.3349304199219,2365661
2025-01-14,386.88244356123425,395.6974865790852,385.0214960133272,394.4731750488281,3313086
2025-01-15,396.6867413387641,401.5741834208301,389.85017496778084,392.5926208496094,2774787
2025-01-16,391.779692921078,391.779692921078,380.0752626388934,381.02532958984375,1683902
2025-01-17,381.00575581874534,395.67791625067093,377.14672340713685,389.8599853515625,3428854
2025-01-20,390.790423018953,393.7385746477916,383.9440827411301,385.20758056640625,1800695
2025-01-21,385.2075841257564,387.6659812915605,372.19069589220936,374.668701171875,1425622
2025-01-22,373.16035698274686,373.9537084771892,362.4451798886823,364.8154602050781,1899909
2025-01-23,365.75570974615124,378.459167140923,362.59210794130223,376.6177978515625,2589162
2025-01-24,377.05857552466085,385.90300097577307,374.14961008310996,377.1173400878906,2454169
2025-01-27,377.2348454090606,380.8098289352303,360.92702255267443,362.8173522949219,1986035
2025-01-28,361.8477110976157,362.3962002527107,346.8229641118263,356.58807373046875,3010812
2025-01-29,360.4373080658105,362.81736246439266,345.6476190665483,348.9189758300781,2140461
2025-01-30,352.5723427031454,369.24255794047826,350.1531018944398,363.0132751464844,3100589
2025-01-31,371.21124167819886,372.16130858470694,359.5753805602783,361.3775634765625,1983044
2025-02-03,359.5655888209285,360.0455392642317,347.8121981804667,350.0551452636719,1519429
2025-02-04,352.84656416346087,356.4607339988668,339.5358535046997,342.8561706542969,1749405
2025-02-06,342.80722351233595,345.7455711424417,328.21343626089435,335.51031494140625,3942888
2025-02-07,335.9510823062968,340.60346609916826,327.1360393303299,336.0588073730469,2193928
2025-02-10,335.93150898079057,348.6839272447531,330.46616551736486,345.9610595703125,3096218
2025-02-11,348.68392225144623,361.29923298503286,346.73482786896324,357.7536315917969,4148106
2025-02-12,359.4578460788629,359.8888061057221,353.2383378593605,354.7173156738281,1431736
2025-02-13,356.32361923721066,364.35511490911665,340.84833330207687,344.2666015625,9802906
2025-02-14,344.76611031416354,347.59673278317706,327.14582918434746,329.7413635253906,5779058
2025-02-17,329.5846499792179,329.5846499792179,318.81070896949603,324.61883544921875,2629757
2025-02-18,328.1154946930473,329.094943930937,323.610022220671,326.2545471191406,2278017
2025-02-19,327.91958484573144,335.65725754759677,327.1360374308068,331.4945983886719,4330552
2025-02-20,332.4740489896663,339.6240163245421,331.0734138912785,337.3125305175781,3677225
2025-02-21,338.88941229329777,339.37913687753667,330.564094361237,331.03424072265625,1505243
2025-02-24,329.19287424019535,338.88941511065383,325.1771266379684,335.5984802246094,2749531
2025-02-25,338.88943065156104,346.7250244238515,336.4506116548695,338.9677734375,4154143
2025-02-26,337.9099823234516,338.2527955299793,331.5435623666329,332.19000244140625,1231237
2025-02-27,332.0332841370885,334.9226712796994,327.1360380583704,328.25262451171875,1790217
2025-02-28,330.0743755631496,332.79724310363247,327.14583206299756,328.448486328125,2037751
2025-03-03,329.7805542404122,329.7805542404122,322.14083262390136,323.805908203125,679594
2025-03-04,325.1771519731871,328.11549973198095,322.2877647208722,326.76385498046875,1482958
2025-03-05,327.1458278620247,329.09492215150055,318.3209812477312,318.98699951171875,1457547
2025-03-06,319.3004568869255,339.9178517328123,315.54917939491565,337.5182189941406,7411335
2025-03-07,343.78666582357,368.27289558308354,343.00311842743247,363.5127868652344,12459622
2025-03-10,352.60170615906253,357.40100118147745,347.5085584472648,349.5556335449219,5436066
2025-03-11,348.6741222103097,380.9077999922869,339.88846141182785,372.8861083984375,14303880
2025-03-12,377.097764504998,383.9343011255822,369.2621705216715,374.7568664550781,7987668
2025-03-13,377.0781470292714,394.7180371112619,377.06837286251977,391.8580322265625,10540509
2025-03-14,396.6769454696678,399.2920881138077,382.0047849729796,388.1263427734375,5544763
2025-03-17,393.73858592242726,409.4097734218273,384.6492983683919,404.8259582519531,11410811
2025-03-18,415.26689449496604,418.22482040331005,405.0512163290525,411.96612548828125,6337613
2025-03-19,412.8378357775056,414.5518718691085,406.4714160086947,412.09344482421875,3738949
2025-03-20,413.4352795426968,414.30700366139394,404.83571692709114,409.4489440917969,5203140
2025-03-21,409.40976953605184,416.2561099449387,404.51252348896986,411.2021484375,4817237
2025-03-24,411.3686715910001,413.31776597003324,393.73858566567156,398.5281066894531,4023237
2025-03-25,396.4516614762703,413.3275827851336,390.32032950735965,410.26190185546875,8838908
2025-03-26,422.14262006272264,425.08096776617543,399.1353671096209,411.30010986328125,26879128
2025-03-27,411.3001080273257,414.34621067599227,406.47143049657285,412.1130676269531,7058563
2025-03-28,412.1130676269531,412.1130676269531,412.1130676269531,412.1130676269531,0
2025-03-31,412.1130676269531,412.1130676269531,412.1130676269531,412.1130676269531,0
2025-04-03,408.33237182226725,419.20426408863074,405.981699683966,414.845703125,7951282
2025-04-04,414.30701264632495,415.16893272696854,401.86799581874345,402.80828857421875,7055542
2025-04-07,393.7385839686666,393.7385839686666,362.5235423056573,379.48760986328125,11008162
2025-04-08,386.39272436145586,388.7433965543924,382.4749274097554,383.7481994628906,3663091
2025-04-09,380.02630474669485,383.8461508008588,370.1240872874229,378.66485595703125,3541402
2025-04-10,396.6769295667553,396.6769295667553,384.92353906107365,387.5190734863281,6063875
2025-04-11,381.975390913317,385.8736095610016,379.0958078215373,382.9842224121094,2175287
2025-04-14,384.5317782157314,386.2947748943774,374.639334897861,379.73248291015625,2239567
2025-04-15,380.026293734801,391.28015560031287,376.10849689217423,385.9715576171875,4853071
2025-04-16,391.77969120348354,394.71803888750964,374.6980942757782,376.6080322265625,21420604
2025-04-17,376.0007670376413,389.77182037285246,375.12904290385865,388.3711853027344,8906634
2025-04-18,393.73857434376794,394.2968675557167,380.02628568502973,381.81866455078125,6166801
2025-04-21,383.6502630724872,384.9235350745822,376.35335458628043,378.83135986328125,3226054
2025-04-22,379.0370292598732,382.96463004341035,376.3533480669576,377.734375,2582547
2025-04-23,380.80984772463665,381.0057495263188,372.28865737899315,373.2191162109375,2571096
2025-04-24,362.3961958505738,369.24253603968236,353.5811532488031,363.29730224609375,4077756
2025-04-25,363.8653713688999,368.0182263385671,348.65452675735906,356.4803161621094,5052480
2025-04-28,357.5479302555231,361.26985527210377,339.87868762788065,342.2783203125,2433693
2025-04-29,340.8483360726599,352.0042772817494,337.9099883478956,349.8984375,3381136
2025-04-30,342.8072236812646,345.7455713128183,331.5435577603087,336.4309997558594,4788705
2025-05-02,343.31653012297573,349.330362686241,340.84832884704764,345.7455749511719,1985423
2025-05-05,345.74555908942966,351.0248044948808,339.9178245367131,348.5271911621094,2025948
2025-05-06,352.60172035818806,362.5921143911707,349.32055948232687,355.7261657714844,4245140
2025-05-07,333.21840481635985,353.5811621058444,333.01272885314984,338.6445617675781,4694780
2025-05-08,342.90516839208783,346.2254856128054,304.7849926548913,305.1669921875,6176801
2025-05-09,305.1670126991013,328.11550165615824,293.83477760252975,323.0419616699219,6169450
2025-05-12,355.34417724609375,355.34417724609375,355.34417724609375,355.34417724609375,790882
2025-05-13,367.29345207866913,380.61396725213905,357.49896002323794,378.16534423828125,12176699
2025-05-14,380.13402280896446,380.13402280896446,369.25235631122536,371.12310791015625,4456811
2025-05-15,376.1085012565155,380.5160227556153,371.89688155798746,378.3416442871094,5525750
2025-05-16,380.016504592025,382.37698086919784,371.30921631057475,372.1417541503906,3298832
2025-05-19,380.0262838299449,382.9646313853311,375.42286070367305,377.4013671875,3779048
2025-05-20,377.4013861085201,377.4013861085201,370.49625107292337,371.6324157714844,1208442
2025-05-21,370.2905682866818,378.7530238620811,370.2905682866818,375.6187744140625,2320702
2025-05-22,376.1084969947095,378.80198232474976,367.29345409639603,368.5863342285156,2716652
2025-05-23,370.18283794100375,371.4071494437979,365.9222279331966,368.037841796875,1327584
2025-05-26,361.41674596951947,362.3961951455886,350.69176553539546,355.30499267578125,3235997
2025-05-27,354.5704178831913,360.7311318896225,354.5704178831913,358.8995666503906,1748982
2025-05-28,358.8995666503906,358.8995666503906,358.8995666503906,358.8995666503906,0
2025-05-29,358.89957221399106,361.26004843224246,356.6272428391078,357.7144470214844,1032202
2025-05-30,358.4882281296607,360.43732256446384,357.009250203117,358.4784240722656,890182
2025-06-02,361.4167505802762,370.4766555744972,355.5400554488896,358.2825012207031,3538803
2025-06-03,358.28251775012114,362.3570301493775,353.5811733842815,359.9573974609375,1089268
2025-06-04,359.93778140684367,372.6706211647503,354.56061479709217,364.4236755371094,10708506
2025-06-05,365.43250691893377,366.6078280389018,361.45594551006036,362.7292175292969,1333025
2025-06-06,362.7292175292969,362.7292175292969,362.7292175292969,362.7292175292969,0
2025-06-09,362.7292175292969,362.7292175292969,362.7292175292969,362.7292175292969,0
2025-06-10,364.3257221913042,364.35510447185453,359.9573871037811,360.7801208496094,1074354
2025-06-11,365.3835268972217,371.0153600252394,362.88594329226834,368.05743408203125,3644832
2025-06-12,368.889957426342,377.0879424578285,365.3345520435585,366.9702453613281,5791290
2025-06-13,360.1141194121969,364.2277883338046,355.638029159621,361.05438232421875,2859045
2025-06-16,361.05438232421875,361.05438232421875,361.05438232421875,361.05438232421875,0
2025-06-17,362.39620188136655,365.04072666207315,359.45785429854465,360.85845947265625,1265038
2025-06-18,359.5655924382843,362.8859396750193,356.7448037641465,358.595947265625,2343778
2025-06-19,366.999631690037,370.0359003348818,359.5655858674405,361.9554443359375,3770997
2025-06-20,362.3962130628413,368.1455752281551,361.9554489556516,364.63916015625,2304879
2025-06-23,359.44805715721736,362.78798256079966,340.8483261650415,347.18536376953125,3237272
2025-06-24,363.3756723582217,373.1505866501339,362.39622310658234,369.04669189453125,6562575
2025-06-25,369.74208492493557,373.1701572354979,365.33456338278404,370.12408447265625,4042537
2025-06-26,372.1907122604869,377.0879584744407,371.2112630176962,372.180908203125,5166688
2025-06-27,373.65988548310025,380.0165014929639,369.0075015878323,371.74017333984375,5165098
2025-06-30,374.6491216152018,374.6491216152018,369.2523469790362,369.7714538574219,1947831
2025-07-01,370.23179538977666,375.61876595761737,369.25234619562383,372.86651611328125,3141752
2025-07-02,374.63933051151946,382.86669806623775,373.21911717171366,380.43768310546875,6177353
2025-07-03,385.4132661027333,388.96867153565233,381.1134697014801,386.7061462402344,5493293
2025-07-04,387.8619008547429,388.8413500993256,381.10370704520614,383.85595703125,2785112
2025-07-07,384.4338122370293,385.90298604175683,382.23005152993807,384.0224304199219,2282968
2025-07-08,385.41326733351815,386.88244116071075,381.3975195611082,384.6786804199219,2107738
2025-07-09,384.9235515949207,384.9235515949207,375.03110828577155,376.1966552734375,4354521
2025-07-10,376.19665892653654,377.6756368592886,370.2416206370405,372.4355773925781,1647705
2025-07-11,372.43555892766216,379.37985018051523,372.1808925702994,377.5776672363281,2283313
2025-07-14,379.48761533118034,379.53657583641126,372.68043124065673,374.1398010253906,1544113
2025-07-15,375.56980490392255,376.50026370275435,367.4011723330864,370.1044616699219,2490436
2025-07-16,371.2112478678246,372.2690398550838,367.2934510565547,368.18475341796875,1337914
2025-07-17,367.3424146397432,378.55712006217664,367.3424146397432,375.51104736328125,3028459
2025-07-18,376.10851288645733,377.08796213876576,370.23181737260643,370.8880615234375,1639769
2025-07-21,371.2112570366093,375.5893962769586,368.2827134127847,373.07220458984375,1569762
2025-07-22,373.07218672773587,378.9488818084261,372.1906884437157,375.74609375,3038851
2025-07-23,380.12425436356455,380.5258321370627,374.1496080475488,375.3151550292969,1990887
2025-07-24,376.0986800984145,378.06738251009733,371.2112382676862,371.91644287109375,1120190
2025-07-25,372.19069824715876,374.1495966589859,370.23179983533157,371.3875427246094,976247
2025-07-28,376.08892702772005,380.71192860039037,375.1290560193913,377.3426208496094,3837682
2025-07-29,378.0772018355994,379.5365716040593,362.39621030581145,370.5354309082031,1811820
2025-07-30,372.1907116981229,373.3660627438635,368.27291473287954,370.9664001464844,1196885
2025-07-31,377.08795159650697,381.69137490982644,372.29843053921815,377.8617248535156,8288578
2025-08-01,377.5287002547451,407.84263459145353,375.17799829878305,403.2588195800781,21303484
2025-08-04,408.6360024707165,414.2090709478055,399.3802252360158,400.6241149902344,9926480
2025-08-05,400.3792556894796,402.45568327796127,393.94426706430136,395.6485290527344,2837718
2025-08-06,395.68768464790236,405.98170561454646,395.64852819982485,404.1207580566406,6288244
2025-08-07,405.4919658289546,416.2659069500138,402.55361825048396,415.0415954589844,12902144
2025-08-08,416.148385178609,420.18371114184004,407.4508714102691,409.3608093261719,8451959
2025-08-11,408.920031946514,416.89276260539816,404.071746557688,415.01220703125,6589771
2025-08-12,416.3638774974182,419.20427431257383,405.0316426279315,406.804443359375,7092334
2025-08-13,404.512525347868,406.4518455519748,399.6152792782812,401.4762268066406,4640177
2025-08-15,401.6721253337095,405.49197125878845,393.73858078751925,396.47125244140625,3778170
2025-08-18,396.6769280643027,397.754328167993,386.88243601333227,394.6298828125,3283860
2025-08-19,394.70823329770366,400.59473270011347,389.82079123385125,394.4731750488281,7453804
2025-08-20,393.7287766057204,394.47316756693175,388.87071691511926,390.3203125,3079336
2025-08-21,390.3203044618395,394.27725764998996,382.0635251117108,387.86187744140625,4776775
2025-08-22,387.86189638587916,394.228316402314,387.86189638587916,392.40655517578125,4085988
2025-08-25,392.26941414239616,396.67693564961405,391.69154268718887,393.552490234375,3128930
2025-08-26,397.6563824960401,399.5858986510588,395.31548451768987,396.05987548828125,3930982
2025-08-27,396.3831150210849,396.3831150210849,388.74339309892594,390.898193359375,4019510
2025-08-28,391.7796779344199,391.7796779344199,388.1067434537847,388.7041931152344,1746717
2025-08-29,390.31049765004445,399.6152648462186,383.9440779895042,392.83746337890625,4582421
2025-09-01,393.7385786859697,395.79542798554706,389.8697423869928,394.6690673828125,2818099
2025-09-02,395.6974898419769,398.381171173496,393.00400445320105,395.02166748046875,2653915
2025-09-03,395.6974694874752,404.73779619695944,394.2282957146257,399.2822570800781,6095181
2025-09-04,401.0746611877546,403.533088354069,396.197023084605,400.61431884765625,3805646
2025-09-05,400.83960100685346,412.7399032810196,399.6152894582681,407.5782165527344,9099927
2025-09-08,411.3784842994124,417.2453756741216,411.3686802420917,413.7291564941406,6476130
2025-09-09,416.23653774003947,416.2659200211301,406.50081006642944,407.40191650390625,3484491
2025-09-10,406.4714222352449,415.7566115085426,404.5125238148341,413.04351806640625,5531587
2025-09-11,415.04160855553636,415.28647086146884,405.6388900296459,406.6281433105469,2922115
2025-09-12,408.92005973691363,410.5851354093752,403.53308889008,404.29705810546875,2196077
2025-09-15,404.51253019339157,410.3892255472907,403.34698322363477,407.98956298828125,2852398
2025-09-16,408.41073279548857,418.46966518640573,407.35291093479225,415.8545227050781,8195107
2025-09-17,417.2453598017695,420.1739033490596,410.3892153918813,412.2012023925781,6373570
2025-09-18,416.16797956684155,419.204278214234,414.30703197341353,415.6390686035156,4776541
2025-09-19,416.0210469500229,439.1556322298505,416.0210469500229,422.9947204589844,13698237
2025-09-22,424.4932755847724,445.6298059739055,421.16315429632675,440.85986328125,15688342
2025-09-23,440.85986328125,440.85986328125,440.85986328125,440.85986328125,0
2025-09-24,452.50553213264345,454.2195682392065,439.2340073779938,445.571044921875,7839968
2025-09-25,449.5672030137081,449.5672030137081,438.8912122317713,442.2702941894531,5011958
2025-09-26,444.1802225093693,446.1391209548351,439.77270100707125,441.5455017089844,4679235
2025-09-29,444.1802228114749,470.1356272315501,439.4298880999058,468.764404296875,16285400
2025-09-30,474.4451836262132,478.4609312999564,460.92879670430557,462.74078369140625,11333762
2025-10-01,465.67915425374923,469.15618710809053,456.5310720261941,460.4292907714844,6837555
2025-10-02,462.3000226133268,475.03286221920234,457.892501211293,473.6028747558594,9331512
2025-10-03,474.0534174915564,484.63145700007686,470.33152245088894,476.58038330078125,11037656
2025-10-06,475.9927301493081,476.01230837264154,460.39008176926546,467.197265625,6829776
2025-10-07,467.197265625,467.197265625,467.197265625,467.197265625,0
2025-10-08,464.0140550073988,476.01230761708877,460.2823559747204,469.5185546875,10064153
2025-10-09,474.6411074863242,484.57270723281033,473.0739827248868,475.6793212890625,10375985
2025-10-10,474.0436070145635,479.9301062500332,470.72328978168747,472.72137451171875,5949405
2025-10-13,470.1356190279221,473.0739666468466,451.5260841080668,453.2303161621094,8739557
2025-10-14,460.36072096767674,479.73422573687924,460.3313386860971,476.6000061035156,9455804
2025-10-15,482.0,484.0,474.79998779296875,475.75,4620610
2025-10-16,476.5,483.5,470.0,471.6099853515625,2999501
2025-10-17,473.5,473.5,466.5,467.760009765625,2287461
2025-10-20,471.0,478.0,466.5,475.7799987792969,6030156
2025-10-21,479.04998779296875,479.739990234375,475.0,475.9599914550781,3148673
2025-10-22,475.8999938964844,482.8900146484375,469.75,472.3900146484375,5191458
2025-10-23,470.0,476.0,465.6499938964844,466.6700134277344,3196491
2025-10-24,466.0,473.0,462.1000061035156,464.9599914550781,2098333
2025-10-27,464.9599914550781,465.489990234375,448.0,449.8800048828125,3894343
2025-10-28,451.989990234375,463.5799865722656,443.989990234375,446.9700012207031,5660038
2025-10-29,450.0,453.44000244140625,438.5,440.5400085449219,3271608
2025-10-30,441.6099853515625,448.1000061035156,436.4599914550781,439.80999755859375,2774069
2025-10-31,446.1000061035156,451.8999938964844,444.010009765625,449.1400146484375,2756603
2025-11-03,451.0,454.45001220703125,448.1000061035156,451.260009765625,2394657
2025-11-04,451.0,451.0,441.0,441.79998779296875,1932057
2025-11-05,443.010009765625,444.989990234375,431.0,435.32000732421875,2742330
2025-11-06,436.8999938964844,439.79998779296875,429.19000244140625,435.260009765625,1880452
2025-11-07,438.1499938964844,442.3999938964844,435.5,439.7699890136719,1863312
2025-11-10,447.989990234375,447.989990234375,442.5,443.92999267578125,2230358
2025-11-11,443.8800048828125,443.8800048828125,428.1099853515625,429.7300109863281,3050764
2025-11-12,432.0,435.0,425.0,429.19000244140625,2820702
2025-11-13,430.1000061035156,435.0,429.0,431.80999755859375,1471548
2025-11-14,432.8999938964844,441.45001220703125,431.989990234375,434.3599853515625,3075145
2025-11-17,437.0,441.0,432.989990234375,434.5400085449219,2123408
2025-11-18,434.989990234375,439.0,432.5,435.8900146484375,911588
2025-11-19,436.989990234375,452.25,435.489990234375,449.1700134277344,6462988
2025-11-20,450.5,457.67999267578125,450.5,453.5899963378906,3497730
2025-11-21,452.989990234375,454.0,447.5,448.67999267578125,1923124
2025-11-24,450.0,454.7099914550781,443.989990234375,445.4599914550781,1997948
2025-11-25,447.3500061035156,447.9700012207031,440.7699890136719,441.5199890136719,854700
2025-11-26,441.7900085449219,448.1000061035156,430.0,446.239990234375,3168193
2025-11-27,448.9800109863281,454.5,445.0,452.3599853515625,3944056
2025-11-28,454.8999938964844,458.0,452.0,453.3800048828125,3821988
2025-12-01,453.989990234375,463.75,449.989990234375,459.6300048828125,3600096
2025-12-02,459.5,465.0,455.0,455.9200134277344,2938140
2025-12-03,456.0,459.9800109863281,453.0,456.1300048828125,2298671
2025-12-04,457.0,460.8999938964844,454.79998779296875,459.8299865722656,3088202
2025-12-05,465.0,467.510009765625,460.70001220703125,464.6400146484375,3605630
2025-12-08,467.010009765625,471.20001220703125,465.510009765625,467.5799865722656,3319030
2025-12-09,469.3900146484375,479.8900146484375,468.7900085449219,478.6400146484375,8569232
2025-12-10,479.9800109863281,484.0,470.260009765625,472.32000732421875,4557026
2025-12-11,475.989990234375,478.0199890136719,467.0,467.8699951171875,2862098
2025-12-12,470.0,473.25,465.1000061035156,469.3599853515625,2257552
2025-12-15,474.989990234375,475.0,466.25,467.5,2150263
2025-12-16,470.0,472.3999938964844,463.5,464.7099914550781,1445675
2025-12-17,464.7099914550781,466.8900146484375,458.5,460.2900085449219,1641055
2025-12-18,458.7699890136719,461.0,456.79998779296875,458.4100036621094,1450421
2025-12-19,460.0,464.3500061035156,458.0,459.3299865722656,1990758
2025-12-22,459.0,459.8399963378906,453.0,454.8399963378906,1952664
2025-12-23,457.8999938964844,457.8999938964844,450.0,450.6600036621094,1113786
2025-12-24,452.94000244140625,458.239990234375,450.0,456.1600036621094,1239146
2025-12-26,457.8999938964844,459.489990234375,455.79998779296875,457.57000732421875,1563279
2025-12-29,459.0,464.95001220703125,458.29998779296875,462.94000244140625,2825795
2025-12-30,465.0,475.1499938964844,463.29998779296875,473.5400085449219,4996351
2025-12-31,475.0,481.8500061035156,473.0,474.1600036621094,4701222
2026-01-01,474.1600036621094,474.1600036621094,474.1600036621094,474.1600036621094,0
2026-01-02,473.3999938964844,490.5199890136719,473.3999938964844,483.8900146484375,8222250
2026-01-05,485.0,494.0,481.32000732421875,484.6600036621094,5155557
2026-01-06,485.5,488.1000061035156,476.0199890136719,481.69000244140625,4990348
2026-01-07,484.04998779296875,489.0,481.6000061035156,486.79998779296875,2601988
2026-01-08,485.1000061035156,485.1000061035156,476.0,477.3900146484375,6932786
2026-01-09,477.0,477.8999938964844,470.0,472.2900085449219,2732676
2026-01-12,472.0,476.8999938964844,468.0,470.2699890136719,1797662
2026-01-13,473.5,473.5,464.1000061035156,468.5400085449219,4035352
2026-01-14,469.92999267578125,473.0,463.75,464.8999938964844,3531599
2026-01-15,467.0,469.70001220703125,459.95001220703125,464.70001220703125,1787303
2026-01-16,466.510009765625,484.0,466.510009765625,479.3500061035156,6781214
2026-01-19,484.0,494.5,481.1000061035156,492.1499938964844,9525818
2026-01-20,495.1499938964844,506.75,494.5,503.2099914550781,10292611
2026-01-21,504.0,506.45001220703125,493.760009765625,495.2699890136719,3718521
2026-01-22,495.8500061035156,498.5,493.0,494.8800048828125,1681121
2026-01-23,494.04998779296875,495.4800109863281,487.55999755859375,488.4700012207031,2111700
2026-01-26,490.0,490.5,481.0,483.55999755859375,1831566
2026-01-27,480.0,487.0,475.25,478.1099853515625,2405046
2026-01-28,480.1300048828125,484.20001220703125,477.0,479.94000244140625,2314736
2026-01-29,481.45001220703125,482.2099914550781,466.0,467.69000244140625,4323159
2026-01-30,474.79998779296875,480.0,467.70001220703125,471.1499938964844,3027960
2026-02-02,475.0,475.8999938964844,468.0,473.70001220703125,1530357
2026-02-03,475.0,490.3999938964844,473.7099914550781,484.7900085449219,5765102
2026-02-04,486.8999938964844,489.0,481.0,484.17999267578125,1811301
2026-02-06,484.0,484.0,467.1000061035156,473.0799865722656,2179985
2026-02-09,474.010009765625,477.2099914550781,460.989990234375,464.1499938964844,2586941
2026-02-10,464.9800109863281,473.0,464.9800109863281,467.25,1034218
2026-02-11,468.8999938964844,471.45001220703125,465.1000061035156,466.6600036621094,398722
2026-02-12,467.8999938964844,468.739990234375,452.0,458.25,1792635
2026-02-13,459.0,460.0,452.0,454.45001220703125,1015575
2026-02-16,457.8999938964844,457.8999938964844,431.0,435.7699890136719,2812794
2026-02-17,439.3699951171875,441.0,404.010009765625,409.3900146484375,4953188
2026-02-18,409.3900146484375,419.5,409.0,416.2200012207031,2087810
2026-02-19,417.5,417.5,385.25,394.32000732421875,1580795
2026-02-20,397.0,404.4800109863281,390.45001220703125,400.6499938964844,1172897
2026-02-23,399.75,403.25,380.0,383.17999267578125,1282403
2026-02-24,383.5,391.1000061035156,364.7699890136719,375.6000061035156,3049795
2026-02-25,380.0,382.0,370.0,372.1400146484375,777699
2026-02-26,372.1400146484375,393.8999938964844,365.0,390.4700012207031,2116617
2026-02-27,385.0,395.0,380.010009765625,388.95001220703125,926549
2026-03-02,350.05999755859375,365.5,350.05999755859375,350.05999755859375,4387143
2026-03-03,351.0,363.0,342.0,358.9599914550781,3977196
2026-03-04,358.9599914550781,369.5,350.5,364.9599914550781,4911003
2026-03-05,367.0,401.0,365.5,393.4599914550781,4376749
2026-03-06,394.0,399.25,381.0,383.9700012207031,1831687
2026-03-09,380.0,380.0,345.57000732421875,357.55999755859375,4761559
2026-03-10,388.9599914550781,393.32000732421875,369.6000061035156,371.92999267578125,3635050
2026-03-11,372.0,375.0,364.1000061035156,365.3800048828125,1414557
2026-03-12,360.010009765625,365.5,358.0,359.9100036621094,1814693
2026-03-13,357.0,361.6000061035156,351.0,359.2200012207031,1014515
2026-03-16,361.0,362.8999938964844,342.0,345.8399963378906,1354376
2026-03-17,345.010009765625,355.79998779296875,344.510009765625,353.3900146484375,1358674
2026-03-18,353.0,378.8999938964844,351.29998779296875,368.8500061035156,2840737
2026-03-19,365.5,365.5,358.1099853515625,362.9200134277344,1139721
2026-03-20,362.9200134277344,362.9200134277344,362.9200134277344,362.9200134277344,0
2026-03-23,362.9200134277344,362.9200134277344,362.9200134277344,362.9200134277344,0
2026-03-24,370.0,374.45001220703125,361.510009765625,363.8500061035156,1304843
2026-03-25,366.70001220703125,380.29998779296875,366.04998779296875,375.67999267578125,2649293
2026-03-26,372.5,374.0,359.0,359.92999267578125,2053453
2026-03-27,359.92999267578125,362.5,350.1000061035156,351.57000732421875,3430211
2026-03-30,353.0,353.0,320.1099853515625,329.3299865722656,3897991
2026-03-31,329.0199890136719,336.9700012207031,326.5,328.69000244140625,1861732
2026-04-01,336.0,355.20001220703125,333.0,348.82000732421875,4278988
2026-04-02,335.0,339.0,332.6199951171875,335.1400146484375,1844439
2026-04-03,332.79998779296875,346.8999938964844,329.0,337.2099914550781,2380646
2026-04-06,337.2099914550781,342.8999938964844,332.0,337.3699951171875,2431515
2026-04-07,335.55999755859375,337.8999938964844,332.5,336.32000732421875,1182209
2026-04-08,367.0,369.95001220703125,356.1000061035156,369.95001220703125,6192488
2026-04-09,367.989990234375,367.989990234375,357.04998779296875,363.25,3530910
2026-04-10,366.0,369.8999938964844,363.5199890136719,365.4200134277344,2903209
2026-04-13,354.510009765625,358.989990234375,348.0,350.1300048828125,2850338
2026-04-14,356.1099853515625,364.20001220703125,355.260009765625,362.2200012207031,1995341
2026-04-15,374.8999938964844,375.3999938964844,363.0,365.0,4050192
2026-04-16,369.8900146484375,374.0,368.0,369.32000732421875,2864456
2026-04-17,372.7200012207031,380.5,370.0199890136719,378.75,4647595
2026-04-20,374.5,387.70001220703125,369.5,378.30999755859375,4968374
2026-04-21,380.04998779296875,392.70001220703125,378.30999755859375,386.70001220703125,6383007
2026-04-22,386.0,397.6000061035156,382.510009765625,391.0799865722656,5174530
2026-04-23,389.5,393.8900146484375,386.7900085449219,390.1099853515625,2607401
2026-04-24,388.8999938964844,395.0,384.5,393.07000732421875,3332473
2026-04-27,390.25,394.8999938964844,385.79998779296875,387.32000732421875,2236284
2026-04-28,384.75,387.0,380.510009765625,383.25,2177920
2026-04-29,383.25,383.25,383.25,383.25,0
2026-04-30,363.510009765625,363.510009765625,352.75,357.70001220703125,3491137
2026-05-04,361.6400146484375,366.70001220703125,350.20001220703125,356.7099914550781,2064712
2026-05-05,349.8999938964844,357.989990234375,349.010009765625,356.05999755859375,2306235
2026-05-06,362.0,374.5,362.0,372.1499938964844,5157414
2026-05-07,373.989990234375,374.489990234375,368.5,370.510009765625,2732418
2026-05-08,368.0,369.45001220703125,364.0,364.9700012207031,1708430
2026-05-11,363.4800109863281,365.2300109863281,360.5,361.75,1115012
2026-05-12,362.0,364.0,355.57000732421875,356.25,1562716
2026-05-13,357.0,359.0,352.79998779296875,354.9100036621094,920230
2026-05-14,357.3999938964844,358.5,352.0,352.760009765625,2809695
2026-05-15,352.05999755859375,356.0,351.29998779296875,354.1400146484375,794334
2026-05-18,353.0,354.0,345.010009765625,346.6600036621094,1270861
2026-05-19,350.0199890136719,352.3999938964844,347.0,348.70001220703125,993697
2026-05-20,348.04998779296875,350.5899963378906,345.2200012207031,347.82000732421875,1492267
2026-05-21,352.0,353.2900085449219,350.0,350.8900146484375,1682711
2026-05-22,352.8999938964844,352.989990234375,345.0,346.3399963378906,1298700
2026-05-25,352.0,359.20001220703125,349.80999755859375,354.1600036621094,4870652
2026-05-26,354.1600036621094,354.1600036621094,354.1600036621094,354.1600036621094,0
2026-05-27,354.1600036621094,354.1600036621094,354.1600036621094,354.1600036621094,0
2026-05-28,354.1600036621094,354.1600036621094,354.1600036621094,354.1600036621094,0
2026-05-29,356.8999938964844,358.510009765625,355.0,355.4700012207031,3442404
2026-06-01,357.70001220703125,357.70001220703125,347.0,348.2099914550781,1673898
2026-06-02,348.5,351.8900146484375,346.5,348.7300109863281,1317489
2026-06-03,348.7300109863281,348.7300109863281,348.7300109863281,348.7300109863281,0
2026-06-04,346.79998779296875,353.70001220703125,346.0,351.19000244140625,1830695
2026-06-05,353.8800048828125,355.0,350.0,351.5,1453950
2026-06-08,348.0,350.510009765625,344.760009765625,349.2200012207031,1397339
2026-06-09,353.010009765625,353.9800109863281,348.94000244140625,349.5799865722656,1205796
2026-06-10,348.0,351.8800048828125,346.5,347.1400146484375,747083
2026-06-11,345.010009765625,350.3999938964844,345.010009765625,349.04998779296875,991784
2026-06-12,353.0,354.8999938964844,350.4100036621094,351.010009765625,2009871
2026-06-15,360.0,360.1000061035156,353.0,359.3900146484375,4898765
2026-06-16,362.0,368.1499938964844,361.1000061035156,365.95001220703125,5450434
2026-06-17,368.5,371.0,364.0,365.1400146484375,4041700
2026-06-18,366.95001220703125,368.0,359.75,361.0,3819990
2026-06-19,360.0,366.29998779296875,355.0299987792969,357.1400146484375,5046615
2026-06-22,359.94000244140625,359.94000244140625,352.010009765625,353.3999938964844,3445572
2026-06-23,354.989990234375,354.989990234375,351.0,351.9200134277344,2157069
2026-06-24,352.0,352.79998779296875,350.1099853515625,350.9100036621094,2737048
2026-06-25,350.9100036621094,350.9100036621094,350.9100036621094,350.9100036621094,0
2026-06-26,350.9100036621094,350.9100036621094,350.9100036621094,350.9100036621094,0
2026-06-29,350.0,352.2099914550781,339.989990234375,346.6199951171875,2560277
2026-06-30,346.6199951171875,349.4800109863281,338.1000061035156,342.3500061035156,2963633
2026-07-01,343.1000061035156,348.0,341.79998779296875,346.1199951171875,2785134
2026-07-02,347.510009765625,353.8500061035156,347.0,351.32000732421875,3720944
2026-07-03,352.0,353.8999938964844,349.54998779296875,350.6300048828125,2818921
2026-07-06,352.25,357.7900085449219,352.1300048828125,355.30999755859375,3862718
2026-07-07,356.0,359.0,352.0,352.32000732421875,3581220
2026-07-08,348.8399963378906,356.8299865722656,345.5,350.6600036621094,5481917
2026-07-09,350.5,352.70001220703125,348.20001220703125,350.6700134277344,2269347
2026-07-10,352.5,356.0,351.010009765625,354.29998779296875,1986584
2026-07-13,351.95001220703125,357.5,348.510009765625,356.6600036621094,4496960
2026-07-14,355.44000244140625,355.44000244140625,345.04998779296875,346.5899963378906,3052818
2026-07-15,347.0299987792969,351.5,346.04998779296875,350.6000061035156,1702024
2026-07-16,350.6000061035156,350.6000061035156,350.6000061035156,350.6000061035156,0
2026-07-17,354.1099853515625,354.69000244140625,347.0299987792969,347.6400146484375,2069338
2026-07-20,346.0,347.75,342.20001220703125,346.5199890136719,1649405
2026-07-21,349.0,353.5,346.0299987792969,346.95001220703125,2486635
2026-07-22,346.94000244140625,349.0,344.20001220703125,345.260009765625,1386852
2026-07-23,345.0,348.0,335.0199890136719,337.5400085449219,1816245
2026-07-24,336.0,340.20001220703125,332.2099914550781,337.1499938964844,1336129
2026-07-27,342.0199890136719,349.0,342.0,347.95001220703125,1734571
2026-07-28,348.489990234375,349.54998779296875,342.3699951171875,344.5899963378906,2268596
2026-07-29,342.75,344.0,339.6000061035156,340.3599853515625,1402691
2026-07-30,339.9800109863281,340.510009765625,336.0,337.07000732421875,1644272
2026-07-31,339.0,340.6499938964844,336.0,337.3500061035156,1566486
2026-08-03,342.2200012207031,351.0,339.55999755859375,347.489990234375,4337341
2026-08-04,350.5,357.7699890136719,349.0,353.6099853515625,8344351
2026-08-05,357.29998779296875,359.8999938964844,352.1000061035156,353.29998779296875,3114133
2026-08-06,354.0,357.79998779296875,351.5,352.3299865722656,2382732
2026-08-07,352.3299865722656,352.5,350.0,350.6700134277344,1569133
2026-08-10,352.0,354.25,350.0,353.42999267578125,1928818
2026-08-11,352.95001220703125,356.1000061035156,347.0199890136719,348.42999267578125,2836946
2026-08-12,348.510009765625,351.5,348.5,349.739990234375,992293
2026-08-13,350.5,354.1000061035156,348.0,350.6600036621094,3588665
2026-08-14,350.6600036621094,350.6600036621094,350.6600036621094,350.6600036621094,0
2026-08-17,351.510009765625,384.0,351.510009765625,382.0199890136719,22040309
2026-08-18,382.0199890136719,382.0199890136719,382.0199890136719,382.0199890136719,0
2026-08-19,385.0,387.989990234375,373.0,375.8500061035156,9055668
2026-08-20,382.0,390.9800109863281,373.04998779296875,376.1099853515625,18810902
2026-08-21,374.0,377.25,367.1000061035156,375.45001220703125,4134446
2026-08-24,379.45001220703125,384.3999938964844,373.54998779296875,375.4700012207031,5698581
2026-08-25,376.5,377.0,371.5,373.6700134277344,1377317
2026-08-26,373.6700134277344,373.6700134277344,373.6700134277344,373.6700134277344,0
2026-08-27,373.010009765625,374.95001220703125,361.510009765625,362.7699890136719,3234659
2026-08-28,362.010009765625,365.5,360.4100036621094,361.1400146484375,2322088
2026-08-31,360.8800048828125,368.8999938964844,357.510009765625,363.8399963378906,2541456
2026-09-01,365.25,370.8999938964844,364.0,364.9200134277344,3337078
2026-09-02,360.1099853515625,363.45001220703125,358.9200134277344,359.6300048828125,1405685
2026-09-03,360.1099853515625,362.5,359.0,359.67999267578125,1131799
2026-09-04,361.0,362.0,356.5,360.70001220703125,1480786
2026-09-08,359.1000061035156,360.75,352.7099914550781,355.1499938964844,829593
2026-09-09,355.6499938964844,356.3900146484375,352.0,352.7900085449219,556786
2026-09-10,351.510009765625,352.94000244140625,341.6199951171875,342.30999755859375,1667350
